matrix_id,candidate_id,vector,support,support_size,extended_support,extended_support_size,multiplier,is_ess,reason_ess,payoff,payoff_double
1,1,"1/2,1/2",3,2,3,2,,True,T_pd_dbl,1/2,0.5
2,1,"1,0",1,1,1,1,,True,T_pure_ess,3,3.0
2,2,"0,1",2,1,2,1,,True,T_pure_ess,4,4.0
3,1,"3/8,5/8,0",3,2,3,2,,True,T_pd_dbl,89/16,5.5625
4,1,"0,0,1",4,1,7,3,,False,F_not_copos,1,1.0
4,2,"1/2,1/2,0",3,2,3,2,,True,T_pd_dbl,3/2,1.5
5,1,"1/2,0,1/2",5,2,7,3,,False,F_not_pd_kay_0_1,1/4,0.25
5,2,"0,1/2,1/2",6,2,7,3,,False,F_not_pd_kay_0_1,1/4,0.25
6,1,"1/2,1/2,0",3,2,7,3,,False,F_not_pd_kay_0_1,1,1.0
6,2,"0,5/11,6/11",6,2,6,2,,True,T_pd_dbl,18/11,1.636364
7,1,"0,0,1,0",4,1,7,3,,False,F_not_copos,0,0.0
7,2,"0,0,0,1",8,1,11,3,,False,F_not_copos,0,0.0
7,3,"1/2,1/2,0,0",3,2,15,4,,False,F_not_copos,0,0.0
8,1,"3/11,3/11,0,5/11,0",11,3,11,3,5,True,T_pd_dbl,18/11,1.636364
9,1,"1/2,0,1/2,0,0",5,2,5,2,,True,T_pd_dbl,3/2,1.5
9,2,"0,1/2,1/2,0,0",6,2,6,2,,True,T_pd_dbl,3/2,1.5
9,3,"1/2,0,0,1/2,0",9,2,9,2,,True,T_pd_dbl,3/2,1.5
9,4,"0,1/2,0,1/2,0",10,2,10,2,,True,T_pd_dbl,3/2,1.5
9,5,"1/2,0,0,0,1/2",17,2,17,2,,True,T_pd_dbl,3/2,1.5
9,6,"0,1/2,0,0,1/2",18,2,18,2,,True,T_pd_dbl,3/2,1.5
10,1,"1/2,1/2,0,0,0,0",3,2,3,2,6,True,T_pd_dbl,1/2,0.5
10,2,"1/2,0,0,1/2,0,0",9,2,9,2,3,True,T_pd_dbl,1/2,0.5
11,1,"8/31,8/31,0,0,15/31,0,0",19,3,19,3,7,True,T_pd_dbl,128/31,4.129032
11,2,"5/12,0,1/6,0,5/12,0,0",21,3,21,3,7,True,T_pd_dbl,25/6,4.166667
12,1,"8/19,3/19,8/19,0,0,0,0",7,3,7,3,7,True,T_pd_dbl,128/19,6.736842
12,2,"13/50,0,12/25,0,13/50,0,0",21,3,21,3,7,True,T_pd_dbl,169/25,6.76
13,1,"77/312,23/312,77/312,0,0,45/104,0,0",39,4,39,4,8,True,T_pd_dbl,2255/312,7.227564
13,2,"13/36,0,5/36,5/36,0,13/36,0,0",45,4,45,4,8,True,T_pd_dbl,259/36,7.194444
13,3,"1/4,1/4,0,0,1/4,1/4,0,0",51,4,51,4,4,True,T_pd_dbl,29/4,7.25
14,1,"13/51,13/51,0,0,0,25/51,0,0,0",35,3,35,3,9,True,T_pd_dbl,338/51,6.627451
14,2,"20/49,0,13/98,0,0,45/98,0,0,0",37,3,37,3,18,True,T_pd_dbl,325/49,6.632653
14,3,"1/3,0,0,1/3,0,0,1/3,0,0",73,3,73,3,3,True,T_pd_dbl,20/3,6.666667
15,1,"19/52,7/52,7/52,19/52,0,0,0,0,0,0",15,4,15,4,10,True,T_pd_dbl,699/52,13.442308
15,2,"31/140,0,39/140,39/140,0,31/140,0,0,0,0",45,4,45,4,10,True,T_pd_dbl,1871/140,13.364286
15,3,"1263/4612,119/4612,0,2103/4612,0,0,1127/4612,0,0,0",75,4,75,4,20,True,T_pd_dbl,62011/4612,13.445577
15,4,"7/52,7/52,0,0,19/52,0,0,19/52,0,0",147,4,147,4,10,True,T_pd_dbl,699/52,13.442308
16,1,"18/97,23/194,0,15/97,0,47/194,0,0,29/97,0,0",299,5,299,5,22,True,T_pd_dbl,393/97,4.051546
16,2,"54/217,0,23/217,23/217,0,54/217,0,0,9/31,0,0",301,5,301,5,11,True,T_pd_dbl,878/217,4.046083
16,3,"6/53,12/53,0,0,12/53,6/53,0,0,17/53,0,0",307,5,307,5,11,True,T_pd_dbl,216/53,4.075472
16,4,"13/77,13/77,0,0,23/77,0,5/77,0,23/77,0,0",339,5,339,5,11,True,T_pd_dbl,314/77,4.077922
16,5,"16/59,0,6/59,0,15/59,0,6/59,0,16/59,0,0",341,5,341,5,11,True,T_pd_dbl,240/59,4.067797
17,1,"1500/5999,2999/5999,1500/5999,0,0,0,0,0,0,0,0",7,3,7,3,11,True,T_pd_dbl,45000/5999,7.50125
17,2,"980/2053,1023/2053,0,0,50/2053,0,0,0,0,0,0",19,3,19,3,22,True,T_pd_dbl,15400/2053,7.501218
17,3,"38/77,38/77,0,0,0,0,1/77,0,0,0,0",67,3,67,3,11,True,T_pd_dbl,2888/385,7.501299
17,4,"35/121,0,0,51/121,0,0,35/121,0,0,0,0",73,3,73,3,11,True,T_pd_dbl,980/121,8.099174
18,1,"59/443,325/886,325/886,59/443,0,0,0,0,0,0,0,0",15,4,15,4,12,True,T_pd_dbl,250043/886,282.215576
18,2,"1129413/5201954,2379963/5201954,1488733/5201954,0,0,203845/5201954,0,0,0,0,0,0",39,4,39,4,24,True,T_pd_dbl,1468244483/5201954,282.248648
18,3,"141/668,193/668,0,0,193/668,141/668,0,0,0,0,0,0",51,4,51,4,12,True,T_pd_dbl,47102/167,282.047904
18,4,"41499/165014,77113/165014,41499/165014,0,0,0,0,4903/165014,0,0,0,0",135,4,135,4,12,True,T_pd_dbl,46576665/165014,282.258869
18,5,"29645073/88515806,34973353/88515806,0,0,7357931/44257903,0,0,4590759/44257903,0,0,0,0",147,4,147,4,24,True,T_pd_dbl,24977779007/88515806,282.184393
18,6,"15/143,0,0,113/286,113/286,0,0,15/143,0,0,0,0",153,4,153,4,12,True,T_pd_dbl,80719/286,282.234266
18,7,"1/4,1/4,0,0,0,0,1/4,1/4,0,0,0,0",195,4,195,4,6,True,T_pd_dbl,282,282.0
18,8,"1/4,0,0,1/4,0,0,1/4,0,0,1/4,0,0",585,4,585,4,3,True,T_pd_dbl,1129/4,282.25
19,1,"25/187,137/374,137/374,25/187,0,0,0,0,0,0,0,0",15,4,15,4,12,True,T_pd_dbl,56169/374,150.184492
19,2,"5000/19931,18631/39862,5000/19931,0,0,0,0,1231/39862,0,0,0,0",135,4,2735,8,12,False,F_not_copos,2993100/19931,150.173097
19,3,"1/4,1/4,0,0,0,0,1/4,1/4,0,0,0,0",195,4,4095,12,6,False,F_not_copos,150,150.0
19,4,"1/4,0,0,1/4,0,0,1/4,0,0,1/4,0,0",585,4,4095,12,3,False,F_not_copos,150,150.0
19,5,"1231/59793,0,0,5000/19931,27331/59793,5000/19931,0,0,1231/59793,0,0,0",313,5,1405,8,12,False,F_not_part_copos,2993100/19931,150.173097
19,6,"1/6,1/4,0,0,1/6,0,0,1/4,1/6,0,0,0",403,5,4095,12,12,False,F_not_part_copos,150,150.0
19,7,"1/6,1/6,0,0,1/6,1/6,0,0,1/6,1/6,0,0",819,6,4095,12,4,False,F_not_part_copos,150,150.0
20,1,"1/2,1/2,0,0,0,0,0,0,0,0,0,0",3,2,2043,10,12,False,F_not_copos,146,146.0
20,2,"1/2,0,0,1/2,0,0,0,0,0,0,0,0",9,2,9,2,12,True,T_pd_dbl,293/2,146.5
20,3,"1/2,0,0,0,0,1/2,0,0,0,0,0,0",33,2,33,2,12,True,T_pd_dbl,293/2,146.5
21,1,"1001845/7477874,1368546/3738937,1368546/3738937,1001845/7477874,0,0,0,0,0,0,0,0",15,4,15,4,12,True,T_pd_dbl,63948157731025/7477874,8551649.537158
21,2,"13118561637446447517/62077646124396195470,28266550468086590183/62077646124396195470,1792026853878647271/6207764612439619547,0,0,277226548007668506/6207764612439619547,0,0,0,0,0,0",39,4,39,4,24,True,T_pd_dbl,106173255263225111871797151/12415529224879239094,8551649.578535
21,3,"1723921/8157682,1177460/4078841,0,0,1177460/4078841,1723921/8157682,0,0,0,0,0,0",51,4,51,4,12,True,T_pd_dbl,34880818551134/4078841,8551649.488454
21,4,"662003352975/2648012965846,1235314898071/2648012965846,662003352975/2648012965846,0,0,0,0,88691361825/2648012965846,0,0,0,0",135,4,135,4,12,True,T_pd_dbl,22644878994851056875/2648012965846,8551649.590438
21,5,"15917399760517186125/47752195321923855704,9415242544335901473/23876097660961927852,0,0,994837383786938219/5969024415240481963,0,0,5045611402439360881/47752195321923855704,0,0,0,0",147,4,147,4,24,True,T_pd_dbl,204180021242068674553558487/23876097660961927852,8551649.609639
21,6,"5081155/48088574,0,0,9481566/24044287,9481566/24044287,0,0,5081155/48088574,0,0,0,0",153,4,153,4,12,True,T_pd_dbl,205618317853850/24044287,8551649.622792
21,7,"1/4,1/4,0,0,0,0,1/4,1/4,0,0,0,0",195,4,195,4,6,True,T_pd_dbl,17103299/2,8551649.5
21,8,"1/4,0,0,1/4,0,0,1/4,0,0,1/4,0,0",585,4,585,4,3,True,T_pd_dbl,34206599/4,8551649.75
22,1,"203/2230,222/1115,0,321/1115,41/223,0,531/2230,0,0,0,0,0,0",91,5,91,5,26,True,T_pd_dbl,12037/1115,10.795516
22,2,"3/20,3/20,0,2/5,0,3/20,3/20,0,0,0,0,0,0",107,5,107,5,13,True,T_pd_dbl,54/5,10.8
22,3,"58/1335,913/5340,0,587/1780,0,1589/5340,0,169/1068,0,0,0,0,0",171,5,171,5,26,True,T_pd_dbl,28831/2670,10.798127
22,4,"41/223,0,222/1115,531/2230,0,321/1115,0,203/2230,0,0,0,0,0",173,5,173,5,26,True,T_pd_dbl,12037/1115,10.795516
22,5,"58/631,0,157/631,0,201/631,0,157/631,0,58/631,0,0,0,0",341,5,341,5,13,True,T_pd_dbl,6812/631,10.795563
22,6,"169/1068,0,0,1589/5340,58/1335,0,587/1780,0,0,913/5340,0,0,0",601,5,601,5,26,True,T_pd_dbl,28831/2670,10.798127
22,7,"58/631,58/631,0,0,157/631,0,0,201/631,0,0,157/631,0,0",1171,5,1171,5,13,True,T_pd_dbl,6812/631,10.795563
23,1,"7/66,8/33,10/33,8/33,7/66,0,0,0,0,0,0,0,0,0",31,5,31,5,14,True,T_pd_dbl,85/33,2.575758
23,2,"8/33,10/33,8/33,7/66,0,0,7/66,0,0,0,0,0,0,0",79,5,79,5,28,True,T_pd_dbl,85/33,2.575758
23,3,"10/33,8/33,7/66,0,0,7/66,8/33,0,0,0,0,0,0,0",103,5,103,5,28,True,T_pd_dbl,85/33,2.575758
23,4,"7/66,0,10/33,8/33,7/66,0,0,0,8/33,0,0,0,0,0",285,5,285,5,28,True,T_pd_dbl,85/33,2.575758
23,5,"8/33,0,8/33,7/66,0,0,7/66,0,10/33,0,0,0,0,0",333,5,333,5,28,True,T_pd_dbl,85/33,2.575758
23,6,"7/66,8/33,0,8/33,7/66,0,0,0,0,10/33,0,0,0,0",539,5,539,5,14,True,T_pd_dbl,85/33,2.575758
23,7,"8/33,10/33,0,7/66,0,0,7/66,0,0,8/33,0,0,0,0",587,5,587,5,28,True,T_pd_dbl,85/33,2.575758
23,8,"10/33,8/33,0,0,0,7/66,8/33,0,0,7/66,0,0,0,0",611,5,611,5,28,True,T_pd_dbl,85/33,2.575758
23,9,"8/33,10/33,8/33,0,0,0,7/66,0,0,0,7/66,0,0,0",1095,5,1095,5,14,True,T_pd_dbl,85/33,2.575758
23,10,"7/66,0,10/33,0,7/66,0,0,0,8/33,0,8/33,0,0,0",1301,5,1301,5,14,True,T_pd_dbl,85/33,2.575758
24,1,"55/1103,155/1103,221/1103,241/1103,221/1103,155/1103,55/1103,0,0,0,0,0,0,0,0",127,7,127,7,15,True,T_pd_dbl,7318/1103,6.634633
24,2,"241/1103,155/1103,221/1103,55/1103,221/1103,0,55/1103,0,155/1103,0,0,0,0,0,0",351,7,351,7,30,True,T_pd_dbl,7318/1103,6.634633
24,3,"221/1103,55/1103,155/1103,0,241/1103,0,155/1103,55/1103,221/1103,0,0,0,0,0,0",471,7,471,7,15,True,T_pd_dbl,7318/1103,6.634633
24,4,"55/1103,221/1103,221/1103,241/1103,155/1103,155/1103,0,0,0,55/1103,0,0,0,0,0",575,7,575,7,30,True,T_pd_dbl,7318/1103,6.634633
24,5,"241/1103,221/1103,221/1103,55/1103,155/1103,0,0,0,155/1103,55/1103,0,0,0,0,0",799,7,799,7,30,True,T_pd_dbl,7318/1103,6.634633
24,6,"221/1103,241/1103,155/1103,0,55/1103,0,0,55/1103,221/1103,155/1103,0,0,0,0,0",919,7,919,7,30,True,T_pd_dbl,7318/1103,6.634633
24,7,"55/1103,0,221/1103,55/1103,221/1103,0,241/1103,0,155/1103,0,155/1103,0,0,0,0",1373,7,1373,7,30,True,T_pd_dbl,7318/1103,6.634633
24,8,"55/1103,221/1103,221/1103,55/1103,0,0,0,0,155/1103,241/1103,155/1103,0,0,0,0",1807,7,1807,7,15,True,T_pd_dbl,7318/1103,6.634633
24,9,"155/1103,0,55/1103,221/1103,221/1103,55/1103,0,155/1103,0,0,0,241/1103,0,0,0",2237,7,2237,7,15,True,T_pd_dbl,7318/1103,6.634633
24,10,"221/1103,155/1103,241/1103,155/1103,221/1103,0,0,0,55/1103,0,0,55/1103,0,0,0",2335,7,2335,7,15,True,T_pd_dbl,7318/1103,6.634633
24,11,"221/1103,0,55/1103,155/1103,221/1103,0,0,155/1103,55/1103,0,0,241/1103,0,0,0",2461,7,2461,7,30,True,T_pd_dbl,7318/1103,6.634633
24,12,"221/1103,0,55/1103,0,221/1103,0,155/1103,155/1103,241/1103,0,0,55/1103,0,0,0",2517,7,2517,7,30,True,T_pd_dbl,7318/1103,6.634633
24,13,"221/1103,55/1103,0,0,55/1103,0,0,241/1103,221/1103,155/1103,0,155/1103,0,0,0",2963,7,2963,7,30,True,T_pd_dbl,7318/1103,6.634633
24,14,"155/1103,155/1103,0,0,0,55/1103,0,221/1103,241/1103,221/1103,0,55/1103,0,0,0",2979,7,2979,7,15,True,T_pd_dbl,7318/1103,6.634633
24,15,"55/1103,221/1103,0,0,155/1103,155/1103,0,0,221/1103,55/1103,0,0,241/1103,0,0",4915,7,4915,7,15,True,T_pd_dbl,7318/1103,6.634633
24,16,"55/1103,0,155/1103,0,221/1103,0,241/1103,0,221/1103,0,155/1103,0,55/1103,0,0",5461,7,5461,7,15,True,T_pd_dbl,7318/1103,6.634633
25,1,"11/164,29/164,21/82,21/82,29/164,11/164,0,0,0,0,0,0,0,0,0,0",63,6,63,6,16,True,T_pd_dbl,741/164,4.518293
25,2,"29/164,21/82,21/82,29/164,11/164,0,0,11/164,0,0,0,0,0,0,0,0",159,6,159,6,32,True,T_pd_dbl,741/164,4.518293
25,3,"21/82,21/82,29/164,11/164,0,0,11/164,29/164,0,0,0,0,0,0,0,0",207,6,207,6,32,True,T_pd_dbl,741/164,4.518293
25,4,"21/82,29/164,11/164,0,0,11/164,29/164,21/82,0,0,0,0,0,0,0,0",231,6,231,6,16,True,T_pd_dbl,741/164,4.518293
25,5,"11/164,0,21/82,21/82,29/164,11/164,0,0,0,29/164,0,0,0,0,0,0",573,6,573,6,32,True,T_pd_dbl,741/164,4.518293
25,6,"29/164,0,21/82,29/164,11/164,0,0,11/164,0,21/82,0,0,0,0,0,0",669,6,669,6,32,True,T_pd_dbl,741/164,4.518293
25,7,"21/82,0,29/164,11/164,0,0,11/164,29/164,0,21/82,0,0,0,0,0,0",717,6,717,6,16,True,T_pd_dbl,741/164,4.518293
25,8,"11/164,29/164,0,21/82,29/164,11/164,0,0,0,0,21/82,0,0,0,0,0",1083,6,1083,6,32,True,T_pd_dbl,741/164,4.518293
25,9,"29/164,21/82,0,29/164,11/164,0,0,11/164,0,0,21/82,0,0,0,0,0",1179,6,1179,6,32,True,T_pd_dbl,741/164,4.518293
25,10,"21/82,21/82,0,11/164,0,0,11/164,29/164,0,0,29/164,0,0,0,0,0",1227,6,1227,6,32,True,T_pd_dbl,741/164,4.518293
25,11,"21/82,29/164,0,0,0,11/164,29/164,21/82,0,0,11/164,0,0,0,0,0",1251,6,1251,6,32,True,T_pd_dbl,741/164,4.518293
25,12,"29/164,21/82,21/82,0,11/164,0,0,11/164,0,0,0,29/164,0,0,0,0",2199,6,2199,6,32,True,T_pd_dbl,741/164,4.518293
25,13,"21/82,21/82,29/164,0,0,0,11/164,29/164,0,0,0,11/164,0,0,0,0",2247,6,2247,6,32,True,T_pd_dbl,741/164,4.518293
25,14,"11/164,0,0,0,29/164,21/82,21/82,29/164,0,0,0,11/164,0,0,0,0",2289,6,2289,6,16,True,T_pd_dbl,741/164,4.518293
25,15,"11/164,0,21/82,0,29/164,11/164,0,0,0,29/164,0,21/82,0,0,0,0",2613,6,2613,6,32,True,T_pd_dbl,741/164,4.518293
25,16,"29/164,0,21/82,0,11/164,0,0,11/164,0,21/82,0,29/164,0,0,0,0",2709,6,2709,6,16,True,T_pd_dbl,741/164,4.518293
25,17,"11/164,29/164,0,0,29/164,11/164,0,0,0,0,21/82,21/82,0,0,0,0",3123,6,3123,6,16,True,T_pd_dbl,741/164,4.518293
25,18,"29/164,21/82,0,0,11/164,0,0,11/164,0,0,21/82,29/164,0,0,0,0",3219,6,3219,6,16,True,T_pd_dbl,741/164,4.518293
25,19,"11/164,0,21/82,21/82,0,11/164,0,0,0,29/164,0,0,29/164,0,0,0",4653,6,4653,6,16,True,T_pd_dbl,741/164,4.518293
25,20,"29/164,0,21/82,29/164,0,0,0,11/164,0,21/82,0,0,11/164,0,0,0",4749,6,4749,6,32,True,T_pd_dbl,741/164,4.518293
26,1,"28749164525/346394694152,21690736721/173197347076,19696997537/173197347076,20870507393/173197347076,19931699249/173197347076,20870507393/173197347076,19696997537/173197347076,21690736721/173197347076,28749164525/346394694152,0,0,0,0,0,0,0,0",511,9,511,9,17,True,T_pd_dbl,205991853749017/173197347076,1189.347627
26,2,"9803371950/57945710521,0,907719625/57945710521,8747445907/57945710521,16622828177/173837131563,23840250317/173837131563,16622828177/173837131563,8747445907/57945710521,907719625/57945710521,0,9803371950/57945710521,0,0,0,0,0,0",1533,9,1533,9,17,True,T_pd_dbl,206757281682346/173837131563,1189.373524
26,3,"11230724550337739682/64181286194914897573,29718511172899006527/705994148144063873303,85775416077354668259/705994148144063873303,55674302349519219895/2823976592576255493212,0,117016941643586817435/705994148144063873303,55130569348588754268/705994148144063873303,116787798951211494657/705994148144063873303,0,0,43877579492620363075/705994148144063873303,0,480923143266831310425/2823976592576255493212,0,0,0,0",5359,9,5359,9,34,True,T_pd_dbl,839686852017775217327851/705994148144063873303,1189.368006
26,4,"2883942495230659345/15722143828145984774,0,4277364191244370655/94332862968875908644,799106185129703991/7861071914072992387,1270614704769894389/23583215742218977161,7125614498508899473/47166431484437954322,4057120058967618973/47166431484437954322,2521615321557076459/15722143828145984774,0,0,14038844716104576475/94332862968875908644,0,1091017500868580725/15722143828145984774,0,0,0,0",5373,9,5373,9,34,True,T_pd_dbl,56098039993805648525399/47166431484437954322,1189.363669
26,5,"844318535075/5089391850548,0,258066733825/2544695925274,139654267405/5089391850548,0,212236749176/1272347962637,97821329220/1272347962637,212236749176/1272347962637,0,139654267405/5089391850548,258066733825/2544695925274,0,844318535075/5089391850548,0,0,0,0",5869,9,5869,9,17,True,T_pd_dbl,1513289632815759/1272347962637,1189.367749
26,6,"2512732925705/14240851031119,466809025645/14240851031119,1231402881280/14240851031119,0,0,2348791093597/14240851031119,1121379178665/14240851031119,2348791093597/14240851031119,0,0,1231402881280/14240851031119,466809025645/14240851031119,2512732925705/14240851031119,0,0,0,0",7399,9,7399,9,17,True,T_pd_dbl,16937576197251458/14240851031119,1189.36545
26,7,"151660205164/14847838391879,2270449141061/14847838391879,1248861733573/14847838391879,2398412840029/14847838391879,0,0,2398412840029/14847838391879,1248861733573/14847838391879,2270449141061/14847838391879,151660205164/14847838391879,0,0,0,2709070552225/14847838391879,0,0,0",9167,9,9167,9,17,True,T_pd_dbl,17659591181721954/14847838391879,1189.371188
26,8,"536323042657044088210/4995798993866671901713,406008379150251276065/9991597987733343803426,0,1830366803813915613007/9991597987733343803426,0,341894600990113146703/9991597987733343803426,1369979633228008977475/9991597987733343803426,104317752962677138701/908327089793940345766,772045912556718802095/9991597987733343803426,0,756689334167219534525/4995798993866671901713,0,0,768891310878180108450/4995798993866671901713,0,0,0",9707,9,9707,9,34,True,T_pd_dbl,11883671624815118203432657/9991597987733343803426,1189.36647
26,9,"13041888522267353185/82477009632418930347,0,0,45301184080429673111/274923365441396434490,25617317471558656178/412385048162094651735,8671311636964052464/82477009632418930347,12644665815492628027/117824299474884186210,38999123318987865519/274923365441396434490,1820566046801117303/63443853563399177190,0,49888707533886602627/274923365441396434490,0,0,2777093044798839315/54984673088279286898,0,0,0",9721,9,9721,9,34,True,T_pd_dbl,196191223225466516641063/164954019264837860694,1189.369159
26,10,"7452283862508064584395/392926933560799145500716,15642326567092289979122/98231733390199786375179,7880398086914295285722/98231733390199786375179,5247326220471504238418/32743911130066595458393,0,0,5278134976340464591826/32743911130066595458393,2780727258831836661606/32743911130066595458393,19518748089946378598615/130975644520266381833572,0,0,115970944782782632400/32743911130066595458393,0,5980132833942212214175/32743911130066595458393,0,0,0",10703,9,10703,9,34,True,T_pd_dbl,116833998220620000246942103/98231733390199786375179,1189.371237
26,11,"972268529838953339205/24769065793277410131964,84301844779081033665/728501935096394415646,0,3582613643874803946995/24769065793277410131964,0,0,988345045308385497906/6192266448319352532991,549122463362863182012/6192266448319352532991,3356177558147988279003/24769065793277410131964,0,984137244712059334537/12384532896638705065982,1312549606333128091821/24769065793277410131964,0,1140262302121166985396/6192266448319352532991,0,0,0",11723,9,11723,9,34,True,T_pd_dbl,7364841018906817392288857/6192266448319352532991,1189.36113
26,12,"54824864896891123047/467238849810787428860,27751064885217876823/233619424905393714430,10084677114782175884/116809712452696857215,5799462778090758546/116809712452696857215,39141783041467946287/233619424905393714430,0,0,39345698195939614791/233619424905393714430,17590203737506574607/467238849810787428860,0,0,17341845643558712111/233619424905393714430,0,0,42063219036264846731/233619424905393714430,0,0",18847,9,18847,9,34,True,T_pd_dbl,277859307774413872215173/233619424905393714430,1189.367313
26,13,"93196204767/1224957177980,90855575567/612478588990,15133389437/612478588990,0,111016185283/612478588990,0,15133389437/612478588990,90855575567/612478588990,93196204767/1224957177980,0,0,49072067233/306239294495,0,0,49072067233/306239294495,0,0",18903,9,18903,9,17,True,T_pd_dbl,728467044708593/612478588990,1189.375527
26,14,"1473959152389321101839/8717336087553020554154,143770131821554755524/4358668043776510277077,0,564373069577368303321/8717336087553020554154,1333487545019840265751/8717336087553020554154,174540782632807406259/8717336087553020554154,0,1568960898489530744611/8717336087553020554154,0,0,1098735935178187387075/8717336087553020554154,394707621816130282775/4358668043776510277077,0,0,713161598495297634350/4358668043776510277077,0,0",19643,9,19643,9,34,True,T_pd_dbl,10368189280484540871850553/8717336087553020554154,1189.37588
26,15,"216739827383/1623558241116,63902065811/811779120558,0,44976110041/1623558241116,69211511032/405889560279,0,0,69211511032/405889560279,44976110041/1623558241116,0,63902065811/811779120558,216739827383/1623558241116,0,0,72706503692/405889560279,0,0",19867,9,19867,9,17,True,T_pd_dbl,160918308339391/135296520093,1189.375072
26,16,"12701928652954313305452/89694786838977892227061,4463744127348014568996/89694786838977892227061,15746833839662515345125/89694786838977892227061,0,4513479337507009582463/89694786838977892227061,6300971330947473728162/89694786838977892227061,0,16812652722860906746293/89694786838977892227061,0,3744130219266890156085/89694786838977892227061,0,0,13419035327638794760110/89694786838977892227061,0,11992011280791974034375/89694786838977892227061,0,0",21175,9,21175,9,34,True,T_pd_dbl,106680096098034824877932852/89694786838977892227061,1189.367854
26,17,"11056721873/65068905389,52985806364/845895770057,6688771056/44520830003,0,0,6688771056/44520830003,52985806364/845895770057,11056721873/65068905389,0,0,20917279361/845895770057,0,156441529781/845895770057,0,20917279361/845895770057,0,0",21735,9,21735,9,17,True,T_pd_dbl,1006084543246652/845895770057,1189.371763
26,18,"46064570409/356085757657,0,56166512520/356085757657,0,14868475813/356085757657,27276873256/356085757657,0,67332893661/356085757657,0,27276873256/356085757657,14868475813/356085757657,0,56166512520/356085757657,0,46064570409/356085757657,0,0",22197,9,22197,9,17,True,T_pd_dbl,423516309105836/356085757657,1189.366045
26,19,"2070164379394681935751/18813422614064921485212,1187821926878618769731/9406711307032460742606,1168495818371965160617/18813422614064921485212,0,247184763769930039181/1567785217838743457101,0,0,1568025135743466296825/9406711307032460742606,814161225488873401375/18813422614064921485212,0,0,2285705152457000722349/18813422614064921485212,294644428196190447139/9406711307032460742606,0,567949315246114794593/3135570435677486914202,0,0",22935,9,22935,9,34,True,T_pd_dbl,11188048393604258601062185/9406711307032460742606,1189.368742
26,20,"527516940525/5769854264276,253888999025/2884927132138,0,464021267875/5769854264276,178629354936/1442463566069,167773376486/1442463566069,167773376486/1442463566069,178629354936/1442463566069,464021267875/5769854264276,0,253888999025/2884927132138,527516940525/5769854264276,0,0,0,0,0",3579,10,3579,10,17,False,F_not_pd_kay_0_1,1715574492222223/1442463566069,1189.336447
26,21,"10444698775042040280950/142191673433303241847351,7225940858318230337825/142191673433303241847351,23984814956018613461371/142191673433303241847351,0,4969368661609695589171/568766693733212967389404,22168614432778199509514/142191673433303241847351,38337252139068293294234/426575020299909725542053,8946227037209690802506/60939288614272817934579,25383725040025530700100/426575020299909725542053,10160324011600617571775/142191673433303241847351,0,0,99400331017156921005325/568766693733212967389404,0,0,0,0",5111,10,5111,10,34,False,F_not_pd_kay_0_1,507350999248501282976863801/426575020299909725542053,1189.359374
26,22,"1560262776494622463325/18729567371668125291508,611709450492693273992/4682391842917031322877,1472186377892777925521/18729567371668125291508,0,651191913214888355641/9364783685834062645754,613709230119833874626/4682391842917031322877,507141626148376296209/4682391842917031322877,603904459540987141143/4682391842917031322877,1500024763052958227475/18729567371668125291508,0,0,1664942788915611552575/18729567371668125291508,941953886837408033725/9364783685834062645754,0,0,0,0",6647,10,6647,10,34,False,F_not_pd_kay_0_1,5568928734232369258432159/4682391842917031322877,1189.334195
26,23,"733491589245/8721974958446,531585502601/4360987479223,530624440175/4360987479223,712774739101/8721974958446,0,712774739101/8721974958446,530624440175/4360987479223,531585502601/4360987479223,733491589245/8721974958446,0,0,0,790301265325/8721974958446,790301265325/8721974958446,0,0,0",12783,10,12783,10,17,False,F_not_pd_kay_0_1,5186657059857736/4360987479223,1189.330876
26,24,"254224182422/3465206761717,464446222123/3465206761717,557958530119/6930413523434,0,0,317683317305/3465206761717,417270393949/3465206761717,417270393949/3465206761717,317683317305/3465206761717,0,0,557958530119/6930413523434,464446222123/3465206761717,254224182422/3465206761717,0,0,0",14823,10,14823,10,17,False,F_not_pd_kay_0_1,4121277378879642/3465206761717,1189.330872
27,1,"91/1993,260/1993,410/1993,471/1993,410/1993,260/1993,91/1993,0,0,0,0,0,0,0,0,0,0,0",127,7,127,7,18,True,T_pd_dbl,11110/1993,5.574511
27,2,"260/1993,410/1993,471/1993,410/1993,260/1993,91/1993,0,0,91/1993,0,0,0,0,0,0,0,0,0",319,7,319,7,36,True,T_pd_dbl,11110/1993,5.574511
27,3,"410/1993,471/1993,410/1993,260/1993,91/1993,0,0,91/1993,260/1993,0,0,0,0,0,0,0,0,0",415,7,415,7,36,True,T_pd_dbl,11110/1993,5.574511
27,4,"471/1993,410/1993,260/1993,91/1993,0,0,91/1993,260/1993,410/1993,0,0,0,0,0,0,0,0,0",463,7,463,7,36,True,T_pd_dbl,11110/1993,5.574511
27,5,"91/1993,0,410/1993,471/1993,410/1993,260/1993,91/1993,0,0,0,260/1993,0,0,0,0,0,0,0",1149,7,1149,7,36,True,T_pd_dbl,11110/1993,5.574511
27,6,"260/1993,0,471/1993,410/1993,260/1993,91/1993,0,0,91/1993,0,410/1993,0,0,0,0,0,0,0",1341,7,1341,7,36,True,T_pd_dbl,11110/1993,5.574511
27,7,"410/1993,0,410/1993,260/1993,91/1993,0,0,91/1993,260/1993,0,471/1993,0,0,0,0,0,0,0",1437,7,1437,7,36,True,T_pd_dbl,11110/1993,5.574511
27,8,"91/1993,260/1993,0,471/1993,410/1993,260/1993,91/1993,0,0,0,0,410/1993,0,0,0,0,0,0",2171,7,2171,7,36,True,T_pd_dbl,11110/1993,5.574511
27,9,"260/1993,410/1993,0,410/1993,260/1993,91/1993,0,0,91/1993,0,0,471/1993,0,0,0,0,0,0",2363,7,2363,7,36,True,T_pd_dbl,11110/1993,5.574511
27,10,"410/1993,471/1993,0,260/1993,91/1993,0,0,91/1993,260/1993,0,0,410/1993,0,0,0,0,0,0",2459,7,2459,7,36,True,T_pd_dbl,11110/1993,5.574511
27,11,"471/1993,410/1993,0,91/1993,0,0,91/1993,260/1993,410/1993,0,0,260/1993,0,0,0,0,0,0",2507,7,2507,7,36,True,T_pd_dbl,11110/1993,5.574511
27,12,"410/1993,260/1993,0,0,0,91/1993,260/1993,410/1993,471/1993,0,0,91/1993,0,0,0,0,0,0",2531,7,2531,7,36,True,T_pd_dbl,11110/1993,5.574511
27,13,"91/1993,260/1993,410/1993,0,410/1993,260/1993,91/1993,0,0,0,0,0,471/1993,0,0,0,0,0",4215,7,4215,7,18,True,T_pd_dbl,11110/1993,5.574511
27,14,"260/1993,410/1993,471/1993,0,260/1993,91/1993,0,0,91/1993,0,0,0,410/1993,0,0,0,0,0",4407,7,4407,7,36,True,T_pd_dbl,11110/1993,5.574511
27,15,"410/1993,471/1993,410/1993,0,91/1993,0,0,91/1993,260/1993,0,0,0,260/1993,0,0,0,0,0",4503,7,4503,7,36,True,T_pd_dbl,11110/1993,5.574511
27,16,"471/1993,410/1993,260/1993,0,0,0,91/1993,260/1993,410/1993,0,0,0,91/1993,0,0,0,0,0",4551,7,4551,7,36,True,T_pd_dbl,11110/1993,5.574511
27,17,"91/1993,0,0,0,260/1993,410/1993,471/1993,410/1993,260/1993,0,0,0,91/1993,0,0,0,0,0",4593,7,4593,7,18,True,T_pd_dbl,11110/1993,5.574511
27,18,"91/1993,0,410/1993,0,410/1993,260/1993,91/1993,0,0,0,260/1993,0,471/1993,0,0,0,0,0",5237,7,5237,7,36,True,T_pd_dbl,11110/1993,5.574511
27,19,"260/1993,0,471/1993,0,260/1993,91/1993,0,0,91/1993,0,410/1993,0,410/1993,0,0,0,0,0",5429,7,5429,7,36,True,T_pd_dbl,11110/1993,5.574511
27,20,"91/1993,260/1993,0,0,410/1993,260/1993,91/1993,0,0,0,0,410/1993,471/1993,0,0,0,0,0",6259,7,6259,7,36,True,T_pd_dbl,11110/1993,5.574511
27,21,"260/1993,410/1993,0,0,260/1993,91/1993,0,0,91/1993,0,0,471/1993,410/1993,0,0,0,0,0",6451,7,6451,7,36,True,T_pd_dbl,11110/1993,5.574511
27,22,"260/1993,410/1993,471/1993,410/1993,0,91/1993,0,0,91/1993,0,0,0,0,260/1993,0,0,0,0",8495,7,8495,7,36,True,T_pd_dbl,11110/1993,5.574511
27,23,"410/1993,471/1993,410/1993,260/1993,0,0,0,91/1993,260/1993,0,0,0,0,91/1993,0,0,0,0",8591,7,8591,7,36,True,T_pd_dbl,11110/1993,5.574511
27,24,"91/1993,0,410/1993,471/1993,0,260/1993,91/1993,0,0,0,260/1993,0,0,410/1993,0,0,0,0",9325,7,9325,7,36,True,T_pd_dbl,11110/1993,5.574511
27,25,"260/1993,0,471/1993,410/1993,0,91/1993,0,0,91/1993,0,410/1993,0,0,260/1993,0,0,0,0",9517,7,9517,7,36,True,T_pd_dbl,11110/1993,5.574511
27,26,"410/1993,0,410/1993,260/1993,0,0,0,91/1993,260/1993,0,471/1993,0,0,91/1993,0,0,0,0",9613,7,9613,7,36,True,T_pd_dbl,11110/1993,5.574511
27,27,"91/1993,260/1993,0,471/1993,0,260/1993,91/1993,0,0,0,0,410/1993,0,410/1993,0,0,0,0",10347,7,10347,7,18,True,T_pd_dbl,11110/1993,5.574511
27,28,"260/1993,410/1993,0,410/1993,0,91/1993,0,0,91/1993,0,0,471/1993,0,260/1993,0,0,0,0",10539,7,10539,7,36,True,T_pd_dbl,11110/1993,5.574511
27,29,"410/1993,471/1993,0,260/1993,0,0,0,91/1993,260/1993,0,0,410/1993,0,91/1993,0,0,0,0",10635,7,10635,7,36,True,T_pd_dbl,11110/1993,5.574511
27,30,"260/1993,410/1993,471/1993,0,0,91/1993,0,0,91/1993,0,0,0,410/1993,260/1993,0,0,0,0",12583,7,12583,7,36,True,T_pd_dbl,11110/1993,5.574511
27,31,"410/1993,471/1993,410/1993,0,0,0,0,91/1993,260/1993,0,0,0,260/1993,91/1993,0,0,0,0",12679,7,12679,7,18,True,T_pd_dbl,11110/1993,5.574511
27,32,"91/1993,0,410/1993,471/1993,410/1993,0,91/1993,0,0,0,260/1993,0,0,0,260/1993,0,0,0",17501,7,17501,7,18,True,T_pd_dbl,11110/1993,5.574511
27,33,"260/1993,0,471/1993,410/1993,260/1993,0,0,0,91/1993,0,410/1993,0,0,0,91/1993,0,0,0",17693,7,17693,7,36,True,T_pd_dbl,11110/1993,5.574511
27,34,"260/1993,410/1993,0,410/1993,260/1993,0,0,0,91/1993,0,0,471/1993,0,0,91/1993,0,0,0",18715,7,18715,7,18,True,T_pd_dbl,11110/1993,5.574511
27,35,"91/1993,0,0,471/1993,410/1993,0,91/1993,0,0,0,260/1993,410/1993,0,0,260/1993,0,0,0",19545,7,19545,7,36,True,T_pd_dbl,11110/1993,5.574511
27,36,"91/1993,0,410/1993,0,410/1993,0,91/1993,0,0,0,260/1993,0,471/1993,0,260/1993,0,0,0",21589,7,21589,7,18,True,T_pd_dbl,11110/1993,5.574511
28,1,"899439/5452963,0,1979095/16358889,686083/16358889,3772741/16358889,0,1132875/5452963,296865/5452963,0,977811/5452963,0,0,0,0,0,0,0,0,0",733,7,733,7,38,True,T_pd_dbl,367027826/16358889,22.435987
28,2,"27407753/171030783,2509335/57010261,0,41241997/171030783,0,34410223/171030783,13868849/171030783,5663859/57010261,0,9860793/57010261,0,0,0,0,0,0,0,0,0",747,7,747,7,38,True,T_pd_dbl,3837156542/171030783,22.435473
28,3,"4431033/31970743,2463691/31970743,0,5081907/31970743,5197751/31970743,0,8260069/31970743,0,864383/31970743,5671909/31970743,0,0,0,0,0,0,0,0,0",859,7,859,7,38,True,T_pd_dbl,717306762/31970743,22.436349
28,4,"14654153/193375183,11504727/193375183,22227137/193375183,0,44414945/193375183,0,45371537/193375183,0,29640725/193375183,0,25561959/193375183,0,0,0,0,0,0,0,0",1367,7,1367,7,38,True,T_pd_dbl,4338340030/193375183,22.434833
28,5,"9151613/406277967,21501567/135425989,0,32505121/406277967,25556097/135425989,0,103229245/406277967,0,59574349/406277967,0,60644647/406277967,0,0,0,0,0,0,0,0",1371,7,1371,7,38,True,T_pd_dbl,9115325342/406277967,22.436179
28,6,"80249/848983,70281/848983,0,179227/848983,0,154567/848983,122171/848983,0,147169/848983,0,95319/848983,0,0,0,0,0,0,0,0",1387,7,1387,7,38,True,T_pd_dbl,19046694/848983,22.434718
28,7,"122171/848983,0,70281/848983,147169/848983,0,179227/848983,95319/848983,0,154567/848983,0,80249/848983,0,0,0,0,0,0,0,0",1389,7,1389,7,38,True,T_pd_dbl,19046694/848983,22.434718
28,8,"3113/26957,0,4381/26957,0,5389/26957,1191/26957,5389/26957,0,4381/26957,0,3113/26957,0,0,0,0,0,0,0,0",1397,7,1397,7,19,True,T_pd_dbl,604742/26957,22.433579
28,9,"864383/31970743,4431033/31970743,0,5081907/31970743,0,8260069/31970743,0,5671909/31970743,2463691/31970743,0,5197751/31970743,0,0,0,0,0,0,0,0",1451,7,1451,7,38,True,T_pd_dbl,717306762/31970743,22.436349
28,10,"31/257,0,31/257,31/257,0,71/257,0,31/257,31/257,0,31/257,0,0,0,0,0,0,0,0",1453,7,1453,7,19,True,T_pd_dbl,5766/257,22.435798
28,11,"1733/20911,2125/20911,0,3983/20911,0,5229/20911,0,3983/20911,0,2125/20911,1733/20911,0,0,0,0,0,0,0,0",1707,7,1707,7,19,True,T_pd_dbl,469142/20911,22.435178
28,12,"1215/12313,0,0,2679/12313,0,5137/36939,3301/36939,5137/36939,0,2679/12313,0,0,1215/12313,0,0,0,0,0,0",4841,7,4841,7,19,True,T_pd_dbl,828686/36939,22.433905
28,13,"2125/20911,0,0,3983/20911,1733/20911,0,5229/20911,0,1733/20911,3983/20911,0,0,2125/20911,0,0,0,0,0,0",4953,7,4953,7,19,True,T_pd_dbl,469142/20911,22.435178
28,14,"1347/22825,0,3101/22825,0,877/4565,0,469/2075,0,877/4565,0,3101/22825,0,1347/22825,0,0,0,0,0,0",5461,7,5461,7,19,True,T_pd_dbl,512062/22825,22.434261
28,15,"1875/10559,0,0,2457/10559,0,6251/31677,1733/31677,3371/31677,0,2037/10559,0,0,0,405/10559,0,0,0,0,0",8937,7,8937,7,38,True,T_pd_dbl,710698/31677,22.435774
28,16,"44601/259349,0,0,119687/778047,39393/259349,0,169907/778047,0,29849/778047,52917/259349,0,0,0,15957/259349,0,0,0,0,0",9049,7,9049,7,38,True,T_pd_dbl,17455450/778047,22.434956
28,17,"25556097/135425989,0,0,103229245/406277967,0,21501567/135425989,59574349/406277967,0,32505121/406277967,60644647/406277967,0,0,0,9151613/406277967,0,0,0,0,0",9065,7,9065,7,38,True,T_pd_dbl,9115325342/406277967,22.436179
28,18,"7401103/90222007,0,7358633/90222007,0,18817289/90222007,0,16661663/90222007,0,17256455/90222007,0,15125743/90222007,0,0,7601121/90222007,0,0,0,0,0",9557,7,9557,7,38,True,T_pd_dbl,2024008570/90222007,22.433646
28,19,"15957/259349,0,0,29849/778047,44601/259349,0,119687/778047,0,169907/778047,0,52917/259349,0,0,39393/259349,0,0,0,0,0",9561,7,9561,7,38,True,T_pd_dbl,17455450/778047,22.434956
28,20,"95319/848983,0,0,154567/848983,0,147169/848983,80249/848983,0,179227/848983,0,122171/848983,0,0,70281/848983,0,0,0,0,0",9577,7,9577,7,38,True,T_pd_dbl,19046694/848983,22.434718
28,21,"899439/5452963,296865/5452963,0,1979095/16358889,977811/5452963,0,3772741/16358889,0,0,1132875/5452963,0,0,0,0,686083/16358889,0,0,0,0",16987,7,16987,7,38,True,T_pd_dbl,367027826/16358889,22.435987
28,22,"117/599,0,319/5391,319/5391,1127/5391,0,1127/5391,0,0,1127/5391,0,0,0,0,319/5391,0,0,0,0",16989,7,16989,7,38,True,T_pd_dbl,40318/1797,22.436283
28,23,"2679/12313,0,0,5137/36939,1215/12313,1215/12313,5137/36939,0,0,2679/12313,0,0,0,0,3301/36939,0,0,0,0",17017,7,17017,7,19,True,T_pd_dbl,828686/36939,22.433905
28,24,"59574349/406277967,9151613/406277967,0,32505121/406277967,0,103229245/406277967,0,0,21501567/135425989,0,25556097/135425989,0,0,0,60644647/406277967,0,0,0,0",17707,7,17707,7,38,True,T_pd_dbl,9115325342/406277967,22.436179
28,25,"5081907/31970743,0,864383/31970743,2463691/31970743,0,8260069/31970743,0,0,5197751/31970743,0,5671909/31970743,0,0,0,4431033/31970743,0,0,0,0",17709,7,17709,7,38,True,T_pd_dbl,717306762/31970743,22.436349
28,26,"4437/32719,59207/1799545,0,0,23453/359909,75509/359909,0,0,262067/1799545,0,79803/359909,0,0,0,340411/1799545,0,0,0,0",17715,7,17715,7,38,True,T_pd_dbl,40372758/1799545,22.434981
28,27,"119687/778047,0,29849/778047,0,15957/259349,169907/778047,0,0,39393/259349,0,52917/259349,0,0,0,44601/259349,0,0,0,0",17717,7,17717,7,38,True,T_pd_dbl,17455450/778047,22.434956
28,28,"59207/1799545,262067/1799545,0,0,79803/359909,0,75509/359909,0,4437/32719,0,340411/1799545,0,0,0,23453/359909,0,0,0,0",17747,7,17747,7,38,True,T_pd_dbl,40372758/1799545,22.434981
28,29,"2037/10559,0,1733/31677,0,2457/10559,0,1875/10559,0,0,6251/31677,405/10559,0,0,0,3371/31677,0,0,0,0",18005,7,18005,7,38,True,T_pd_dbl,710698/31677,22.435774
28,30,"18817289/90222007,0,0,0,15125743/90222007,7358633/90222007,7601121/90222007,0,0,17256455/90222007,7401103/90222007,0,0,0,16661663/90222007,0,0,0,0",18033,7,18033,7,38,True,T_pd_dbl,2024008570/90222007,22.433646
28,31,"34410223/171030783,0,0,27407753/171030783,0,41241997/171030783,0,13868849/171030783,0,9860793/57010261,2509335/57010261,0,0,0,5663859/57010261,0,0,0,0",18089,7,18089,7,38,True,T_pd_dbl,3837156542/171030783,22.435473
28,32,"5389/26957,0,0,0,3113/26957,4381/26957,0,1191/26957,0,4381/26957,3113/26957,0,0,0,5389/26957,0,0,0,0",18097,7,18097,7,19,True,T_pd_dbl,604742/26957,22.433579
28,33,"899439/5452963,0,686083/16358889,0,1132875/5452963,0,977811/5452963,0,0,3772741/16358889,0,296865/5452963,0,0,1979095/16358889,0,0,0,0",19029,7,19029,7,38,True,T_pd_dbl,367027826/16358889,22.435987
28,34,"5137/36939,0,0,1215/12313,0,2679/12313,0,3301/36939,0,2679/12313,0,1215/12313,0,0,5137/36939,0,0,0,0",19113,7,19113,7,19,True,T_pd_dbl,828686/36939,22.433905
28,35,"1733/31677,405/10559,0,0,0,2457/10559,0,0,6251/31677,0,1875/10559,3371/31677,0,0,2037/10559,0,0,0,0",19747,7,19747,7,38,True,T_pd_dbl,710698/31677,22.435774
28,36,"13868849/171030783,0,2509335/57010261,0,0,41241997/171030783,0,0,34410223/171030783,0,27407753/171030783,5663859/57010261,0,0,9860793/57010261,0,0,0,0",19749,7,19749,7,38,True,T_pd_dbl,3837156542/171030783,22.435473
28,37,"9/65,0,9/65,0,0,9/65,9/65,0,0,9/65,0,9/65,0,0,0,11/65,0,0,0",35429,7,35429,7,19,True,T_pd_dbl,1458/65,22.430769
28,38,"1347/22825,877/4565,0,0,0,3101/22825,3101/22825,0,0,0,877/4565,1347/22825,0,0,0,469/2075,0,0,0",35939,7,35939,7,19,True,T_pd_dbl,512062/22825,22.434261
28,39,"25561959/193375183,0,0,29640725/193375183,11504727/193375183,0,45371537/193375183,0,0,44414945/193375183,0,0,22227137/193375183,0,0,14654153/193375183,0,0,0",37465,7,37465,7,38,True,T_pd_dbl,4338340030/193375183,22.434833
28,40,"15125743/90222007,0,0,17256455/90222007,0,7601121/90222007,16661663/90222007,0,0,18817289/90222007,0,0,7358633/90222007,0,0,7401103/90222007,0,0,0",37481,7,37481,7,38,True,T_pd_dbl,2024008570/90222007,22.433646
28,41,"14654153/193375183,29640725/193375183,0,0,0,22227137/193375183,25561959/193375183,0,0,0,44414945/193375183,0,11504727/193375183,0,0,45371537/193375183,0,0,0",37987,7,37987,7,38,True,T_pd_dbl,4338340030/193375183,22.434833
28,42,"23453/359909,0,59207/1799545,0,0,0,340411/1799545,0,0,4437/32719,262067/1799545,0,75509/359909,0,0,79803/359909,0,0,0",38469,7,38469,7,38,True,T_pd_dbl,40372758/1799545,22.434981
28,43,"2125/20911,2125/20911,0,0,0,3983/20911,0,1733/20911,0,0,5229/20911,0,0,1733/20911,0,3983/20911,0,0,0",42147,7,42147,7,19,True,T_pd_dbl,469142/20911,22.435178
28,44,"1347/22825,1347/22825,0,0,3101/22825,0,0,877/4565,0,0,469/2075,0,0,877/4565,0,0,3101/22825,0,0",74899,7,74899,7,19,True,T_pd_dbl,512062/22825,22.434261
28,45,"3113/26957,0,1191/26957,0,3113/26957,0,0,4381/26957,0,0,5389/26957,0,0,5389/26957,0,0,4381/26957,0,0",74901,7,74901,7,19,True,T_pd_dbl,604742/26957,22.433579
28,46,"4849/75340,10449/75340,0,1337/15068,15687/75340,0,15687/75340,1337/15068,0,10449/75340,4849/75340,0,0,0,0,0,0,0,0",1755,8,1755,8,19,False,F_not_pd_kay_0_1,1690121/75340,22.433249
28,47,"1177153/14606896,0,1883989/14606896,1209971/14606896,536331/14606896,3274075/14606896,0,3031271/14606896,0,2211939/14606896,0,1282167/14606896,0,0,0,0,0,0,0",2749,8,2749,8,38,False,F_not_pd_kay_0_1,327687069/14606896,22.433724
28,48,"373/4652,0,747/4652,0,765/4652,441/4652,441/4652,765/4652,0,747/4652,0,373/4652,0,0,0,0,0,0,0",2805,8,2805,8,19,False,F_not_pd_kay_0_1,104353/4652,22.431857
28,49,"441/4652,0,373/4652,765/4652,0,747/4652,747/4652,0,765/4652,373/4652,0,441/4652,0,0,0,0,0,0,0",2925,8,2925,8,19,False,F_not_pd_kay_0_1,104353/4652,22.431857
28,50,"1282167/14606896,536331/14606896,0,2211939/14606896,1883989/14606896,0,3031271/14606896,1177153/14606896,0,3274075/14606896,0,0,1209971/14606896,0,0,0,0,0,0",4827,8,4827,8,38,False,F_not_pd_kay_0_1,327687069/14606896,22.433724
28,51,"3529/90700,1207/18140,0,0,21577/90700,0,7137/90700,3349/18140,0,12177/90700,2611/18140,0,0,2089/18140,0,0,0,0,0",9939,8,9939,8,38,False,F_not_pd_kay_0_1,2034697/90700,22.433264
28,52,"2259/19000,0,0,253/3800,3771/19000,0,441/3800,441/3800,0,3771/19000,253/3800,0,0,2259/19000,0,0,0,0,0",9945,8,9945,8,19,False,F_not_pd_kay_0_1,426197/19000,22.431421
28,53,"4849/75340,0,1337/15068,0,15687/75340,0,10449/75340,10449/75340,0,15687/75340,0,1337/15068,0,4849/75340,0,0,0,0,0",10965,8,10965,8,19,False,F_not_pd_kay_0_1,1690121/75340,22.433249
28,54,"7137/90700,0,12177/90700,1207/18140,0,21577/90700,0,3349/18140,0,2611/18140,0,2089/18140,0,0,0,3529/90700,0,0,0",35501,8,35501,8,38,False,F_not_pd_kay_0_1,2034697/90700,22.433264
28,55,"1207/18140,2089/18140,7137/90700,0,0,21577/90700,0,12177/90700,0,0,3349/18140,3529/90700,0,0,0,2611/18140,0,0,0",36007,8,36007,8,38,False,F_not_pd_kay_0_1,2034697/90700,22.433264
28,56,"1209971/14606896,1282167/14606896,1177153/14606896,0,0,3274075/14606896,0,1883989/14606896,0,0,3031271/14606896,0,536331/14606896,0,0,2211939/14606896,0,0,0",38055,8,38055,8,38,False,F_not_pd_kay_0_1,327687069/14606896,22.433724
28,57,"2259/19000,0,253/3800,0,441/3800,0,3771/19000,0,0,3771/19000,0,441/3800,0,253/3800,0,2259/19000,0,0,0",43605,8,43605,8,19,False,F_not_pd_kay_0_1,426197/19000,22.431421
28,58,"2259/19000,441/3800,0,0,3771/19000,0,3771/19000,0,0,441/3800,2259/19000,0,0,0,253/3800,253/3800,0,0,0",50771,8,50771,8,19,False,F_not_pd_kay_0_1,426197/19000,22.431421
28,59,"4849/75340,1337/15068,0,0,10449/75340,0,15687/75340,0,0,15687/75340,0,10449/75340,0,0,1337/15068,4849/75340,0,0,0",51795,8,51795,8,19,False,F_not_pd_kay_0_1,1690121/75340,22.433249
28,60,"373/4652,373/4652,0,0,441/4652,0,747/4652,0,0,765/4652,0,765/4652,0,0,747/4652,0,441/4652,0,0",84563,8,84563,8,19,False,F_not_pd_kay_0_1,104353/4652,22.431857
29,1,"2/15,0,2/15,0,0,2/15,2/15,0,0,2/15,0,2/15,0,0,0,1/5,0,0,0",35429,7,441959,13,19,True,T_copos,8/5,1.6
29,2,"3/22,1/11,0,0,1/22,3/22,1/11,0,0,1/11,3/22,1/22,0,0,1/11,3/22,0,0,0",52851,10,388727,14,19,False,F_not_part_copos,35/22,1.590909
29,3,"3/22,1/22,0,1/11,1/11,0,1/11,1/11,0,1/22,3/22,0,0,3/22,0,0,3/22,0,0",75483,10,259803,14,19,False,F_not_part_copos,35/22,1.590909
29,4,"1/22,1/22,0,1/11,0,1/11,0,3/22,0,3/22,0,3/22,0,3/22,0,1/11,0,1/11,0",174763,10,502463,14,19,False,F_not_part_copos,35/22,1.590909
30,1,"307/8326,416/4163,676/4163,836/4163,836/4163,676/4163,416/4163,307/8326,0,0,0,0,0,0,0,0,0,0,0,0",255,8,255,8,20,True,T_pd_dbl,84967/8326,10.20502
30,2,"416/4163,676/4163,836/4163,836/4163,676/4163,416/4163,307/8326,0,0,307/8326,0,0,0,0,0,0,0,0,0,0",639,8,639,8,40,True,T_pd_dbl,84967/8326,10.20502
30,3,"676/4163,836/4163,836/4163,676/4163,416/4163,307/8326,0,0,307/8326,416/4163,0,0,0,0,0,0,0,0,0,0",831,8,831,8,40,True,T_pd_dbl,84967/8326,10.20502
30,4,"836/4163,836/4163,676/4163,416/4163,307/8326,0,0,307/8326,416/4163,676/4163,0,0,0,0,0,0,0,0,0,0",927,8,927,8,40,True,T_pd_dbl,84967/8326,10.20502
30,5,"836/4163,676/4163,416/4163,307/8326,0,0,307/8326,416/4163,676/4163,836/4163,0,0,0,0,0,0,0,0,0,0",975,8,975,8,20,True,T_pd_dbl,84967/8326,10.20502
30,6,"307/8326,0,676/4163,836/4163,836/4163,676/4163,416/4163,307/8326,0,0,0,416/4163,0,0,0,0,0,0,0,0",2301,8,2301,8,40,True,T_pd_dbl,84967/8326,10.20502
30,7,"416/4163,0,836/4163,836/4163,676/4163,416/4163,307/8326,0,0,307/8326,0,676/4163,0,0,0,0,0,0,0,0",2685,8,2685,8,40,True,T_pd_dbl,84967/8326,10.20502
30,8,"676/4163,0,836/4163,676/4163,416/4163,307/8326,0,0,307/8326,416/4163,0,836/4163,0,0,0,0,0,0,0,0",2877,8,2877,8,40,True,T_pd_dbl,84967/8326,10.20502
30,9,"836/4163,0,676/4163,416/4163,307/8326,0,0,307/8326,416/4163,676/4163,0,836/4163,0,0,0,0,0,0,0,0",2973,8,2973,8,20,True,T_pd_dbl,84967/8326,10.20502
30,10,"307/8326,416/4163,0,836/4163,836/4163,676/4163,416/4163,307/8326,0,0,0,0,676/4163,0,0,0,0,0,0,0",4347,8,4347,8,40,True,T_pd_dbl,84967/8326,10.20502
30,11,"416/4163,676/4163,0,836/4163,676/4163,416/4163,307/8326,0,0,307/8326,0,0,836/4163,0,0,0,0,0,0,0",4731,8,4731,8,40,True,T_pd_dbl,84967/8326,10.20502
30,12,"676/4163,836/4163,0,676/4163,416/4163,307/8326,0,0,307/8326,416/4163,0,0,836/4163,0,0,0,0,0,0,0",4923,8,4923,8,40,True,T_pd_dbl,84967/8326,10.20502
30,13,"836/4163,836/4163,0,416/4163,307/8326,0,0,307/8326,416/4163,676/4163,0,0,676/4163,0,0,0,0,0,0,0",5019,8,5019,8,40,True,T_pd_dbl,84967/8326,10.20502
30,14,"836/4163,676/4163,0,307/8326,0,0,307/8326,416/4163,676/4163,836/4163,0,0,416/4163,0,0,0,0,0,0,0",5067,8,5067,8,40,True,T_pd_dbl,84967/8326,10.20502
30,15,"676/4163,416/4163,0,0,0,307/8326,416/4163,676/4163,836/4163,836/4163,0,0,307/8326,0,0,0,0,0,0,0",5091,8,5091,8,40,True,T_pd_dbl,84967/8326,10.20502
30,16,"307/8326,416/4163,676/4163,0,836/4163,676/4163,416/4163,307/8326,0,0,0,0,0,836/4163,0,0,0,0,0,0",8439,8,8439,8,40,True,T_pd_dbl,84967/8326,10.20502
30,17,"416/4163,676/4163,836/4163,0,676/4163,416/4163,307/8326,0,0,307/8326,0,0,0,836/4163,0,0,0,0,0,0",8823,8,8823,8,40,True,T_pd_dbl,84967/8326,10.20502
30,18,"676/4163,836/4163,836/4163,0,416/4163,307/8326,0,0,307/8326,416/4163,0,0,0,676/4163,0,0,0,0,0,0",9015,8,9015,8,40,True,T_pd_dbl,84967/8326,10.20502
30,19,"836/4163,836/4163,676/4163,0,307/8326,0,0,307/8326,416/4163,676/4163,0,0,0,416/4163,0,0,0,0,0,0",9111,8,9111,8,40,True,T_pd_dbl,84967/8326,10.20502
30,20,"836/4163,676/4163,416/4163,0,0,0,307/8326,416/4163,676/4163,836/4163,0,0,0,307/8326,0,0,0,0,0,0",9159,8,9159,8,40,True,T_pd_dbl,84967/8326,10.20502
30,21,"307/8326,0,0,0,416/4163,676/4163,836/4163,836/4163,676/4163,416/4163,0,0,0,307/8326,0,0,0,0,0,0",9201,8,9201,8,20,True,T_pd_dbl,84967/8326,10.20502
30,22,"307/8326,0,676/4163,0,836/4163,676/4163,416/4163,307/8326,0,0,0,416/4163,0,836/4163,0,0,0,0,0,0",10485,8,10485,8,40,True,T_pd_dbl,84967/8326,10.20502
30,23,"416/4163,0,836/4163,0,676/4163,416/4163,307/8326,0,0,307/8326,0,676/4163,0,836/4163,0,0,0,0,0,0",10869,8,10869,8,40,True,T_pd_dbl,84967/8326,10.20502
30,24,"676/4163,0,836/4163,0,416/4163,307/8326,0,0,307/8326,416/4163,0,836/4163,0,676/4163,0,0,0,0,0,0",11061,8,11061,8,20,True,T_pd_dbl,84967/8326,10.20502
30,25,"307/8326,416/4163,0,0,836/4163,676/4163,416/4163,307/8326,0,0,0,0,676/4163,836/4163,0,0,0,0,0,0",12531,8,12531,8,40,True,T_pd_dbl,84967/8326,10.20502
30,26,"416/4163,676/4163,0,0,676/4163,416/4163,307/8326,0,0,307/8326,0,0,836/4163,836/4163,0,0,0,0,0,0",12915,8,12915,8,40,True,T_pd_dbl,84967/8326,10.20502
30,27,"676/4163,836/4163,0,0,416/4163,307/8326,0,0,307/8326,416/4163,0,0,836/4163,676/4163,0,0,0,0,0,0",13107,8,13107,8,20,True,T_pd_dbl,84967/8326,10.20502
30,28,"416/4163,676/4163,836/4163,836/4163,0,416/4163,307/8326,0,0,307/8326,0,0,0,0,676/4163,0,0,0,0,0",17007,8,17007,8,40,True,T_pd_dbl,84967/8326,10.20502
30,29,"676/4163,836/4163,836/4163,676/4163,0,307/8326,0,0,307/8326,416/4163,0,0,0,0,416/4163,0,0,0,0,0",17199,8,17199,8,40,True,T_pd_dbl,84967/8326,10.20502
30,30,"836/4163,836/4163,676/4163,416/4163,0,0,0,307/8326,416/4163,676/4163,0,0,0,0,307/8326,0,0,0,0,0",17295,8,17295,8,40,True,T_pd_dbl,84967/8326,10.20502
30,31,"416/4163,307/8326,0,0,0,416/4163,676/4163,836/4163,836/4163,676/4163,0,0,0,0,307/8326,0,0,0,0,0",17379,8,17379,8,40,True,T_pd_dbl,84967/8326,10.20502
30,32,"307/8326,0,0,307/8326,0,676/4163,836/4163,836/4163,676/4163,416/4163,0,0,0,0,416/4163,0,0,0,0,0",17385,8,17385,8,40,True,T_pd_dbl,84967/8326,10.20502
30,33,"307/8326,0,676/4163,836/4163,0,676/4163,416/4163,307/8326,0,0,0,416/4163,0,0,836/4163,0,0,0,0,0",18669,8,18669,8,40,True,T_pd_dbl,84967/8326,10.20502
30,34,"416/4163,0,836/4163,836/4163,0,416/4163,307/8326,0,0,307/8326,0,676/4163,0,0,676/4163,0,0,0,0,0",19053,8,19053,8,40,True,T_pd_dbl,84967/8326,10.20502
30,35,"676/4163,0,836/4163,676/4163,0,307/8326,0,0,307/8326,416/4163,0,836/4163,0,0,416/4163,0,0,0,0,0",19245,8,19245,8,40,True,T_pd_dbl,84967/8326,10.20502
30,36,"836/4163,0,676/4163,416/4163,0,0,0,307/8326,416/4163,676/4163,0,836/4163,0,0,307/8326,0,0,0,0,0",19341,8,19341,8,40,True,T_pd_dbl,84967/8326,10.20502
30,37,"307/8326,416/4163,0,836/4163,0,676/4163,416/4163,307/8326,0,0,0,0,676/4163,0,836/4163,0,0,0,0,0",20715,8,20715,8,40,True,T_pd_dbl,84967/8326,10.20502
30,38,"416/4163,676/4163,0,836/4163,0,416/4163,307/8326,0,0,307/8326,0,0,836/4163,0,676/4163,0,0,0,0,0",21099,8,21099,8,40,True,T_pd_dbl,84967/8326,10.20502
30,39,"676/4163,836/4163,0,676/4163,0,307/8326,0,0,307/8326,416/4163,0,0,836/4163,0,416/4163,0,0,0,0,0",21291,8,21291,8,40,True,T_pd_dbl,84967/8326,10.20502
30,40,"836/4163,836/4163,0,416/4163,0,0,0,307/8326,416/4163,676/4163,0,0,676/4163,0,307/8326,0,0,0,0,0",21387,8,21387,8,40,True,T_pd_dbl,84967/8326,10.20502
30,41,"307/8326,416/4163,676/4163,0,0,676/4163,416/4163,307/8326,0,0,0,0,0,836/4163,836/4163,0,0,0,0,0",24807,8,24807,8,20,True,T_pd_dbl,84967/8326,10.20502
30,42,"416/4163,676/4163,836/4163,0,0,416/4163,307/8326,0,0,307/8326,0,0,0,836/4163,676/4163,0,0,0,0,0",25191,8,25191,8,40,True,T_pd_dbl,84967/8326,10.20502
30,43,"676/4163,836/4163,836/4163,0,0,307/8326,0,0,307/8326,416/4163,0,0,0,676/4163,416/4163,0,0,0,0,0",25383,8,25383,8,40,True,T_pd_dbl,84967/8326,10.20502
30,44,"836/4163,836/4163,676/4163,0,0,0,0,307/8326,416/4163,676/4163,0,0,0,416/4163,307/8326,0,0,0,0,0",25479,8,25479,8,40,True,T_pd_dbl,84967/8326,10.20502
30,45,"307/8326,0,676/4163,836/4163,836/4163,0,416/4163,307/8326,0,0,0,416/4163,0,0,0,676/4163,0,0,0,0",35037,8,35037,8,40,True,T_pd_dbl,84967/8326,10.20502
30,46,"416/4163,0,836/4163,836/4163,676/4163,0,307/8326,0,0,307/8326,0,676/4163,0,0,0,416/4163,0,0,0,0",35421,8,35421,8,40,True,T_pd_dbl,84967/8326,10.20502
30,47,"676/4163,0,836/4163,676/4163,416/4163,0,0,0,307/8326,416/4163,0,836/4163,0,0,0,307/8326,0,0,0,0",35613,8,35613,8,40,True,T_pd_dbl,84967/8326,10.20502
30,48,"676/4163,0,307/8326,0,0,0,416/4163,676/4163,836/4163,836/4163,0,416/4163,0,0,0,307/8326,0,0,0,0",35781,8,35781,8,40,True,T_pd_dbl,84967/8326,10.20502
30,49,"416/4163,0,0,0,307/8326,0,676/4163,836/4163,836/4163,676/4163,0,307/8326,0,0,0,416/4163,0,0,0,0",35793,8,35793,8,20,True,T_pd_dbl,84967/8326,10.20502
30,50,"307/8326,416/4163,0,836/4163,836/4163,0,416/4163,307/8326,0,0,0,0,676/4163,0,0,676/4163,0,0,0,0",37083,8,37083,8,20,True,T_pd_dbl,84967/8326,10.20502
30,51,"416/4163,676/4163,0,836/4163,676/4163,0,307/8326,0,0,307/8326,0,0,836/4163,0,0,416/4163,0,0,0,0",37467,8,37467,8,40,True,T_pd_dbl,84967/8326,10.20502
30,52,"676/4163,836/4163,0,676/4163,416/4163,0,0,0,307/8326,416/4163,0,0,836/4163,0,0,307/8326,0,0,0,0",37659,8,37659,8,40,True,T_pd_dbl,84967/8326,10.20502
30,53,"676/4163,416/4163,0,0,0,0,416/4163,676/4163,836/4163,836/4163,0,0,307/8326,0,0,307/8326,0,0,0,0",37827,8,37827,8,40,True,T_pd_dbl,84967/8326,10.20502
30,54,"307/8326,0,0,836/4163,836/4163,0,416/4163,307/8326,0,0,0,416/4163,676/4163,0,0,676/4163,0,0,0,0",39129,8,39129,8,40,True,T_pd_dbl,84967/8326,10.20502
30,55,"416/4163,0,0,836/4163,676/4163,0,307/8326,0,0,307/8326,0,676/4163,836/4163,0,0,416/4163,0,0,0,0",39513,8,39513,8,20,True,T_pd_dbl,84967/8326,10.20502
30,56,"416/4163,676/4163,836/4163,0,676/4163,0,307/8326,0,0,307/8326,0,0,0,836/4163,0,416/4163,0,0,0,0",41559,8,41559,8,40,True,T_pd_dbl,84967/8326,10.20502
30,57,"676/4163,836/4163,836/4163,0,416/4163,0,0,0,307/8326,416/4163,0,0,0,676/4163,0,307/8326,0,0,0,0",41751,8,41751,8,40,True,T_pd_dbl,84967/8326,10.20502
30,58,"307/8326,0,676/4163,0,836/4163,0,416/4163,307/8326,0,0,0,416/4163,0,836/4163,0,676/4163,0,0,0,0",43221,8,43221,8,40,True,T_pd_dbl,84967/8326,10.20502
30,59,"416/4163,0,836/4163,0,676/4163,0,307/8326,0,0,307/8326,0,676/4163,0,836/4163,0,416/4163,0,0,0,0",43605,8,43605,8,20,True,T_pd_dbl,84967/8326,10.20502
30,60,"307/8326,416/4163,0,0,836/4163,0,416/4163,307/8326,0,0,0,0,676/4163,836/4163,0,676/4163,0,0,0,0",45267,8,45267,8,40,True,T_pd_dbl,84967/8326,10.20502
30,61,"416/4163,676/4163,0,0,676/4163,0,307/8326,0,0,307/8326,0,0,836/4163,836/4163,0,416/4163,0,0,0,0",45651,8,45651,8,40,True,T_pd_dbl,84967/8326,10.20502
30,62,"676/4163,836/4163,0,0,416/4163,0,0,0,307/8326,416/4163,0,0,836/4163,676/4163,0,307/8326,0,0,0,0",45843,8,45843,8,40,True,T_pd_dbl,84967/8326,10.20502
30,63,"676/4163,836/4163,836/4163,676/4163,0,0,0,0,307/8326,416/4163,0,0,0,0,416/4163,307/8326,0,0,0,0",49935,8,49935,8,20,True,T_pd_dbl,84967/8326,10.20502
30,64,"416/4163,676/4163,0,836/4163,0,0,307/8326,0,0,307/8326,0,0,836/4163,0,676/4163,416/4163,0,0,0,0",53835,8,53835,8,20,True,T_pd_dbl,84967/8326,10.20502
30,65,"416/4163,676/4163,836/4163,0,0,0,307/8326,0,0,307/8326,0,0,0,836/4163,676/4163,416/4163,0,0,0,0",57927,8,57927,8,20,True,T_pd_dbl,84967/8326,10.20502
30,66,"416/4163,676/4163,0,836/4163,676/4163,416/4163,0,0,0,307/8326,0,0,836/4163,0,0,0,307/8326,0,0,0",70203,8,70203,8,40,True,T_pd_dbl,84967/8326,10.20502
30,67,"836/4163,676/4163,0,307/8326,0,0,0,416/4163,676/4163,836/4163,0,0,416/4163,0,0,0,307/8326,0,0,0",70539,8,70539,8,40,True,T_pd_dbl,84967/8326,10.20502
30,68,"676/4163,416/4163,0,0,0,307/8326,0,676/4163,836/4163,836/4163,0,0,307/8326,0,0,0,416/4163,0,0,0",70563,8,70563,8,40,True,T_pd_dbl,84967/8326,10.20502
30,69,"307/8326,0,676/4163,0,836/4163,676/4163,0,307/8326,0,0,0,416/4163,0,836/4163,0,0,416/4163,0,0,0",75957,8,75957,8,40,True,T_pd_dbl,84967/8326,10.20502
30,70,"416/4163,0,836/4163,0,676/4163,416/4163,0,0,0,307/8326,0,676/4163,0,836/4163,0,0,307/8326,0,0,0",76341,8,76341,8,40,True,T_pd_dbl,84967/8326,10.20502
30,71,"416/4163,676/4163,0,0,676/4163,416/4163,0,0,0,307/8326,0,0,836/4163,836/4163,0,0,307/8326,0,0,0",78387,8,78387,8,20,True,T_pd_dbl,84967/8326,10.20502
30,72,"416/4163,0,836/4163,836/4163,0,416/4163,0,0,0,307/8326,0,676/4163,0,0,676/4163,0,307/8326,0,0,0",84525,8,84525,8,20,True,T_pd_dbl,84967/8326,10.20502
31,1,"231/6791,679/6791,1007/6791,1007/6791,943/6791,1007/6791,1007/6791,679/6791,231/6791,0,0,0,0,0,0,0,0,0,0,0,0",511,9,511,9,21,True,T_pd_dbl,76856/6791,11.317332
31,2,"1007/6791,679/6791,1007/6791,231/6791,943/6791,1007/6791,1007/6791,0,231/6791,0,679/6791,0,0,0,0,0,0,0,0,0,0",1407,9,1407,9,42,True,T_pd_dbl,76856/6791,11.317332
31,3,"1007/6791,231/6791,679/6791,0,1007/6791,943/6791,1007/6791,0,679/6791,231/6791,1007/6791,0,0,0,0,0,0,0,0,0,0",1911,9,1911,9,21,True,T_pd_dbl,76856/6791,11.317332
31,4,"231/6791,943/6791,1007/6791,1007/6791,679/6791,1007/6791,1007/6791,679/6791,0,0,0,231/6791,0,0,0,0,0,0,0,0,0",2303,9,2303,9,42,True,T_pd_dbl,76856/6791,11.317332
31,5,"1007/6791,943/6791,1007/6791,231/6791,679/6791,1007/6791,1007/6791,0,0,0,679/6791,231/6791,0,0,0,0,0,0,0,0,0",3199,9,3199,9,42,True,T_pd_dbl,76856/6791,11.317332
31,6,"1007/6791,1007/6791,679/6791,0,231/6791,943/6791,1007/6791,0,0,231/6791,1007/6791,679/6791,0,0,0,0,0,0,0,0,0",3703,9,3703,9,42,True,T_pd_dbl,76856/6791,11.317332
31,7,"1007/6791,231/6791,943/6791,0,1007/6791,679/6791,1007/6791,0,679/6791,0,1007/6791,0,231/6791,0,0,0,0,0,0,0,0",5495,9,5495,9,42,True,T_pd_dbl,76856/6791,11.317332
31,8,"679/6791,0,1007/6791,0,1007/6791,231/6791,943/6791,231/6791,1007/6791,0,1007/6791,0,679/6791,0,0,0,0,0,0,0,0",5621,9,5621,9,21,True,T_pd_dbl,76856/6791,11.317332
31,9,"1007/6791,1007/6791,943/6791,0,231/6791,679/6791,1007/6791,0,0,0,1007/6791,679/6791,231/6791,0,0,0,0,0,0,0,0",7287,9,7287,9,42,True,T_pd_dbl,76856/6791,11.317332
31,10,"679/6791,1007/6791,1007/6791,0,0,231/6791,943/6791,231/6791,0,0,1007/6791,1007/6791,679/6791,0,0,0,0,0,0,0,0",7399,9,7399,9,21,True,T_pd_dbl,76856/6791,11.317332
31,11,"1007/6791,679/6791,1007/6791,1007/6791,943/6791,1007/6791,231/6791,0,231/6791,0,0,0,0,679/6791,0,0,0,0,0,0,0",8575,9,8575,9,42,True,T_pd_dbl,76856/6791,11.317332
31,12,"1007/6791,231/6791,679/6791,1007/6791,1007/6791,943/6791,0,0,679/6791,231/6791,0,0,0,1007/6791,0,0,0,0,0,0,0",9023,9,9023,9,42,True,T_pd_dbl,76856/6791,11.317332
31,13,"679/6791,0,231/6791,943/6791,1007/6791,1007/6791,0,231/6791,1007/6791,679/6791,0,0,0,1007/6791,0,0,0,0,0,0,0",9149,9,9149,9,42,True,T_pd_dbl,76856/6791,11.317332
31,14,"943/6791,0,231/6791,679/6791,1007/6791,1007/6791,0,0,1007/6791,679/6791,231/6791,0,0,1007/6791,0,0,0,0,0,0,0",10045,9,10045,9,42,True,T_pd_dbl,76856/6791,11.317332
31,15,"943/6791,0,231/6791,0,1007/6791,1007/6791,679/6791,0,1007/6791,679/6791,1007/6791,0,0,231/6791,0,0,0,0,0,0,0",10101,9,10101,9,42,True,T_pd_dbl,76856/6791,11.317332
31,16,"1007/6791,943/6791,1007/6791,1007/6791,679/6791,1007/6791,231/6791,0,0,0,0,231/6791,0,679/6791,0,0,0,0,0,0,0",10367,9,10367,9,42,True,T_pd_dbl,76856/6791,11.317332
31,17,"1007/6791,1007/6791,679/6791,1007/6791,231/6791,943/6791,0,0,0,231/6791,0,679/6791,0,1007/6791,0,0,0,0,0,0,0",10815,9,10815,9,42,True,T_pd_dbl,76856/6791,11.317332
31,18,"679/6791,1007/6791,231/6791,943/6791,0,1007/6791,0,231/6791,0,679/6791,0,1007/6791,0,1007/6791,0,0,0,0,0,0,0",10927,9,10927,9,42,True,T_pd_dbl,76856/6791,11.317332
31,19,"231/6791,679/6791,0,1007/6791,0,1007/6791,0,679/6791,231/6791,1007/6791,0,1007/6791,0,943/6791,0,0,0,0,0,0,0",11179,9,11179,9,42,True,T_pd_dbl,76856/6791,11.317332
31,20,"943/6791,1007/6791,231/6791,679/6791,0,1007/6791,0,0,0,679/6791,231/6791,1007/6791,0,1007/6791,0,0,0,0,0,0,0",11823,9,11823,9,42,True,T_pd_dbl,76856/6791,11.317332
31,21,"943/6791,1007/6791,231/6791,0,0,1007/6791,679/6791,0,0,679/6791,1007/6791,1007/6791,0,231/6791,0,0,0,0,0,0,0",11879,9,11879,9,42,True,T_pd_dbl,76856/6791,11.317332
31,22,"1007/6791,679/6791,0,231/6791,0,1007/6791,0,0,231/6791,1007/6791,679/6791,1007/6791,0,943/6791,0,0,0,0,0,0,0",12075,9,12075,9,42,True,T_pd_dbl,76856/6791,11.317332
31,23,"1007/6791,679/6791,0,0,0,1007/6791,231/6791,0,231/6791,1007/6791,943/6791,1007/6791,0,679/6791,0,0,0,0,0,0,0",12131,9,12131,9,42,True,T_pd_dbl,76856/6791,11.317332
31,24,"1007/6791,231/6791,943/6791,1007/6791,1007/6791,679/6791,0,0,679/6791,0,0,0,231/6791,1007/6791,0,0,0,0,0,0,0",12607,9,12607,9,42,True,T_pd_dbl,76856/6791,11.317332
31,25,"1007/6791,1007/6791,943/6791,1007/6791,231/6791,679/6791,0,0,0,0,0,679/6791,231/6791,1007/6791,0,0,0,0,0,0,0",14399,9,14399,9,42,True,T_pd_dbl,76856/6791,11.317332
31,26,"679/6791,1007/6791,1007/6791,943/6791,0,231/6791,0,231/6791,0,0,0,1007/6791,679/6791,1007/6791,0,0,0,0,0,0,0",14511,9,14511,9,42,True,T_pd_dbl,76856/6791,11.317332
31,27,"231/6791,679/6791,1007/6791,1007/6791,0,0,0,679/6791,231/6791,0,0,1007/6791,1007/6791,943/6791,0,0,0,0,0,0,0",14735,9,14735,9,42,True,T_pd_dbl,76856/6791,11.317332
31,28,"943/6791,1007/6791,1007/6791,679/6791,0,231/6791,0,0,0,0,231/6791,1007/6791,679/6791,1007/6791,0,0,0,0,0,0,0",15407,9,15407,9,42,True,T_pd_dbl,76856/6791,11.317332
31,29,"7/159,23/159,23/159,23/159,23/159,23/159,23/159,7/159,0,0,0,0,0,0,7/159,0,0,0,0,0,0",16639,9,16639,9,21,True,T_pd_dbl,600/53,11.320755
31,30,"679/6791,1007/6791,1007/6791,679/6791,1007/6791,1007/6791,943/6791,0,0,0,231/6791,0,0,0,231/6791,0,0,0,0,0,0",17535,9,17535,9,42,True,T_pd_dbl,76856/6791,11.317332
31,31,"231/6791,231/6791,0,0,1007/6791,943/6791,1007/6791,0,679/6791,1007/6791,1007/6791,0,0,0,679/6791,0,0,0,0,0,0",18291,9,18291,9,42,True,T_pd_dbl,76856/6791,11.317332
31,32,"7/159,0,0,0,23/159,23/159,23/159,7/159,23/159,23/159,23/159,0,0,0,7/159,0,0,0,0,0,0",18417,9,18417,9,21,True,T_pd_dbl,600/53,11.320755
31,33,"231/6791,1007/6791,0,0,231/6791,943/6791,1007/6791,0,0,1007/6791,1007/6791,679/6791,0,0,679/6791,0,0,0,0,0,0",20083,9,20083,9,42,True,T_pd_dbl,76856/6791,11.317332
31,34,"7/159,23/159,0,0,0,23/159,23/159,7/159,0,23/159,23/159,23/159,0,0,7/159,0,0,0,0,0,0",20195,9,20195,9,42,True,T_pd_dbl,600/53,11.320755
31,35,"231/6791,231/6791,943/6791,0,1007/6791,0,1007/6791,0,679/6791,0,1007/6791,0,1007/6791,0,679/6791,0,0,0,0,0,0",21847,9,21847,9,42,True,T_pd_dbl,76856/6791,11.317332
31,36,"7/159,0,23/159,0,23/159,0,23/159,7/159,23/159,0,23/159,0,23/159,0,7/159,0,0,0,0,0,0",21973,9,21973,9,21,True,T_pd_dbl,600/53,11.320755
31,37,"231/6791,1007/6791,943/6791,0,231/6791,0,1007/6791,0,0,0,1007/6791,679/6791,1007/6791,0,679/6791,0,0,0,0,0,0",23639,9,23639,9,42,True,T_pd_dbl,76856/6791,11.317332
31,38,"7/159,23/159,23/159,0,0,0,23/159,7/159,0,0,23/159,23/159,23/159,0,7/159,0,0,0,0,0,0",23751,9,23751,9,42,True,T_pd_dbl,600/53,11.320755
31,39,"679/6791,1007/6791,1007/6791,943/6791,1007/6791,1007/6791,679/6791,0,0,0,0,0,0,231/6791,231/6791,0,0,0,0,0,0",24703,9,24703,9,21,True,T_pd_dbl,76856/6791,11.317332
31,40,"231/6791,231/6791,0,1007/6791,1007/6791,943/6791,0,0,679/6791,1007/6791,0,0,0,1007/6791,679/6791,0,0,0,0,0,0",25403,9,25403,9,42,True,T_pd_dbl,76856/6791,11.317332
31,41,"231/6791,1007/6791,0,1007/6791,231/6791,943/6791,0,0,0,1007/6791,0,679/6791,0,1007/6791,679/6791,0,0,0,0,0,0",27195,9,27195,9,42,True,T_pd_dbl,76856/6791,11.317332
31,42,"7/159,23/159,0,23/159,0,23/159,0,7/159,0,23/159,0,23/159,0,23/159,7/159,0,0,0,0,0,0",27307,9,27307,9,21,True,T_pd_dbl,600/53,11.320755
31,43,"231/6791,231/6791,943/6791,1007/6791,1007/6791,0,0,0,679/6791,0,0,0,1007/6791,1007/6791,679/6791,0,0,0,0,0,0",28959,9,28959,9,42,True,T_pd_dbl,76856/6791,11.317332
31,44,"231/6791,1007/6791,943/6791,1007/6791,231/6791,0,0,0,0,0,0,679/6791,1007/6791,1007/6791,679/6791,0,0,0,0,0,0",30751,9,30751,9,21,True,T_pd_dbl,76856/6791,11.317332
31,45,"7/159,23/159,23/159,23/159,0,0,0,7/159,0,0,0,23/159,23/159,23/159,7/159,0,0,0,0,0,0",30863,9,30863,9,21,True,T_pd_dbl,600/53,11.320755
31,46,"23/159,7/159,23/159,0,23/159,23/159,23/159,0,7/159,0,23/159,0,0,0,0,7/159,0,0,0,0,0",34167,9,34167,9,42,True,T_pd_dbl,600/53,11.320755
31,47,"679/6791,0,1007/6791,0,1007/6791,1007/6791,943/6791,231/6791,231/6791,0,1007/6791,0,0,0,0,679/6791,0,0,0,0,0",34293,9,34293,9,42,True,T_pd_dbl,76856/6791,11.317332
31,48,"1007/6791,679/6791,1007/6791,0,679/6791,1007/6791,1007/6791,0,0,0,943/6791,231/6791,0,0,0,231/6791,0,0,0,0,0",35959,9,35959,9,42,True,T_pd_dbl,76856/6791,11.317332
31,49,"231/6791,0,1007/6791,0,679/6791,1007/6791,1007/6791,679/6791,0,0,943/6791,231/6791,0,0,0,1007/6791,0,0,0,0,0",36085,9,36085,9,42,True,T_pd_dbl,76856/6791,11.317332
31,50,"23/159,7/159,23/159,23/159,23/159,23/159,0,0,7/159,0,0,0,0,23/159,0,7/159,0,0,0,0,0",41279,9,41279,9,42,True,T_pd_dbl,600/53,11.320755
31,51,"679/6791,0,1007/6791,943/6791,1007/6791,1007/6791,0,231/6791,231/6791,0,0,0,0,1007/6791,0,679/6791,0,0,0,0,0",41405,9,41405,9,42,True,T_pd_dbl,76856/6791,11.317332
31,52,"943/6791,0,1007/6791,679/6791,1007/6791,1007/6791,0,0,231/6791,0,231/6791,0,0,1007/6791,0,679/6791,0,0,0,0,0",42301,9,42301,9,42,True,T_pd_dbl,76856/6791,11.317332
31,53,"943/6791,0,1007/6791,0,1007/6791,1007/6791,679/6791,0,231/6791,0,1007/6791,0,0,231/6791,0,679/6791,0,0,0,0,0",42357,9,42357,9,42,True,T_pd_dbl,76856/6791,11.317332
31,54,"1007/6791,679/6791,1007/6791,1007/6791,679/6791,1007/6791,0,0,0,0,0,231/6791,0,943/6791,0,231/6791,0,0,0,0,0",43071,9,43071,9,21,True,T_pd_dbl,76856/6791,11.317332
31,55,"231/6791,0,1007/6791,1007/6791,679/6791,1007/6791,0,679/6791,0,0,0,231/6791,0,943/6791,0,1007/6791,0,0,0,0,0",43197,9,43197,9,42,True,T_pd_dbl,76856/6791,11.317332
31,56,"1007/6791,0,1007/6791,231/6791,679/6791,1007/6791,0,0,0,0,679/6791,231/6791,0,943/6791,0,1007/6791,0,0,0,0,0",44093,9,44093,9,42,True,T_pd_dbl,76856/6791,11.317332
31,57,"1007/6791,0,1007/6791,0,679/6791,1007/6791,231/6791,0,0,0,943/6791,231/6791,0,679/6791,0,1007/6791,0,0,0,0,0",44149,9,44149,9,42,True,T_pd_dbl,76856/6791,11.317332
31,58,"943/6791,231/6791,231/6791,0,0,1007/6791,0,0,0,679/6791,1007/6791,1007/6791,0,1007/6791,0,679/6791,0,0,0,0,0",44583,9,44583,9,42,True,T_pd_dbl,76856/6791,11.317332
31,59,"23/159,7/159,0,0,0,23/159,0,0,7/159,23/159,23/159,23/159,0,23/159,0,7/159,0,0,0,0,0",44835,9,44835,9,42,True,T_pd_dbl,600/53,11.320755
31,60,"943/6791,231/6791,1007/6791,0,0,231/6791,0,0,0,0,1007/6791,1007/6791,679/6791,1007/6791,0,679/6791,0,0,0,0,0",48167,9,48167,9,42,True,T_pd_dbl,76856/6791,11.317332
31,61,"23/159,7/159,23/159,0,0,0,0,0,7/159,0,23/159,23/159,23/159,23/159,0,7/159,0,0,0,0,0",48391,9,48391,9,21,True,T_pd_dbl,600/53,11.320755
31,62,"679/6791,231/6791,1007/6791,0,1007/6791,1007/6791,943/6791,0,0,0,1007/6791,0,0,0,231/6791,679/6791,0,0,0,0,0",50295,9,50295,9,42,True,T_pd_dbl,76856/6791,11.317332
31,63,"231/6791,943/6791,231/6791,1007/6791,0,1007/6791,1007/6791,679/6791,0,0,0,1007/6791,0,0,0,0,679/6791,0,0,0,0",67823,9,67823,9,42,True,T_pd_dbl,76856/6791,11.317332
31,64,"231/6791,679/6791,0,1007/6791,0,1007/6791,1007/6791,679/6791,231/6791,0,0,1007/6791,0,0,0,0,943/6791,0,0,0,0",68075,9,68075,9,42,True,T_pd_dbl,76856/6791,11.317332
31,65,"231/6791,0,0,1007/6791,679/6791,1007/6791,1007/6791,679/6791,1007/6791,0,0,231/6791,0,0,0,0,943/6791,0,0,0,0",68089,9,68089,9,21,True,T_pd_dbl,76856/6791,11.317332
31,66,"1007/6791,943/6791,231/6791,231/6791,0,1007/6791,1007/6791,0,0,0,679/6791,1007/6791,0,0,0,0,679/6791,0,0,0,0",68719,9,68719,9,42,True,T_pd_dbl,76856/6791,11.317332
31,67,"1007/6791,679/6791,0,231/6791,0,1007/6791,1007/6791,0,231/6791,0,679/6791,1007/6791,0,0,0,0,943/6791,0,0,0,0",68971,9,68971,9,21,True,T_pd_dbl,76856/6791,11.317332
31,68,"23/159,23/159,7/159,0,0,23/159,23/159,0,0,7/159,23/159,23/159,0,0,0,0,7/159,0,0,0,0",69223,9,69223,9,21,True,T_pd_dbl,600/53,11.320755
31,69,"1007/6791,0,679/6791,0,1007/6791,679/6791,1007/6791,0,943/6791,0,1007/6791,0,231/6791,0,0,0,231/6791,0,0,0,0",71029,9,71029,9,42,True,T_pd_dbl,76856/6791,11.317332
31,70,"1007/6791,1007/6791,679/6791,0,0,679/6791,1007/6791,0,0,0,1007/6791,943/6791,231/6791,0,0,0,231/6791,0,0,0,0",72807,9,72807,9,42,True,T_pd_dbl,76856/6791,11.317332
31,71,"1007/6791,231/6791,0,0,0,679/6791,1007/6791,0,679/6791,0,1007/6791,943/6791,231/6791,0,0,0,1007/6791,0,0,0,0",73059,9,73059,9,42,True,T_pd_dbl,76856/6791,11.317332
31,72,"1007/6791,0,0,0,231/6791,679/6791,1007/6791,0,943/6791,0,1007/6791,679/6791,231/6791,0,0,0,1007/6791,0,0,0,0",73073,9,73073,9,21,True,T_pd_dbl,76856/6791,11.317332
31,73,"231/6791,0,231/6791,0,0,0,1007/6791,679/6791,1007/6791,0,943/6791,1007/6791,1007/6791,0,0,0,679/6791,0,0,0,0",73157,9,73157,9,42,True,T_pd_dbl,76856/6791,11.317332
31,74,"1007/6791,0,231/6791,1007/6791,943/6791,1007/6791,231/6791,0,1007/6791,0,0,0,0,679/6791,0,0,679/6791,0,0,0,0",74109,9,74109,9,21,True,T_pd_dbl,76856/6791,11.317332
31,75,"23/159,0,7/159,23/159,23/159,23/159,0,0,23/159,7/159,0,0,0,23/159,0,0,7/159,0,0,0,0",74557,9,74557,9,42,True,T_pd_dbl,600/53,11.320755
31,76,"1007/6791,943/6791,231/6791,1007/6791,0,1007/6791,231/6791,0,0,0,0,1007/6791,0,679/6791,0,0,679/6791,0,0,0,0",75887,9,75887,9,42,True,T_pd_dbl,76856/6791,11.317332
31,77,"1007/6791,679/6791,0,1007/6791,0,1007/6791,231/6791,0,231/6791,0,0,1007/6791,0,679/6791,0,0,943/6791,0,0,0,0",76139,9,76139,9,42,True,T_pd_dbl,76856/6791,11.317332
31,78,"1007/6791,0,0,1007/6791,679/6791,1007/6791,231/6791,0,1007/6791,0,0,231/6791,0,679/6791,0,0,943/6791,0,0,0,0",76153,9,76153,9,42,True,T_pd_dbl,76856/6791,11.317332
31,79,"23/159,23/159,7/159,23/159,0,23/159,0,0,0,7/159,0,23/159,0,23/159,0,0,7/159,0,0,0,0",76335,9,76335,9,42,True,T_pd_dbl,600/53,11.320755
31,80,"1007/6791,679/6791,0,1007/6791,0,1007/6791,0,0,231/6791,231/6791,0,1007/6791,0,943/6791,0,0,679/6791,0,0,0,0",76587,9,76587,9,42,True,T_pd_dbl,76856/6791,11.317332
31,81,"1007/6791,0,0,1007/6791,679/6791,1007/6791,0,0,1007/6791,231/6791,0,231/6791,0,943/6791,0,0,679/6791,0,0,0,0",76601,9,76601,9,42,True,T_pd_dbl,76856/6791,11.317332
31,82,"1007/6791,0,679/6791,1007/6791,1007/6791,679/6791,0,0,943/6791,0,0,0,231/6791,1007/6791,0,0,231/6791,0,0,0,0",78141,9,78141,9,42,True,T_pd_dbl,76856/6791,11.317332
31,83,"1007/6791,231/6791,0,1007/6791,0,679/6791,0,0,679/6791,0,0,943/6791,231/6791,1007/6791,0,0,1007/6791,0,0,0,0",80171,9,80171,9,42,True,T_pd_dbl,76856/6791,11.317332
31,84,"1007/6791,0,0,1007/6791,231/6791,679/6791,0,0,943/6791,0,0,679/6791,231/6791,1007/6791,0,0,1007/6791,0,0,0,0",80185,9,80185,9,21,True,T_pd_dbl,76856/6791,11.317332
31,85,"231/6791,0,231/6791,1007/6791,0,0,0,679/6791,1007/6791,0,0,1007/6791,1007/6791,943/6791,0,0,679/6791,0,0,0,0",80269,9,80269,9,42,True,T_pd_dbl,76856/6791,11.317332
31,86,"1007/6791,0,231/6791,231/6791,0,0,0,0,1007/6791,0,679/6791,1007/6791,1007/6791,943/6791,0,0,679/6791,0,0,0,0",81165,9,81165,9,42,True,T_pd_dbl,76856/6791,11.317332
31,87,"1007/6791,0,231/6791,0,0,0,231/6791,0,1007/6791,0,943/6791,1007/6791,1007/6791,679/6791,0,0,679/6791,0,0,0,0",81221,9,81221,9,42,True,T_pd_dbl,76856/6791,11.317332
31,88,"7/159,23/159,0,23/159,0,23/159,23/159,7/159,0,0,0,23/159,0,0,7/159,0,23/159,0,0,0,0",84203,9,84203,9,42,True,T_pd_dbl,600/53,11.320755
31,89,"679/6791,1007/6791,0,679/6791,0,1007/6791,943/6791,0,0,0,231/6791,1007/6791,0,0,231/6791,0,1007/6791,0,0,0,0",85099,9,85099,9,42,True,T_pd_dbl,76856/6791,11.317332
31,90,"679/6791,1007/6791,0,0,0,1007/6791,943/6791,0,0,679/6791,1007/6791,1007/6791,0,0,231/6791,0,231/6791,0,0,0,0",85603,9,85603,9,42,True,T_pd_dbl,76856/6791,11.317332
31,91,"231/6791,0,679/6791,0,1007/6791,0,1007/6791,0,943/6791,0,1007/6791,0,1007/6791,0,679/6791,0,231/6791,0,0,0,0",87381,9,87381,9,21,True,T_pd_dbl,76856/6791,11.317332
31,92,"231/6791,1007/6791,679/6791,0,0,0,1007/6791,0,0,0,1007/6791,943/6791,1007/6791,0,679/6791,0,231/6791,0,0,0,0",89159,9,89159,9,42,True,T_pd_dbl,76856/6791,11.317332
31,93,"231/6791,231/6791,0,0,0,0,1007/6791,0,679/6791,0,1007/6791,943/6791,1007/6791,0,679/6791,0,1007/6791,0,0,0,0",89411,9,89411,9,21,True,T_pd_dbl,76856/6791,11.317332
31,94,"679/6791,1007/6791,0,943/6791,0,1007/6791,679/6791,0,0,0,0,1007/6791,0,231/6791,231/6791,0,1007/6791,0,0,0,0",92267,9,92267,9,21,True,T_pd_dbl,76856/6791,11.317332
31,95,"679/6791,1007/6791,0,943/6791,0,1007/6791,0,0,0,679/6791,0,1007/6791,0,1007/6791,231/6791,0,231/6791,0,0,0,0",92715,9,92715,9,42,True,T_pd_dbl,76856/6791,11.317332
31,96,"231/6791,0,679/6791,1007/6791,1007/6791,0,0,0,943/6791,0,0,0,1007/6791,1007/6791,679/6791,0,231/6791,0,0,0,0",94493,9,94493,9,21,True,T_pd_dbl,76856/6791,11.317332
31,97,"1007/6791,679/6791,231/6791,0,0,1007/6791,1007/6791,0,0,0,943/6791,1007/6791,0,0,0,231/6791,679/6791,0,0,0,0",101479,9,101479,9,42,True,T_pd_dbl,76856/6791,11.317332
31,98,"23/159,7/159,0,0,0,23/159,23/159,0,7/159,0,23/159,23/159,0,0,0,7/159,23/159,0,0,0,0",101731,9,101731,9,21,True,T_pd_dbl,600/53,11.320755
31,99,"23/159,7/159,0,23/159,0,23/159,0,0,7/159,0,0,23/159,0,23/159,0,7/159,23/159,0,0,0,0",108843,9,108843,9,21,True,T_pd_dbl,600/53,11.320755
31,100,"943/6791,1007/6791,231/6791,0,1007/6791,1007/6791,679/6791,0,0,679/6791,0,0,0,231/6791,0,0,0,1007/6791,0,0,0",139895,9,139895,9,42,True,T_pd_dbl,76856/6791,11.317332
31,101,"1007/6791,231/6791,0,231/6791,1007/6791,943/6791,0,0,679/6791,1007/6791,0,0,0,1007/6791,0,0,0,679/6791,0,0,0",140091,9,140091,9,42,True,T_pd_dbl,76856/6791,11.317332
31,102,"23/159,0,0,7/159,23/159,23/159,0,0,23/159,23/159,7/159,0,0,23/159,0,0,0,7/159,0,0,0",141113,9,141113,9,21,True,T_pd_dbl,600/53,11.320755
31,103,"1007/6791,1007/6791,0,231/6791,231/6791,943/6791,0,0,0,1007/6791,0,679/6791,0,1007/6791,0,0,0,679/6791,0,0,0",141883,9,141883,9,42,True,T_pd_dbl,76856/6791,11.317332
31,104,"1007/6791,943/6791,0,0,679/6791,1007/6791,231/6791,0,0,1007/6791,0,231/6791,0,679/6791,0,0,0,1007/6791,0,0,0",141939,9,141939,9,42,True,T_pd_dbl,76856/6791,11.317332
31,105,"679/6791,1007/6791,0,679/6791,0,1007/6791,0,231/6791,0,943/6791,0,1007/6791,0,1007/6791,0,0,0,231/6791,0,0,0",141995,9,141995,9,42,True,T_pd_dbl,76856/6791,11.317332
31,106,"23/159,23/159,0,7/159,0,23/159,0,0,0,23/159,7/159,23/159,0,23/159,0,0,0,7/159,0,0,0",142891,9,142891,9,42,True,T_pd_dbl,600/53,11.320755
31,107,"1007/6791,943/6791,0,0,0,1007/6791,231/6791,0,0,1007/6791,679/6791,1007/6791,0,679/6791,0,0,0,231/6791,0,0,0",142947,9,142947,9,42,True,T_pd_dbl,76856/6791,11.317332
31,108,"1007/6791,231/6791,943/6791,231/6791,1007/6791,0,0,0,679/6791,0,0,0,1007/6791,1007/6791,0,0,0,679/6791,0,0,0",143647,9,143647,9,21,True,T_pd_dbl,76856/6791,11.317332
31,109,"1007/6791,679/6791,1007/6791,0,943/6791,0,231/6791,0,231/6791,0,0,0,1007/6791,679/6791,0,0,0,1007/6791,0,0,0",143703,9,143703,9,42,True,T_pd_dbl,76856/6791,11.317332
31,110,"1007/6791,231/6791,679/6791,0,1007/6791,0,0,0,679/6791,231/6791,0,0,1007/6791,1007/6791,0,0,0,943/6791,0,0,0",144151,9,144151,9,42,True,T_pd_dbl,76856/6791,11.317332
31,111,"1007/6791,231/6791,0,0,1007/6791,679/6791,0,0,679/6791,1007/6791,0,0,231/6791,1007/6791,0,0,0,943/6791,0,0,0",144179,9,144179,9,21,True,T_pd_dbl,76856/6791,11.317332
31,112,"679/6791,1007/6791,1007/6791,679/6791,0,0,0,231/6791,0,0,0,1007/6791,943/6791,1007/6791,0,0,0,231/6791,0,0,0",145551,9,145551,9,21,True,T_pd_dbl,76856/6791,11.317332
31,113,"231/6791,1007/6791,0,0,1007/6791,943/6791,1007/6791,0,0,1007/6791,231/6791,0,0,0,679/6791,0,0,679/6791,0,0,0",149107,9,149107,9,21,True,T_pd_dbl,76856/6791,11.317332
31,114,"231/6791,1007/6791,943/6791,0,1007/6791,0,1007/6791,0,0,0,231/6791,0,1007/6791,0,679/6791,0,0,679/6791,0,0,0",152663,9,152663,9,42,True,T_pd_dbl,76856/6791,11.317332
31,115,"679/6791,1007/6791,0,0,1007/6791,1007/6791,679/6791,0,0,943/6791,0,0,0,231/6791,231/6791,0,0,1007/6791,0,0,0",156275,9,156275,9,42,True,T_pd_dbl,76856/6791,11.317332
31,116,"679/6791,0,231/6791,0,1007/6791,1007/6791,0,231/6791,0,679/6791,0,0,0,1007/6791,0,943/6791,0,1007/6791,0,0,0",172725,9,172725,9,21,True,T_pd_dbl,76856/6791,11.317332
31,117,"23/159,7/159,0,0,23/159,23/159,0,0,7/159,23/159,0,0,0,23/159,0,7/159,0,23/159,0,0,0",172851,9,172851,9,21,True,T_pd_dbl,600/53,11.320755
31,118,"1007/6791,0,679/6791,0,1007/6791,943/6791,0,0,0,231/6791,231/6791,0,0,1007/6791,0,1007/6791,0,679/6791,0,0,0",173621,9,173621,9,42,True,T_pd_dbl,76856/6791,11.317332
31,119,"1007/6791,679/6791,0,0,679/6791,1007/6791,0,0,0,1007/6791,0,231/6791,0,943/6791,0,231/6791,0,1007/6791,0,0,0",174643,9,174643,9,21,True,T_pd_dbl,76856/6791,11.317332
31,120,"231/6791,943/6791,231/6791,0,0,0,1007/6791,679/6791,0,0,0,1007/6791,1007/6791,0,0,0,679/6791,1007/6791,0,0,0",202951,9,202951,9,21,True,T_pd_dbl,76856/6791,11.317332
31,121,"23/159,7/159,23/159,0,0,23/159,0,0,7/159,0,23/159,0,0,23/159,0,7/159,0,0,23/159,0,0",304423,9,304423,9,21,True,T_pd_dbl,600/53,11.320755
31,122,"943/6791,0,1007/6791,0,231/6791,1007/6791,0,0,231/6791,0,1007/6791,0,0,1007/6791,0,679/6791,0,0,679/6791,0,0",304437,9,304437,9,42,True,T_pd_dbl,76856/6791,11.317332
31,123,"679/6791,0,1007/6791,0,0,1007/6791,0,231/6791,231/6791,0,1007/6791,0,0,1007/6791,0,679/6791,0,0,943/6791,0,0",304549,9,304549,9,21,True,T_pd_dbl,76856/6791,11.317332
32,1,"32/185,14/185,1/37,7/37,1/37,14/185,32/185,0,24/185,24/185,0,0,0,0,0,0,0,0,0,0,0,0",895,9,895,9,44,True,T_pd_dbl,572/185,3.091892
32,2,"14/185,1/37,7/37,1/37,14/185,32/185,0,24/185,24/185,0,32/185,0,0,0,0,0,0,0,0,0,0,0",1471,9,1471,9,44,True,T_pd_dbl,572/185,3.091892
32,3,"24/185,0,32/185,14/185,1/37,7/37,1/37,14/185,32/185,0,24/185,0,0,0,0,0,0,0,0,0,0,0",1533,9,1533,9,22,True,T_pd_dbl,572/185,3.091892
32,4,"1/37,7/37,1/37,14/185,32/185,0,24/185,24/185,0,32/185,14/185,0,0,0,0,0,0,0,0,0,0,0",1759,9,1759,9,44,True,T_pd_dbl,572/185,3.091892
32,5,"7/37,1/37,14/185,32/185,0,24/185,24/185,0,32/185,14/185,1/37,0,0,0,0,0,0,0,0,0,0,0",1903,9,1903,9,44,True,T_pd_dbl,572/185,3.091892
32,6,"32/185,0,1/37,7/37,1/37,14/185,32/185,0,24/185,24/185,0,0,14/185,0,0,0,0,0,0,0,0,0",4989,9,4989,9,44,True,T_pd_dbl,572/185,3.091892
32,7,"24/185,0,0,32/185,14/185,1/37,7/37,1/37,14/185,32/185,0,0,24/185,0,0,0,0,0,0,0,0,0",5113,9,5113,9,22,True,T_pd_dbl,572/185,3.091892
32,8,"14/185,0,7/37,1/37,14/185,32/185,0,24/185,24/185,0,32/185,0,1/37,0,0,0,0,0,0,0,0,0",5565,9,5565,9,44,True,T_pd_dbl,572/185,3.091892
32,9,"1/37,0,1/37,14/185,32/185,0,24/185,24/185,0,32/185,14/185,0,7/37,0,0,0,0,0,0,0,0,0",5853,9,5853,9,44,True,T_pd_dbl,572/185,3.091892
32,10,"32/185,14/185,0,7/37,1/37,14/185,32/185,0,24/185,24/185,0,0,0,1/37,0,0,0,0,0,0,0,0",9083,9,9083,9,44,True,T_pd_dbl,572/185,3.091892
32,11,"14/185,1/37,0,1/37,14/185,32/185,0,24/185,24/185,0,32/185,0,0,7/37,0,0,0,0,0,0,0,0",9659,9,9659,9,44,True,T_pd_dbl,572/185,3.091892
32,12,"24/185,0,0,14/185,1/37,7/37,1/37,14/185,32/185,0,24/185,0,0,32/185,0,0,0,0,0,0,0,0",9721,9,9721,9,44,True,T_pd_dbl,572/185,3.091892
32,13,"1/37,7/37,0,14/185,32/185,0,24/185,24/185,0,32/185,14/185,0,0,1/37,0,0,0,0,0,0,0,0",9947,9,9947,9,44,True,T_pd_dbl,572/185,3.091892
32,14,"7/37,1/37,0,32/185,0,24/185,24/185,0,32/185,14/185,1/37,0,0,14/185,0,0,0,0,0,0,0,0",10091,9,10091,9,44,True,T_pd_dbl,572/185,3.091892
32,15,"1/37,14/185,0,0,24/185,24/185,0,32/185,14/185,1/37,7/37,0,0,32/185,0,0,0,0,0,0,0,0",10163,9,10163,9,44,True,T_pd_dbl,572/185,3.091892
32,16,"32/185,14/185,1/37,0,1/37,14/185,32/185,0,24/185,24/185,0,0,0,0,7/37,0,0,0,0,0,0,0",17271,9,17271,9,44,True,T_pd_dbl,572/185,3.091892
32,17,"24/185,24/185,0,0,14/185,1/37,7/37,1/37,14/185,32/185,0,0,0,0,32/185,0,0,0,0,0,0,0",17395,9,17395,9,44,True,T_pd_dbl,572/185,3.091892
32,18,"14/185,1/37,7/37,0,14/185,32/185,0,24/185,24/185,0,32/185,0,0,0,1/37,0,0,0,0,0,0,0",17847,9,17847,9,44,True,T_pd_dbl,572/185,3.091892
32,19,"24/185,0,32/185,0,1/37,7/37,1/37,14/185,32/185,0,24/185,0,0,0,14/185,0,0,0,0,0,0,0",17909,9,17909,9,44,True,T_pd_dbl,572/185,3.091892
32,20,"1/37,7/37,1/37,0,32/185,0,24/185,24/185,0,32/185,14/185,0,0,0,14/185,0,0,0,0,0,0,0",18135,9,18135,9,44,True,T_pd_dbl,572/185,3.091892
32,21,"7/37,1/37,14/185,0,0,24/185,24/185,0,32/185,14/185,1/37,0,0,0,32/185,0,0,0,0,0,0,0",18279,9,18279,9,44,True,T_pd_dbl,572/185,3.091892
32,22,"14/185,32/185,0,0,24/185,0,32/185,14/185,1/37,7/37,1/37,0,0,0,24/185,0,0,0,0,0,0,0",18387,9,18387,9,44,True,T_pd_dbl,572/185,3.091892
32,23,"32/185,0,24/185,0,0,32/185,14/185,1/37,7/37,1/37,14/185,0,0,0,24/185,0,0,0,0,0,0,0",18405,9,18405,9,44,True,T_pd_dbl,572/185,3.091892
32,24,"32/185,0,1/37,0,1/37,14/185,32/185,0,24/185,24/185,0,0,14/185,0,7/37,0,0,0,0,0,0,0",21365,9,21365,9,44,True,T_pd_dbl,572/185,3.091892
32,25,"14/185,0,7/37,0,14/185,32/185,0,24/185,24/185,0,32/185,0,1/37,0,1/37,0,0,0,0,0,0,0",21941,9,21941,9,44,True,T_pd_dbl,572/185,3.091892
32,26,"32/185,14/185,0,0,1/37,14/185,32/185,0,24/185,24/185,0,0,0,1/37,7/37,0,0,0,0,0,0,0",25459,9,25459,9,44,True,T_pd_dbl,572/185,3.091892
32,27,"14/185,1/37,0,0,14/185,32/185,0,24/185,24/185,0,32/185,0,0,7/37,1/37,0,0,0,0,0,0,0",26035,9,26035,9,44,True,T_pd_dbl,572/185,3.091892
32,28,"32/185,14/185,1/37,7/37,0,14/185,32/185,0,24/185,24/185,0,0,0,0,0,1/37,0,0,0,0,0,0",33647,9,33647,9,44,True,T_pd_dbl,572/185,3.091892
32,29,"24/185,24/185,0,32/185,0,1/37,7/37,1/37,14/185,32/185,0,0,0,0,0,14/185,0,0,0,0,0,0",33771,9,33771,9,44,True,T_pd_dbl,572/185,3.091892
32,30,"14/185,1/37,7/37,1/37,0,32/185,0,24/185,24/185,0,32/185,0,0,0,0,14/185,0,0,0,0,0,0",34223,9,34223,9,44,True,T_pd_dbl,572/185,3.091892
32,31,"24/185,0,32/185,14/185,0,7/37,1/37,14/185,32/185,0,24/185,0,0,0,0,1/37,0,0,0,0,0,0",34285,9,34285,9,44,True,T_pd_dbl,572/185,3.091892
32,32,"1/37,7/37,1/37,14/185,0,0,24/185,24/185,0,32/185,14/185,0,0,0,0,32/185,0,0,0,0,0,0",34511,9,34511,9,44,True,T_pd_dbl,572/185,3.091892
32,33,"1/37,14/185,32/185,0,0,24/185,0,32/185,14/185,1/37,7/37,0,0,0,0,24/185,0,0,0,0,0,0",34727,9,34727,9,44,True,T_pd_dbl,572/185,3.091892
32,34,"14/185,32/185,0,24/185,0,0,32/185,14/185,1/37,7/37,1/37,0,0,0,0,24/185,0,0,0,0,0,0",34763,9,34763,9,44,True,T_pd_dbl,572/185,3.091892
32,35,"32/185,0,1/37,7/37,0,14/185,32/185,0,24/185,24/185,0,0,14/185,0,0,1/37,0,0,0,0,0,0",37741,9,37741,9,44,True,T_pd_dbl,572/185,3.091892
32,36,"24/185,0,0,32/185,0,1/37,7/37,1/37,14/185,32/185,0,0,24/185,0,0,14/185,0,0,0,0,0,0",37865,9,37865,9,44,True,T_pd_dbl,572/185,3.091892
32,37,"14/185,0,7/37,1/37,0,32/185,0,24/185,24/185,0,32/185,0,1/37,0,0,14/185,0,0,0,0,0,0",38317,9,38317,9,44,True,T_pd_dbl,572/185,3.091892
32,38,"1/37,0,1/37,14/185,0,0,24/185,24/185,0,32/185,14/185,0,7/37,0,0,32/185,0,0,0,0,0,0",38605,9,38605,9,44,True,T_pd_dbl,572/185,3.091892
32,39,"1/37,0,32/185,0,0,24/185,0,32/185,14/185,1/37,7/37,0,14/185,0,0,24/185,0,0,0,0,0,0",38821,9,38821,9,44,True,T_pd_dbl,572/185,3.091892
32,40,"32/185,14/185,0,7/37,0,14/185,32/185,0,24/185,24/185,0,0,0,1/37,0,1/37,0,0,0,0,0,0",41835,9,41835,9,44,True,T_pd_dbl,572/185,3.091892
32,41,"14/185,1/37,0,1/37,0,32/185,0,24/185,24/185,0,32/185,0,0,7/37,0,14/185,0,0,0,0,0,0",42411,9,42411,9,44,True,T_pd_dbl,572/185,3.091892
32,42,"1/37,7/37,0,14/185,0,0,24/185,24/185,0,32/185,14/185,0,0,1/37,0,32/185,0,0,0,0,0,0",42699,9,42699,9,44,True,T_pd_dbl,572/185,3.091892
32,43,"1/37,14/185,0,0,0,24/185,0,32/185,14/185,1/37,7/37,0,0,32/185,0,24/185,0,0,0,0,0,0",42915,9,42915,9,44,True,T_pd_dbl,572/185,3.091892
32,44,"32/185,14/185,1/37,0,0,14/185,32/185,0,24/185,24/185,0,0,0,0,7/37,1/37,0,0,0,0,0,0",50023,9,50023,9,44,True,T_pd_dbl,572/185,3.091892
32,45,"24/185,24/185,0,0,0,1/37,7/37,1/37,14/185,32/185,0,0,0,0,32/185,14/185,0,0,0,0,0,0",50147,9,50147,9,44,True,T_pd_dbl,572/185,3.091892
32,46,"14/185,1/37,7/37,0,0,32/185,0,24/185,24/185,0,32/185,0,0,0,1/37,14/185,0,0,0,0,0,0",50599,9,50599,9,44,True,T_pd_dbl,572/185,3.091892
32,47,"1/37,7/37,1/37,0,0,0,24/185,24/185,0,32/185,14/185,0,0,0,14/185,32/185,0,0,0,0,0,0",50887,9,50887,9,44,True,T_pd_dbl,572/185,3.091892
32,48,"14/185,1/37,7/37,1/37,14/185,0,0,24/185,24/185,0,32/185,0,0,0,0,0,32/185,0,0,0,0,0",66975,9,66975,9,44,True,T_pd_dbl,572/185,3.091892
32,49,"24/185,0,32/185,14/185,1/37,0,1/37,14/185,32/185,0,24/185,0,0,0,0,0,7/37,0,0,0,0,0",67037,9,67037,9,22,True,T_pd_dbl,572/185,3.091892
32,50,"7/37,1/37,14/185,32/185,0,0,24/185,0,32/185,14/185,1/37,0,0,0,0,0,24/185,0,0,0,0,0",67407,9,67407,9,44,True,T_pd_dbl,572/185,3.091892
32,51,"32/185,0,1/37,7/37,1/37,0,32/185,0,24/185,24/185,0,0,14/185,0,0,0,14/185,0,0,0,0,0",70493,9,70493,9,44,True,T_pd_dbl,572/185,3.091892
32,52,"24/185,0,0,32/185,14/185,0,7/37,1/37,14/185,32/185,0,0,24/185,0,0,0,1/37,0,0,0,0,0",70617,9,70617,9,44,True,T_pd_dbl,572/185,3.091892
32,53,"14/185,0,7/37,1/37,14/185,0,0,24/185,24/185,0,32/185,0,1/37,0,0,0,32/185,0,0,0,0,0",71069,9,71069,9,44,True,T_pd_dbl,572/185,3.091892
32,54,"7/37,0,14/185,32/185,0,0,24/185,0,32/185,14/185,1/37,0,1/37,0,0,0,24/185,0,0,0,0,0",71501,9,71501,9,44,True,T_pd_dbl,572/185,3.091892
32,55,"1/37,0,32/185,0,24/185,0,0,32/185,14/185,1/37,7/37,0,14/185,0,0,0,24/185,0,0,0,0,0",71573,9,71573,9,44,True,T_pd_dbl,572/185,3.091892
32,56,"32/185,14/185,0,7/37,1/37,0,32/185,0,24/185,24/185,0,0,0,1/37,0,0,14/185,0,0,0,0,0",74587,9,74587,9,44,True,T_pd_dbl,572/185,3.091892
32,57,"14/185,1/37,0,1/37,14/185,0,0,24/185,24/185,0,32/185,0,0,7/37,0,0,32/185,0,0,0,0,0",75163,9,75163,9,44,True,T_pd_dbl,572/185,3.091892
32,58,"24/185,0,0,14/185,1/37,0,1/37,14/185,32/185,0,24/185,0,0,32/185,0,0,7/37,0,0,0,0,0",75225,9,75225,9,44,True,T_pd_dbl,572/185,3.091892
32,59,"7/37,1/37,0,32/185,0,0,24/185,0,32/185,14/185,1/37,0,0,14/185,0,0,24/185,0,0,0,0,0",75595,9,75595,9,44,True,T_pd_dbl,572/185,3.091892
32,60,"1/37,14/185,0,0,24/185,0,0,32/185,14/185,1/37,7/37,0,0,32/185,0,0,24/185,0,0,0,0,0",75667,9,75667,9,44,True,T_pd_dbl,572/185,3.091892
32,61,"32/185,0,0,24/185,0,0,14/185,1/37,7/37,1/37,14/185,0,0,24/185,0,0,32/185,0,0,0,0,0",75721,9,75721,9,22,True,T_pd_dbl,572/185,3.091892
32,62,"32/185,0,0,7/37,1/37,0,32/185,0,24/185,24/185,0,0,14/185,1/37,0,0,14/185,0,0,0,0,0",78681,9,78681,9,44,True,T_pd_dbl,572/185,3.091892
32,63,"32/185,14/185,1/37,0,1/37,0,32/185,0,24/185,24/185,0,0,0,0,7/37,0,14/185,0,0,0,0,0",82775,9,82775,9,44,True,T_pd_dbl,572/185,3.091892
32,64,"24/185,24/185,0,0,14/185,0,7/37,1/37,14/185,32/185,0,0,0,0,32/185,0,1/37,0,0,0,0,0",82899,9,82899,9,44,True,T_pd_dbl,572/185,3.091892
32,65,"14/185,1/37,7/37,0,14/185,0,0,24/185,24/185,0,32/185,0,0,0,1/37,0,32/185,0,0,0,0,0",83351,9,83351,9,44,True,T_pd_dbl,572/185,3.091892
32,66,"24/185,0,32/185,0,1/37,0,1/37,14/185,32/185,0,24/185,0,0,0,14/185,0,7/37,0,0,0,0,0",83413,9,83413,9,44,True,T_pd_dbl,572/185,3.091892
32,67,"7/37,1/37,14/185,0,0,0,24/185,0,32/185,14/185,1/37,0,0,0,32/185,0,24/185,0,0,0,0,0",83783,9,83783,9,44,True,T_pd_dbl,572/185,3.091892
32,68,"32/185,0,24/185,0,0,0,14/185,1/37,7/37,1/37,14/185,0,0,0,24/185,0,32/185,0,0,0,0,0",83909,9,83909,9,22,True,T_pd_dbl,572/185,3.091892
32,69,"32/185,0,1/37,0,1/37,0,32/185,0,24/185,24/185,0,0,14/185,0,7/37,0,14/185,0,0,0,0,0",86869,9,86869,9,44,True,T_pd_dbl,572/185,3.091892
32,70,"32/185,14/185,0,0,1/37,0,32/185,0,24/185,24/185,0,0,0,1/37,7/37,0,14/185,0,0,0,0,0",90963,9,90963,9,44,True,T_pd_dbl,572/185,3.091892
32,71,"14/185,1/37,0,0,14/185,0,0,24/185,24/185,0,32/185,0,0,7/37,1/37,0,32/185,0,0,0,0,0",91539,9,91539,9,44,True,T_pd_dbl,572/185,3.091892
32,72,"7/37,1/37,0,0,0,0,24/185,0,32/185,14/185,1/37,0,0,14/185,32/185,0,24/185,0,0,0,0,0",91971,9,91971,9,44,True,T_pd_dbl,572/185,3.091892
32,73,"32/185,14/185,1/37,7/37,0,0,32/185,0,24/185,24/185,0,0,0,0,0,1/37,14/185,0,0,0,0,0",99151,9,99151,9,44,True,T_pd_dbl,572/185,3.091892
32,74,"14/185,1/37,7/37,1/37,0,0,0,24/185,24/185,0,32/185,0,0,0,0,14/185,32/185,0,0,0,0,0",99727,9,99727,9,44,True,T_pd_dbl,572/185,3.091892
32,75,"1/37,14/185,32/185,0,0,0,0,32/185,14/185,1/37,7/37,0,0,0,0,24/185,24/185,0,0,0,0,0",100231,9,100231,9,44,True,T_pd_dbl,572/185,3.091892
32,76,"32/185,14/185,0,7/37,0,0,32/185,0,24/185,24/185,0,0,0,1/37,0,1/37,14/185,0,0,0,0,0",107339,9,107339,9,44,True,T_pd_dbl,572/185,3.091892
32,77,"32/185,14/185,1/37,0,0,0,32/185,0,24/185,24/185,0,0,0,0,7/37,1/37,14/185,0,0,0,0,0",115527,9,115527,9,44,True,T_pd_dbl,572/185,3.091892
32,78,"32/185,0,1/37,7/37,1/37,14/185,0,0,24/185,24/185,0,0,14/185,0,0,0,0,32/185,0,0,0,0",135997,9,135997,9,44,True,T_pd_dbl,572/185,3.091892
32,79,"24/185,0,0,32/185,14/185,1/37,0,1/37,14/185,32/185,0,0,24/185,0,0,0,0,7/37,0,0,0,0",136121,9,136121,9,22,True,T_pd_dbl,572/185,3.091892
32,80,"1/37,0,1/37,14/185,32/185,0,0,24/185,0,32/185,14/185,0,7/37,0,0,0,0,24/185,0,0,0,0",136861,9,136861,9,44,True,T_pd_dbl,572/185,3.091892
32,81,"32/185,14/185,0,7/37,1/37,14/185,0,0,24/185,24/185,0,0,0,1/37,0,0,0,32/185,0,0,0,0",140091,9,140091,9,44,True,T_pd_dbl,572/185,3.091892
32,82,"24/185,0,0,14/185,1/37,7/37,0,14/185,32/185,0,24/185,0,0,32/185,0,0,0,1/37,0,0,0,0",140729,9,140729,9,44,True,T_pd_dbl,572/185,3.091892
32,83,"1/37,7/37,0,14/185,32/185,0,0,24/185,0,32/185,14/185,0,0,1/37,0,0,0,24/185,0,0,0,0",140955,9,140955,9,44,True,T_pd_dbl,572/185,3.091892
32,84,"7/37,1/37,0,32/185,0,24/185,0,0,32/185,14/185,1/37,0,0,14/185,0,0,0,24/185,0,0,0,0",141099,9,141099,9,44,True,T_pd_dbl,572/185,3.091892
32,85,"32/185,0,0,24/185,0,32/185,0,1/37,7/37,1/37,14/185,0,0,24/185,0,0,0,14/185,0,0,0,0",141225,9,141225,9,44,True,T_pd_dbl,572/185,3.091892
32,86,"32/185,0,0,7/37,1/37,14/185,0,0,24/185,24/185,0,0,14/185,1/37,0,0,0,32/185,0,0,0,0",144185,9,144185,9,44,True,T_pd_dbl,572/185,3.091892
32,87,"1/37,0,0,14/185,32/185,0,0,24/185,0,32/185,14/185,0,7/37,1/37,0,0,0,24/185,0,0,0,0",145049,9,145049,9,44,True,T_pd_dbl,572/185,3.091892
32,88,"7/37,0,0,32/185,0,24/185,0,0,32/185,14/185,1/37,0,1/37,14/185,0,0,0,24/185,0,0,0,0",145193,9,145193,9,44,True,T_pd_dbl,572/185,3.091892
32,89,"32/185,14/185,1/37,0,1/37,14/185,0,0,24/185,24/185,0,0,0,0,7/37,0,0,32/185,0,0,0,0",148279,9,148279,9,44,True,T_pd_dbl,572/185,3.091892
32,90,"24/185,0,32/185,0,1/37,7/37,0,14/185,32/185,0,24/185,0,0,0,14/185,0,0,1/37,0,0,0,0",148917,9,148917,9,44,True,T_pd_dbl,572/185,3.091892
32,91,"1/37,7/37,1/37,0,32/185,0,0,24/185,0,32/185,14/185,0,0,0,14/185,0,0,24/185,0,0,0,0",149143,9,149143,9,44,True,T_pd_dbl,572/185,3.091892
32,92,"7/37,1/37,14/185,0,0,24/185,0,0,32/185,14/185,1/37,0,0,0,32/185,0,0,24/185,0,0,0,0",149287,9,149287,9,44,True,T_pd_dbl,572/185,3.091892
32,93,"14/185,32/185,0,0,24/185,0,0,14/185,1/37,7/37,1/37,0,0,0,24/185,0,0,32/185,0,0,0,0",149395,9,149395,9,44,True,T_pd_dbl,572/185,3.091892
32,94,"32/185,0,24/185,0,0,32/185,0,1/37,7/37,1/37,14/185,0,0,0,24/185,0,0,14/185,0,0,0,0",149413,9,149413,9,44,True,T_pd_dbl,572/185,3.091892
32,95,"32/185,0,1/37,0,1/37,14/185,0,0,24/185,24/185,0,0,14/185,0,7/37,0,0,32/185,0,0,0,0",152373,9,152373,9,44,True,T_pd_dbl,572/185,3.091892
32,96,"1/37,0,1/37,0,32/185,0,0,24/185,0,32/185,14/185,0,7/37,0,14/185,0,0,24/185,0,0,0,0",153237,9,153237,9,44,True,T_pd_dbl,572/185,3.091892
32,97,"7/37,0,14/185,0,0,24/185,0,0,32/185,14/185,1/37,0,1/37,0,32/185,0,0,24/185,0,0,0,0",153381,9,153381,9,44,True,T_pd_dbl,572/185,3.091892
32,98,"32/185,14/185,0,0,1/37,14/185,0,0,24/185,24/185,0,0,0,1/37,7/37,0,0,32/185,0,0,0,0",156467,9,156467,9,44,True,T_pd_dbl,572/185,3.091892
32,99,"1/37,7/37,0,0,32/185,0,0,24/185,0,32/185,14/185,0,0,1/37,14/185,0,0,24/185,0,0,0,0",157331,9,157331,9,44,True,T_pd_dbl,572/185,3.091892
32,100,"7/37,1/37,0,0,0,24/185,0,0,32/185,14/185,1/37,0,0,14/185,32/185,0,0,24/185,0,0,0,0",157475,9,157475,9,44,True,T_pd_dbl,572/185,3.091892
32,101,"24/185,0,32/185,14/185,0,7/37,0,14/185,32/185,0,24/185,0,0,0,0,1/37,0,1/37,0,0,0,0",165293,9,165293,9,22,True,T_pd_dbl,572/185,3.091892
32,102,"1/37,7/37,1/37,14/185,0,0,0,24/185,0,32/185,14/185,0,0,0,0,32/185,0,24/185,0,0,0,0",165519,9,165519,9,44,True,T_pd_dbl,572/185,3.091892
32,103,"32/185,0,1/37,7/37,0,14/185,0,0,24/185,24/185,0,0,14/185,0,0,1/37,0,32/185,0,0,0,0",168749,9,168749,9,44,True,T_pd_dbl,572/185,3.091892
32,104,"1/37,0,1/37,14/185,0,0,0,24/185,0,32/185,14/185,0,7/37,0,0,32/185,0,24/185,0,0,0,0",169613,9,169613,9,44,True,T_pd_dbl,572/185,3.091892
32,105,"32/185,14/185,0,7/37,0,14/185,0,0,24/185,24/185,0,0,0,1/37,0,1/37,0,32/185,0,0,0,0",172843,9,172843,9,44,True,T_pd_dbl,572/185,3.091892
32,106,"1/37,7/37,0,14/185,0,0,0,24/185,0,32/185,14/185,0,0,1/37,0,32/185,0,24/185,0,0,0,0",173707,9,173707,9,44,True,T_pd_dbl,572/185,3.091892
32,107,"32/185,14/185,1/37,0,0,14/185,0,0,24/185,24/185,0,0,0,0,7/37,1/37,0,32/185,0,0,0,0",181031,9,181031,9,44,True,T_pd_dbl,572/185,3.091892
32,108,"24/185,24/185,0,0,0,1/37,0,1/37,14/185,32/185,0,0,0,0,32/185,14/185,0,7/37,0,0,0,0",181155,9,181155,9,44,True,T_pd_dbl,572/185,3.091892
32,109,"1/37,7/37,1/37,0,0,0,0,24/185,0,32/185,14/185,0,0,0,14/185,32/185,0,24/185,0,0,0,0",181895,9,181895,9,22,True,T_pd_dbl,572/185,3.091892
32,110,"32/185,14/185,0,0,0,14/185,0,0,24/185,24/185,0,0,0,1/37,7/37,1/37,0,32/185,0,0,0,0",189219,9,189219,9,44,True,T_pd_dbl,572/185,3.091892
32,111,"32/185,14/185,0,7/37,1/37,0,0,0,24/185,24/185,0,0,0,1/37,0,0,14/185,32/185,0,0,0,0",205595,9,205595,9,44,True,T_pd_dbl,572/185,3.091892
32,112,"14/185,1/37,7/37,0,14/185,32/185,0,0,24/185,0,32/185,0,0,0,1/37,0,0,0,24/185,0,0,0",279863,9,279863,9,44,True,T_pd_dbl,572/185,3.091892
32,113,"24/185,0,32/185,0,1/37,7/37,1/37,0,32/185,0,24/185,0,0,0,14/185,0,0,0,14/185,0,0,0",279925,9,279925,9,22,True,T_pd_dbl,572/185,3.091892
32,114,"1/37,7/37,1/37,0,32/185,0,24/185,0,0,32/185,14/185,0,0,0,14/185,0,0,0,24/185,0,0,0",280151,9,280151,9,44,True,T_pd_dbl,572/185,3.091892
32,115,"14/185,0,7/37,0,14/185,32/185,0,0,24/185,0,32/185,0,1/37,0,1/37,0,0,0,24/185,0,0,0",283957,9,283957,9,44,True,T_pd_dbl,572/185,3.091892
32,116,"14/185,1/37,0,0,14/185,32/185,0,0,24/185,0,32/185,0,0,7/37,1/37,0,0,0,24/185,0,0,0",288051,9,288051,9,44,True,T_pd_dbl,572/185,3.091892
32,117,"24/185,0,0,32/185,0,1/37,7/37,0,14/185,32/185,0,0,24/185,0,0,14/185,0,0,1/37,0,0,0",299881,9,299881,9,44,True,T_pd_dbl,572/185,3.091892
32,118,"14/185,0,7/37,1/37,0,32/185,0,0,24/185,0,32/185,0,1/37,0,0,14/185,0,0,24/185,0,0,0",300333,9,300333,9,44,True,T_pd_dbl,572/185,3.091892
32,119,"1/37,0,1/37,14/185,0,0,24/185,0,0,32/185,14/185,0,7/37,0,0,32/185,0,0,24/185,0,0,0",300621,9,300621,9,44,True,T_pd_dbl,572/185,3.091892
32,120,"1/37,0,32/185,0,0,24/185,0,0,14/185,1/37,7/37,0,14/185,0,0,24/185,0,0,32/185,0,0,0",300837,9,300837,9,44,True,T_pd_dbl,572/185,3.091892
32,121,"14/185,0,0,24/185,0,0,32/185,0,1/37,7/37,1/37,0,32/185,0,0,24/185,0,0,14/185,0,0,0",300873,9,300873,9,22,True,T_pd_dbl,572/185,3.091892
32,122,"14/185,1/37,0,1/37,0,32/185,0,0,24/185,0,32/185,0,0,7/37,0,14/185,0,0,24/185,0,0,0",304427,9,304427,9,44,True,T_pd_dbl,572/185,3.091892
32,123,"24/185,0,0,14/185,0,7/37,1/37,0,32/185,0,24/185,0,0,32/185,0,1/37,0,0,14/185,0,0,0",304489,9,304489,9,44,True,T_pd_dbl,572/185,3.091892
32,124,"1/37,7/37,0,14/185,0,0,24/185,0,0,32/185,14/185,0,0,1/37,0,32/185,0,0,24/185,0,0,0",304715,9,304715,9,44,True,T_pd_dbl,572/185,3.091892
32,125,"1/37,14/185,0,0,0,24/185,0,0,14/185,1/37,7/37,0,0,32/185,0,24/185,0,0,32/185,0,0,0",304931,9,304931,9,44,True,T_pd_dbl,572/185,3.091892
32,126,"14/185,1/37,7/37,0,0,32/185,0,0,24/185,0,32/185,0,0,0,1/37,14/185,0,0,24/185,0,0,0",312615,9,312615,9,44,True,T_pd_dbl,572/185,3.091892
32,127,"24/185,0,32/185,0,0,7/37,1/37,0,32/185,0,24/185,0,0,0,14/185,1/37,0,0,14/185,0,0,0",312677,9,312677,9,44,True,T_pd_dbl,572/185,3.091892
32,128,"1/37,7/37,1/37,0,0,0,24/185,0,0,32/185,14/185,0,0,0,14/185,32/185,0,0,24/185,0,0,0",312903,9,312903,9,22,True,T_pd_dbl,572/185,3.091892
32,129,"14/185,0,7/37,0,0,32/185,0,0,24/185,0,32/185,0,1/37,0,1/37,14/185,0,0,24/185,0,0,0",316709,9,316709,9,44,True,T_pd_dbl,572/185,3.091892
32,130,"1/37,0,1/37,0,0,0,24/185,0,0,32/185,14/185,0,7/37,0,14/185,32/185,0,0,24/185,0,0,0",316997,9,316997,9,22,True,T_pd_dbl,572/185,3.091892
32,131,"14/185,0,7/37,1/37,14/185,0,0,0,24/185,0,32/185,0,1/37,0,0,0,32/185,0,24/185,0,0,0",333085,9,333085,9,44,True,T_pd_dbl,572/185,3.091892
32,132,"14/185,1/37,0,1/37,14/185,0,0,0,24/185,0,32/185,0,0,7/37,0,0,32/185,0,24/185,0,0,0",337179,9,337179,9,22,True,T_pd_dbl,572/185,3.091892
32,133,"24/185,0,32/185,0,1/37,0,1/37,0,32/185,0,24/185,0,0,0,14/185,0,7/37,0,14/185,0,0,0",345429,9,345429,9,22,True,T_pd_dbl,572/185,3.091892
32,134,"14/185,1/37,0,1/37,14/185,0,0,24/185,0,0,32/185,0,0,7/37,0,0,32/185,0,0,24/185,0,0",599195,9,599195,9,22,True,T_pd_dbl,572/185,3.091892
32,135,"7/37,1/37,0,32/185,0,0,24/185,0,0,14/185,1/37,0,0,14/185,0,0,24/185,0,0,32/185,0,0",599627,9,599627,9,44,True,T_pd_dbl,572/185,3.091892
32,136,"32/185,0,1/37,0,1/37,0,32/185,0,0,24/185,0,0,14/185,0,7/37,0,14/185,0,0,24/185,0,0",610901,9,610901,9,22,True,T_pd_dbl,572/185,3.091892
32,137,"1/24,1/6,0,1/6,1/24,0,5/24,1/24,1/24,5/24,0,1/24,0,0,0,1/24,0,0,0,0,0,0",35803,10,2207743,16,44,False,F_not_part_copos,37/12,3.083333
32,138,"1/24,0,0,1/6,1/24,0,5/24,1/24,1/24,5/24,0,1/24,1/6,0,0,1/24,0,0,0,0,0,0",39897,10,2211837,16,22,False,F_not_part_copos,37/12,3.083333
32,139,"1/24,1/6,0,0,1/24,0,5/24,1/24,1/24,5/24,0,1/24,0,0,1/6,1/24,0,0,0,0,0,0",52179,10,2224119,16,22,False,F_not_part_copos,37/12,3.083333
32,140,"5/24,0,1/24,1/6,0,1/6,1/24,0,5/24,1/24,1/24,0,0,1/24,0,0,0,1/24,0,0,0,0",141165,10,440319,16,44,False,F_not_part_copos,37/12,3.083333
32,141,"5/24,0,1/24,0,0,1/6,1/24,0,5/24,1/24,1/24,0,0,1/24,1/6,0,0,1/24,0,0,0,0",157541,10,456695,16,44,False,F_not_part_copos,37/12,3.083333
32,142,"1/24,1/6,0,1/6,1/24,0,0,1/24,1/24,5/24,0,1/24,0,0,0,1/24,0,5/24,0,0,0,0",166811,10,2338751,16,44,False,F_not_part_copos,37/12,3.083333
32,143,"1/24,1/6,0,0,1/24,0,0,1/24,1/24,5/24,0,1/24,0,0,1/6,1/24,0,5/24,0,0,0,0",183187,10,2355127,16,44,False,F_not_part_copos,37/12,3.083333
32,144,"1/24,5/24,0,1/24,1/6,0,1/6,1/24,0,5/24,1/24,0,0,0,1/24,0,0,0,1/24,0,0,0",280283,10,878591,16,22,False,F_not_part_copos,37/12,3.083333
32,145,"1/24,0,5/24,0,1/24,5/24,0,1/24,1/6,0,1/6,1/24,0,0,1/24,0,0,0,1/24,0,0,0",282037,10,1466359,16,44,False,F_not_part_copos,37/12,3.083333
32,146,"1/24,1/6,0,1/6,1/24,0,5/24,0,1/24,5/24,0,1/24,0,0,0,1/24,0,0,1/24,0,0,0",297819,10,2469759,16,44,False,F_not_part_copos,37/12,3.083333
32,147,"1/24,0,0,1/6,1/24,0,5/24,0,1/24,5/24,0,1/24,1/6,0,0,1/24,0,0,1/24,0,0,0",301913,10,2473853,16,44,False,F_not_part_copos,37/12,3.083333
32,148,"1/24,0,0,1/24,0,5/24,0,1/24,1/6,0,1/6,1/24,0,5/24,0,1/24,0,0,1/24,0,0,0",306601,10,1490923,16,22,False,F_not_part_copos,37/12,3.083333
32,149,"1/24,5/24,0,1/24,0,0,1/6,1/24,0,5/24,1/24,0,0,0,1/24,1/6,0,0,1/24,0,0,0",313035,10,911343,16,44,False,F_not_part_copos,37/12,3.083333
32,150,"1/24,1/6,0,0,1/24,0,5/24,0,1/24,5/24,0,1/24,0,0,1/6,1/24,0,0,1/24,0,0,0",314195,10,2486135,16,44,False,F_not_part_copos,37/12,3.083333
32,151,"1/24,0,5/24,0,0,5/24,0,1/24,1/6,0,1/6,1/24,0,0,1/24,1/24,0,0,1/24,0,0,0",314789,10,1499111,16,44,False,F_not_part_copos,37/12,3.083333
32,152,"1/24,0,5/24,0,1/24,0,0,1/24,1/6,0,1/6,1/24,0,0,1/24,0,5/24,0,1/24,0,0,0",347541,10,1531863,16,22,False,F_not_part_copos,37/12,3.083333
32,153,"1/24,0,5/24,1/24,0,0,0,1/24,1/6,0,1/6,1/24,0,0,0,1/24,5/24,0,1/24,0,0,0",363917,10,1548239,16,22,False,F_not_part_copos,37/12,3.083333
32,154,"1/6,1/24,0,0,1/24,0,5/24,0,1/24,1/6,0,0,1/24,0,5/24,0,1/24,0,0,1/24,0,0",611155,10,2979799,16,44,False,F_not_part_copos,37/12,3.083333
32,155,"1/6,1/24,0,5/24,0,0,5/24,0,1/24,1/6,0,0,1/24,0,0,1/24,1/24,0,0,1/24,0,0",627531,10,2996175,16,22,False,F_not_part_copos,37/12,3.083333
32,156,"1/6,1/24,0,0,1/24,1/24,0,0,1/24,1/6,0,0,1/24,0,5/24,0,0,5/24,0,1/24,0,0",676659,10,3045303,16,22,False,F_not_part_copos,37/12,3.083333
33,1,"1445690736399582631974961/86374964429730355115279887,5058222672123591432674017/86374964429730355115279887,9212998527193282544264191/86374964429730355115279887,11807356670544016083887473/86374964429730355115279887,9212998527193282544264191/86374964429730355115279887,5058222672123591432674017/86374964429730355115279887,1445690736399582631974961/86374964429730355115279887,0,0,0,0,0,3380529555302932620601598/86374964429730355115279887,7557216361898147678465770/86374964429730355115279887,10629146026675632607715670/86374964429730355115279887,10629146026675632607715670/86374964429730355115279887,7557216361898147678465770/86374964429730355115279887,3380529555302932620601598/86374964429730355115279887,0,0,0,0,0",258175,13,258175,13,23,True,T_pd_dbl,1717223994600210106243961965568/86374964429730355115279887,19881.038515
33,2,"792958458076382462978101375594681504144312569472/30233468592796649692035439786891004155220886755177,320432756237736318754626124789998955919445087252/4319066941828092813147919969555857736460126679311,3307222917200910181914240636622644740913547674748/30233468592796649692035439786891004155220886755177,591013868617532347369467768138933922607103483180/4319066941828092813147919969555857736460126679311,3119320466882924412953999404443707478388166150568/30233468592796649692035439786891004155220886755177,1338746748060845841584909952934912948017394807144/30233468592796649692035439786891004155220886755177,0,0,281588532877073256227521255913370456779334613153/30233468592796649692035439786891004155220886755177,0,0,0,1389517785199092463952768237374390235689972153680/30233468592796649692035439786891004155220886755177,3157015569528203655440092162686839624717552078764/30233468592796649692035439786891004155220886755177,4122516109100803176912731200539456386418482442788/30233468592796649692035439786891004155220886755177,484157219173637259828263860562516634427464669564/4319066941828092813147919969555857736460126679311,1954255204014628733303720802007175608805481384696/30233468592796649692035439786891004155220886755177,1001099893653444025100850484333678580668550200192/30233468592796649692035439786891004155220886755177,0,0,0,0,0",258367,13,258367,13,46,True,T_pd_dbl,601072822168667140797300209627201952289821684738682080/30233468592796649692035439786891004155220886755177,19881.040785
33,3,"645568646356850754072972621246573278473782615980/6711599773245683290541446623466343750178228412713,309400617397995117543489565224727594498528115672/2237199924415227763513815541155447916726076137571,260272895238171124583589205410491292963113198432/2237199924415227763513815541155447916726076137571,149777207388248135489040207481769533888483597756/6711599773245683290541446623466343750178228412713,397116216158688654769136491635547716554450734922/6711599773245683290541446623466343750178228412713,273623397018014162851618445816465952611902301347/6711599773245683290541446623466343750178228412713,0,45539007063373476721107329470134629391554456870/2237199924415227763513815541155447916726076137571,0,0,0,187147192211296384114955076094096202469719900970/2237199924415227763513815541155447916726076137571,162220336980442821751266312915890365044783676338/2237199924415227763513815541155447916726076137571,695831489581131687750952016711171391195349420654/6711599773245683290541446623466343750178228412713,913879833569040338723154548603216143366317710666/6711599773245683290541446623466343750178228412713,342303293458801124092321887907735460352304652830/6711599773245683290541446623466343750178228412713,0,0,399759543041071658649027936717844020632539333712/6711599773245683290541446623466343750178228412713,0,0,0,0",325823,13,325823,13,46,True,T_pd_dbl,133433558208292351115582912752520202623930241096029800/6711599773245683290541446623466343750178228412713,19881.036223
33,4,"18481399008954881650406219578650600630754197237/209123687732901740374811676405084755792867459647,29345486871948256952181456472609420534146048530/209123687732901740374811676405084755792867459647,23513753458352876358742313541282265358373547783/209123687732901740374811676405084755792867459647,0,13245053087585469631962372302928090991976064473/209123687732901740374811676405084755792867459647,12593564553642210721886403499029095463719614070/209123687732901740374811676405084755792867459647,4993821232626442135994222582892482976768822829/418247375465803480749623352810169511585734919294,5694093419632747831284487076228957565820766965/418247375465803480749623352810169511585734919294,0,0,0,19966430631277823524535795206096266757934327480/209123687732901740374811676405084755792867459647,12821122761709457721676081737911241871401026095/209123687732901740374811676405084755792867459647,17603214253938381569438125940620749334294424960/209123687732901740374811676405084755792867459647,27268788707954738155113360023061580729893917271/209123687732901740374811676405084755792867459647,13413895838071296684203076403282462857661180011/209123687732901740374811676405084755792867459647,0,0,15527021233336752421027116870052260991418316840/209123687732901740374811676405084755792867459647,0,0,0,0",325879,13,325879,13,46,True,T_pd_dbl,4157595333901744555729805853214723563605048110634279/209123687732901740374811676405084755792867459647,19881.034898
33,5,"53897649233872981857515903473235722645526625491/783518377180372375423118785263601040348323908219,107377883545668688359810994852557855849704938514/783518377180372375423118785263601040348323908219,91517088889387466343420429001242173433671722877/783518377180372375423118785263601040348323908219,2763201819058210904537489360867723518757585496/87057597464485819491457642807066782260924878691,58185209649214460640071872253902006753005379603/783518377180372375423118785263601040348323908219,43029429936977437532820848086136235558112429229/783518377180372375423118785263601040348323908219,0,0,1829418261767099876012551569477821058602029275/174115194928971638982915285614133564521849757382,0,0,19045262416946682770974961622561641448287992403/261172792393457458474372928421200346782774636073,44098091295915489099451151194340990918200898290/783518377180372375423118785263601040348323908219,72884634413251243605077237403367454383104240583/783518377180372375423118785263601040348323908219,37212929545591801128206607830279209552137941458/261172792393457458474372928421200346782774636073,7404212452439112180089959022163154847317549789/87057597464485819491457642807066782260924878691,0,0,88029407414082598167404246260735895494669045493/1567036754360744750846237570527202080696647816438,0,0,0,0",325951,13,325951,13,46,True,T_pd_dbl,15577155512476263009460186201514239563364605841380935/783518377180372375423118785263601040348323908219,19881.034021
33,6,"17372795163069028639181980819860426688154350330/169765164472787385619836902382473941563517523671,21264514146812998549362668261481224257399927030/169765164472787385619836902382473941563517523671,17292959104255910069002468682648288050542060466/169765164472787385619836902382473941563517523671,0,26223455049745945251774367317766450631147129315/339530328945574771239673804764947883127035047342,40140187263649622671627238098878163733248299453/679060657891149542479347609529895766254070094684,0,5963266100166390436740792629397161078637129613/339530328945574771239673804764947883127035047342,0,11905084547973932687572463066455318189449146989/679060657891149542479347609529895766254070094684,0,29170432573626293483615149077901808558885511557/339530328945574771239673804764947883127035047342,17158651348971451671449297061034818074885430711/339530328945574771239673804764947883127035047342,30951269036065471711989098616634010141174775637/339530328945574771239673804764947883127035047342,47551733211381737115041166263028728641178454763/339530328945574771239673804764947883127035047342,16256940241663570690489979392545693460219819339/339530328945574771239673804764947883127035047342,0,0,14185704324933129341939934147996296793682698767/169765164472787385619836902382473941563517523671,0,0,0,0",326327,13,326327,13,46,True,T_pd_dbl,3375107187529216265579303615001027438617886003733817/169765164472787385619836902382473941563517523671,19881.035064
33,7,"58175645102937248647964899298849552559344130057/708715962726945371530108792533463161092722350557,84839284016632259447986800541789082474885118170/708715962726945371530108792533463161092722350557,68913913886935923566115124606520726165490173263/708715962726945371530108792533463161092722350557,0,67894667892430258577964683232702267098693299607/708715962726945371530108792533463161092722350557,54559958775857134169281287692166308796416848638/708715962726945371530108792533463161092722350557,0,0,12195242822947163260606468428052380040971127543/1417431925453890743060217585066926322185444701114,16732410044883803817451748133053861194865589316/708715962726945371530108792533463161092722350557,0,55219030831704073295796024445631482973896310577/708715962726945371530108792533463161092722350557,21044486218117623363082294774621020048678449888/708715962726945371530108792533463161092722350557,55383772120171918072792225599840661978546456543/708715962726945371530108792533463161092722350557,103862219449451655185189675092038677833561064956/708715962726945371530108792533463161092722350557,52856816982828139999061148070611556256222574261/708715962726945371530108792533463161092722350557,0,0,126272271987043503514239293663223547383273543019/1417431925453890743060217585066926322185444701114,0,0,0,0",326455,13,326455,13,46,True,T_pd_dbl,14090007354860403328376197452791673111645860861929161/708715962726945371530108792533463161092722350557,19881.035698
33,8,"130661013531998657486672210256087351601528105178/1581776060704499002328757520702705156828861380659,5192913589439196221513052331083935509284602962/36785489783825558193692035365179189693694450713,3995319324867294212370230006759458583811517190/36785489783825558193692035365179189693694450713,39781000747241130661208077675827299526800917906/1581776060704499002328757520702705156828861380659,114677220865292759075559842193631700850628946362/1581776060704499002328757520702705156828861380659,91729097005975633673431653199632711700890072780/1581776060704499002328757520702705156828861380659,0,0,0,0,19122799635084175641556793234340965404819478485/1581776060704499002328757520702705156828861380659,125466432181005619319899272938782792799120845302/1581776060704499002328757520702705156828861380659,87987274177888451800656561491273515598879036756/1581776060704499002328757520702705156828861380659,142825648139601902397870326929201073213984530040/1581776060704499002328757520702705156828861380659,227443498009757481139856615301120556250820575336/1581776060704499002328757520702705156828861380659,123923326874285828705573648210798661677524788308/1581776060704499002328757520702705156828861380659,0,0,83064734221188273769491378744742582200730917670/1581776060704499002328757520702705156828861380659,0,0,0,0",326719,13,326719,13,46,True,T_pd_dbl,31447345366999961307235184098555521312578055811639320/1581776060704499002328757520702705156828861380659,19881.03509
33,9,"1421164932356716044816974282807051870684999469580/17983910545125229045689552034432800232131555347881,2559816005589615567603157459839778988837107213704/17983910545125229045689552034432800232131555347881,1926938881913142122970318982378302871585235526472/17983910545125229045689552034432800232131555347881,0,1298876322522653372835991017052209726984202196650/17983910545125229045689552034432800232131555347881,1310383992275822538645014920037504036025895597451/17983910545125229045689552034432800232131555347881,232395631936367301639229199653604959131919303306/17983910545125229045689552034432800232131555347881,0,0,0,140076360125684801057896562391701095950511477602/17983910545125229045689552034432800232131555347881,1684415639516226293982756462749851246813086766940/17983910545125229045689552034432800232131555347881,891213748221631282636218095631310524050244938952/17983910545125229045689552034432800232131555347881,1330563361464604291643435039944336287098015293756/17983910545125229045689552034432800232131555347881,2424511564288587177280777802311260763168080317088/17983910545125229045689552034432800232131555347881,1488467559864746526614465270066894466468526834970/17983910545125229045689552034432800232131555347881,0,0,1275086545049431723963316939568993395333730411410/17983910545125229045689552034432800232131555347881,0,0,0,0",326775,13,326775,13,46,True,T_pd_dbl,357538772537103549320683421510951203654643983165112368/17983910545125229045689552034432800232131555347881,19881.035976
33,10,"181822155222489922962147568462381331541773863546/1987345556202195517010774214111740521248159717609,250958155081909473570312885585074009111708516870/1987345556202195517010774214111740521248159717609,186267722488971388513611539445305109349957000366/1987345556202195517010774214111740521248159717609,0,179844883855865098873530756770704028031981761686/1987345556202195517010774214111740521248159717609,150442335830415260311002419488400732729434796146/1987345556202195517010774214111740521248159717609,0,0,0,38629324690172082757059283823322874002276344047/1987345556202195517010774214111740521248159717609,20434977635614967608149156135124320019606029080/1987345556202195517010774214111740521248159717609,54636214227219054534640290488067879079187527937/662448518734065172336924738037246840416053239203,67238588453661174604917661172969864853808380635/1987345556202195517010774214111740521248159717609,51972331209892063000545421119612233058401052435/662448518734065172336924738037246840416053239203,292025210418796328527357185742380004103119603865/1987345556202195517010774214111740521248159717609,140556691166513561033556647773973875423112149562/1987345556202195517010774214111740521248159717609,0,0,53099958348817635214523991629688011889538510230/662448518734065172336924738037246840416053239203,0,0,0,0",327223,13,327223,13,46,True,T_pd_dbl,39510488853619065547209960101467925253225588731113996/1987345556202195517010774214111740521248159717609,19881.036154
33,11,"2774063059030491840726649627716891773562135295928/27834442737406564183726116266496426380246470800609,704893978198941652102733039960799758880593599702/9278147579135521394575372088832142126748823600203,51394971759915675686892155297942668672076736274/3976348962486652026246588038070918054320924400087,0,3822383403107239480939532786669402408378546845975/27834442737406564183726116266496426380246470800609,716304895804256878985447037867263670334257397070/9278147579135521394575372088832142126748823600203,0,1554381220479703305449324127931354001885264758576/27834442737406564183726116266496426380246470800609,374997258813284228137201489601818793728875605488/9278147579135521394575372088832142126748823600203,213640667331831302721684792283214952674945192586/9278147579135521394575372088832142126748823600203,0,1213282399843190857628056056331436814382853405200/27834442737406564183726116266496426380246470800609,0,2405754201855644646089054362854487631683846782364/27834442737406564183726116266496426380246470800609,3637126789255916856589477812342160167048360512440/27834442737406564183726116266496426380246470800609,0,0,2375459673395230613292862798582878757739557174594/27834442737406564183726116266496426380246470800609,1220905595891598222453904842614308206001784495692/9278147579135521394575372088832142126748823600203,0,0,0,0",420791,13,420791,13,46,True,T_pd_dbl,553377657612992032129372032671014542960713203146750584/27834442737406564183726116266496426380246470800609,19881.039575
33,12,"35371987061478685780185840189066460992653740476/421591487192193523420122754214683426060408189675,6156140286908323225417944008743110591104879368/84318297438438704684024550842936685212081637935,0,1451213840280603754297074848073807342488494266/60227355313170503345731822030669060865772598525,60485907758820513774239108421583563204712438881/421591487192193523420122754214683426060408189675,29582567398400630300414224145925845868574011302/421591487192193523420122754214683426060408189675,0,5320806008268385416338443379960281809092651032/84318297438438704684024550842936685212081637935,4727353719530176447375203045276089883250815056/84318297438438704684024550842936685212081637935,693536106550968934036074461557785593263273418/84318297438438704684024550842936685212081637935,0,10612758585652125457156143540273887049361634932/421591487192193523420122754214683426060408189675,0,39281470576014534602752661008408921566018178692/421591487192193523420122754214683426060408189675,10652174281254725302190584080612312230960638222/84318297438438704684024550842936685212081637935,0,0,46767917787371857453804497201821328061578898702/421591487192193523420122754214683426060408189675,51580329129928053144699510890338867381728541348/421591487192193523420122754214683426060408189675,0,0,0,0",420795,13,420795,13,46,True,T_pd_dbl,8381677083966319356435465702802776420566915453955856/421591487192193523420122754214683426060408189675,19881.039676
33,13,"35268175036660797548918143690022951254595729880/404119199611356989949592240511034889100394499219,604205251625054866487431656668530883213459318966/7678264792615782809042252569709662892907495485161,0,0,1052181703945266267582446030465941011129717178386/7678264792615782809042252569709662892907495485161,621267053022831198731705798254368403029110639081/7678264792615782809042252569709662892907495485161,94421152933107716462473598750940212469660587829/7678264792615782809042252569709662892907495485161,496472391243157051633031681713631127096704844053/7678264792615782809042252569709662892907495485161,386825616493854863801862774207917953525757355562/7678264792615782809042252569709662892907495485161,43517066143941846149417195183470847124017300689/7678264792615782809042252569709662892907495485161,0,329212218488979295558977991743760024499778809812/7678264792615782809042252569709662892907495485161,0,611845472951767038073208912966750086126313644338/7678264792615782809042252569709662892907495485161,47392681141603002841275891365046739849735636739/404119199611356989949592240511034889100394499219,0,0,835347693682443633184795126891521633495009556162/7678264792615782809042252569709662892907495485161,54337521299914043366485007200868767379772120238/404119199611356989949592240511034889100394499219,0,0,0,0",420851,13,420851,13,46,True,T_pd_dbl,152651880099704411034137192447201338295866363396497664/7678264792615782809042252569709662892907495485161,19881.038779
33,14,"1257231103587723496657107/11032880059052279529377782,485024144305096919864410/5516440029526139764688891,0,0,738782386479040491644675/5516440029526139764688891,451414995626509843627942/5516440029526139764688891,0,551534784825967260693535/11032880059052279529377782,541421669825468517047419/22065760118104559058755564,173040506756840477080971/11032880059052279529377782,541421669825468517047419/22065760118104559058755564,551534784825967260693535/11032880059052279529377782,0,451414995626509843627942/5516440029526139764688891,738782386479040491644675/5516440029526139764688891,0,0,485024144305096919864410/5516440029526139764688891,1257231103587723496657107/11032880059052279529377782,0,0,0,0",421811,13,421811,13,23,True,T_pd_dbl,109672556955856338757139067033/5516440029526139764688891,19881.038563
33,15,"1221802514651308797168285240491746951086080620032/33789314221117586885917439044996039682885612961659,3805142279891629648494260591242143175118671359608/33789314221117586885917439044996039682885612961659,1979133410853959646078982583295734729903815220320/33789314221117586885917439044996039682885612961659,0,4170813845468135052280699697445351897198268362120/33789314221117586885917439044996039682885612961659,3590618777370000796685795101457198432322060970898/33789314221117586885917439044996039682885612961659,747822437197848288299812629688284515800694742262/33789314221117586885917439044996039682885612961659,0,1387234289737140528725022281696918380806486140823/33789314221117586885917439044996039682885612961659,0,0,2115854763925751984641455342649043602443639818232/33789314221117586885917439044996039682885612961659,0,1706169523401755170595551389494021143472628154820/33789314221117586885917439044996039682885612961659,4353708409356716488219416860146023095478631965132/33789314221117586885917439044996039682885612961659,3374717457101444148990394828667631540072336812992/33789314221117586885917439044996039682885612961659,0,1752677666771615727164219105740962893765203672116/33789314221117586885917439044996039682885612961659,3583618845390280608573543392980979325417095122304/33789314221117586885917439044996039682885612961659,0,0,0,0",452983,13,452983,13,46,True,T_pd_dbl,671766404330044834889395474124082142632828036199291280/33789314221117586885917439044996039682885612961659,19881.031025
33,16,"24245877641015214137071739889504550008283854409/358725629682329424528170459648574052727641908089,180623118600629574787325871569514669200029730698/1793628148411647122640852298242870263638209540445,23892873285636247743022547978731650652334087055/358725629682329424528170459648574052727641908089,0,45527001232262888401450740466059401749023374407/358725629682329424528170459648574052727641908089,33945672302492630575965687049358528140075403956/358725629682329424528170459648574052727641908089,0,0,96650095370393555809040762010506884786103018703/3587256296823294245281704596485740527276419080890,52783039810965797123779421008905603878415602337/1793628148411647122640852298242870263638209540445,0,106564573305438431249134974308825095879641520409/1793628148411647122640852298242870263638209540445,0,24358768723094740183378116808912202850478387747/358725629682329424528170459648574052727641908089,53101395219511669612456509519448953254346273812/358725629682329424528170459648574052727641908089,139495004636039863876076939561778691468517105653/1793628148411647122640852298242870263638209540445,0,9468360125946426763661495137284692567011137254/358725629682329424528170459648574052727641908089,386275243447155181229961053084185729421582957593/3587256296823294245281704596485740527276419080890,0,0,0,0",453431,13,453431,13,46,True,T_pd_dbl,35659184608333058061789934064547630342604110574043553/1793628148411647122640852298242870263638209540445,19881.035342
33,17,"1925896588352995052710925/19552124370729581478968059,2430877720651112720199838/19552124370729581478968059,313714568228758002616928/19552124370729581478968059,313714568228758002616928/19552124370729581478968059,2430877720651112720199838/19552124370729581478968059,1925896588352995052710925/19552124370729581478968059,0,0,0,0,2406545177653210017728641/39104248741459162957936118,1180643296414159623920747/19552124370729581478968059,0,1253089146491860413121376/19552124370729581478968059,2937136552798599836099790/19552124370729581478968059,1253089146491860413121376/19552124370729581478968059,0,1180643296414159623920747/19552124370729581478968059,2406545177653210017728641/39104248741459162957936118,0,0,0,0",453695,13,453695,13,23,True,T_pd_dbl,388716510610792623361480412228/19552124370729581478968059,19881.037131
33,18,"5348834628912683564655964068276870587211056612870/56318824032186291515638139766668909283611792693049,2371542376021078686394852779316526948262346114872/18772941344062097171879379922222969761203930897683,408881997748992461534037799666951394863228385452/18772941344062097171879379922222969761203930897683,0,2260080312303012054725568262986954429687532368808/18772941344062097171879379922222969761203930897683,160496611695862128824572232985624509393160840292/1522130379248278149071301074774835386043561964677,483073266439442173718240491426415115167457411848/56318824032186291515638139766668909283611792693049,0,0,0,3103239678891076972637174899880507407016128432993/56318824032186291515638139766668909283611792693049,4014508448105662455510022299802870322882488073878/56318824032186291515638139766668909283611792693049,0,3106448174592334942960305370632096278741807681152/56318824032186291515638139766668909283611792693049,8098549847243420032593161647884716354550059407624/56318824032186291515638139766668909283611792693049,3832923488322281079578328265231549198145285433464/56318824032186291515638139766668909283611792693049,0,3154311277097027684589694459925308123518443213272/56318824032186291515638139766668909283611792693049,1372348843872071411640899705743056910130931575916/18772941344062097171879379922222969761203930897683,0,0,0,0",453751,13,453751,13,46,True,T_pd_dbl,1119676598639235469798514557477879840910419821578421352/56318824032186291515638139766668909283611792693049,19881.036543
33,19,"1276715358174271729730230870970472198486642556/12706560904948618871834048823317118548103257471,1501488037747387543492663487166003002202771308/12706560904948618871834048823317118548103257471,405775421262459948323951783887452230476832988/12706560904948618871834048823317118548103257471,0,1557971567953639519462829043522950410705969540/12706560904948618871834048823317118548103257471,1268987311332424922199865876267129666879845058/12706560904948618871834048823317118548103257471,0,0,0,183552791275835904283129981764605639407588596/12706560904948618871834048823317118548103257471,581953552347218661494248563554619349820301252/12706560904948618871834048823317118548103257471,867171764604850025179056425653347810672812464/12706560904948618871834048823317118548103257471,0,799473126288868950276018038762252907364268152/12706560904948618871834048823317118548103257471,1914764580324018357466526723416319500840446092/12706560904948618871834048823317118548103257471,795145905661323066854209411521563560440939152/12706560904948618871834048823317118548103257471,0,543878064826623914043087502571481848233164674/12706560904948618871834048823317118548103257471,59393142538217431119307712603465907210098567/747444759114624639519649930783359914594309263,0,0,0,0",454199,13,454199,13,46,True,T_pd_dbl,252619608683555194764740564753152926375825836929080/12706560904948618871834048823317118548103257471,19881.037094
33,20,"151233305955774606320889423031501872218557068718/1451271032613522648548672467136340245446599625723,7137905329575407247197182767625316252896515240/1451271032613522648548672467136340245446599625723,37096018205303706861332027579851644708048640344/1451271032613522648548672467136340245446599625723,102432118870645651642892922553438691614749157840/1451271032613522648548672467136340245446599625723,216214904375974897654389686447422998130436924084/1451271032613522648548672467136340245446599625723,96292827742100311566084539053045047744792380120/1451271032613522648548672467136340245446599625723,0,89006889870380628353960034807771435387482195984/1451271032613522648548672467136340245446599625723,0,76555939223423395044072448292852924258323681177/1451271032613522648548672467136340245446599625723,0,0,0,139599962506939810958082362493959270735352803764/1451271032613522648548672467136340245446599625723,182565317116678081949121719142078642230576101704/1451271032613522648548672467136340245446599625723,0,113458115124622056441670916263196314298273390632/1451271032613522648548672467136340245446599625723,113221298884178467171618490957994568613732889068/1451271032613522648548672467136340245446599625723,126456429407925627337360713745601519253377877048/1451271032613522648548672467136340245446599625723,0,0,0,0",484031,13,484031,13,46,True,T_pd_dbl,28852777487988815473647358209554818247794826681718624/1451271032613522648548672467136340245446599625723,19881.040026
33,21,"4889243919194987802291872/39608977934074511555567799,1851230900643927711643204/39608977934074511555567799,483687239387210691855096/13202992644691503851855933,0,1773747010251682079257900/13202992644691503851855933,3238193556914189044148408/39608977934074511555567799,0,1918636920461041635369008/39608977934074511555567799,0,2269761841812862541984839/39608977934074511555567799,0,1918636920461041635369008/39608977934074511555567799,0,3238193556914189044148408/39608977934074511555567799,1773747010251682079257900/13202992644691503851855933,0,483687239387210691855096/13202992644691503851855933,1851230900643927711643204/39608977934074511555567799,4889243919194987802291872/39608977934074511555567799,0,0,0,0",486071,13,486071,13,23,True,T_pd_dbl,787467807521692805222177064640/39608977934074511555567799,19881.043354
33,22,"119969123906875184455022/2511515994737861208816129,27101878047994868520040/837171998245953736272043,196284713789313896644328/2511515994737861208816129,241544267459385795367088/2511515994737861208816129,119418198650609523298208/837171998245953736272043,67340467412234675854396/837171998245953736272043,0,0,0,37585506587225683282463/837171998245953736272043,0,0,0,67340467412234675854396/837171998245953736272043,119418198650609523298208/837171998245953736272043,241544267459385795367088/2511515994737861208816129,196284713789313896644328/2511515994737861208816129,27101878047994868520040/837171998245953736272043,119969123906875184455022/2511515994737861208816129,0,0,0,0",516671,13,516671,13,23,True,T_pd_dbl,49931534427357358674807915136/2511515994737861208816129,19881.033819
33,23,"201581731798920854807375836500387715338874714648/6519755173363061846165997088708565317459533366193,876495109657619660638319023193760015011446145308/6519755173363061846165997088708565317459533366193,688298850458771539534299666954858136907853650876/6519755173363061846165997088708565317459533366193,616357879370162631328077574286461785234780730816/6519755173363061846165997088708565317459533366193,0,390390841757055643706721425249217603262135264594/6519755173363061846165997088708565317459533366193,172600679014504667461199718686745262118881778046/6519755173363061846165997088708565317459533366193,0,199374695866319821072053970910530580855542062172/6519755173363061846165997088708565317459533366193,0,238815096000391448074786177924036087384139702161/6519755173363061846165997088708565317459533366193,0,576121629392389522400085590002226817476842900706/6519755173363061846165997088708565317459533366193,496113483457838205922864754337190401882990924826/6519755173363061846165997088708565317459533366193,778369605330635979240500896083249399141026278878/6519755173363061846165997088708565317459533366193,723308801357426408359877660958464311479937726018/6519755173363061846165997088708565317459533366193,0,0,0,561926769901025463619834793621437201365081487144/6519755173363061846165997088708565317459533366193,0,0,0",587119,13,587119,13,46,True,T_pd_dbl,129619488508033975467806410065824032394105271968408080/6519755173363061846165997088708565317459533366193,19881.036183
33,24,"61138157184679226291234518911580677892666295172/663876849478421437425837556479873249981227836459,80634437879413544430889781338296572785393501704/663876849478421437425837556479873249981227836459,42455911833587765558635406897387372139733581064/663876849478421437425837556479873249981227836459,54606172809806374653946067735363295470766022184/663876849478421437425837556479873249981227836459,18348426700699156928760889627555352340132089322/663876849478421437425837556479873249981227836459,44015565293921907176040359571295204511936378935/663876849478421437425837556479873249981227836459,0,0,0,1762945058630694115124577529697902239192779348/60352440861674676129621596043624840907384348769,48667150975542720032332087213326070049281377683/663876849478421437425837556479873249981227836459,0,41981617466495990585157143176402003517307432186/663876849478421437425837556479873249981227836459,55104808511794339541286010554818263530385717798/663876849478421437425837556479873249981227836459,97235772781021778700374810495056045451603577386/663876849478421437425837556479873249981227836459,46898767096622146112972889105946246880217028670/663876849478421437425837556479873249981227836459,0,0,0,53397665299898852147837239026169220780684261527/663876849478421437425837556479873249981227836459,0,0,0",587327,13,587327,13,46,True,T_pd_dbl,13198556463530575095624563509344316512725809429693224/663876849478421437425837556479873249981227836459,19881.03136
33,25,"1075336984566599496404311/26241228891210553739960436,645802110779177263467611/8747076297070184579986812,3370865162903583425243569/26241228891210553739960436,3370865162903583425243569/26241228891210553739960436,645802110779177263467611/8747076297070184579986812,1075336984566599496404311/26241228891210553739960436,0,0,0,563394364531645171695143/26241228891210553739960436,0,0,134861857499732031827320/2186769074267546144996703,458814223230671723767339/4373538148535092289993406,901191985942551130851244/6560307222802638434990109,458814223230671723767339/4373538148535092289993406,134861857499732031827320/2186769074267546144996703,0,0,563394364531645171695143/26241228891210553739960436,0,0,0",651839,13,651839,13,23,True,T_pd_dbl,260851424042388080800015238917/13120614445605276869980218,19881.037212
33,26,"2626144625727907813416783533663751113304071341800/30125478069649787863337273607544386523939945356161,2554112085745760548038376853988199731984474092304/30125478069649787863337273607544386523939945356161,3886058810188305067133477282990859679288161603796/30125478069649787863337273607544386523939945356161,3753673226934774684880754797497542405744993941820/30125478069649787863337273607544386523939945356161,438357013981453533192839238849647995944775965652/30125478069649787863337273607544386523939945356161,0,0,1510059144579041326698410197812935302912968071250/30125478069649787863337273607544386523939945356161,0,581015037671829512162834837096339213799535632015/30125478069649787863337273607544386523939945356161,0,0,3419072402689529785368136466769534463647548519152/30125478069649787863337273607544386523939945356161,4074823240577373828879446293656454379886603971264/30125478069649787863337273607544386523939945356161,3625888026783603083933916337363932782842415670100/30125478069649787863337273607544386523939945356161,890061631139752404845305277101373356941230960820/30125478069649787863337273607544386523939945356161,1300045270427605712680502171174050372795102727124/30125478069649787863337273607544386523939945356161,0,0,1466167553202850562106490319579765724848062859064/30125478069649787863337273607544386523939945356161,0,0,0",651935,13,651935,13,46,True,T_pd_dbl,598925960204441102298948617395172103048448294829191616/30125478069649787863337273607544386523939945356161,19881.044172
33,27,"970368367822954333979227858008345158383639496642/9586100667678053157446649580120336085763470804145,301492745561995434891449073505828274661932893322/3195366889226017719148883193373445361921156934715,375996943353397855584887500205672922224332721694/3195366889226017719148883193373445361921156934715,222457530075751841031886723096002323709271325878/1917220133535610631489329916024067217152694160829,0,0,0,532741937416581187545721789907030601601569091708/9586100667678053157446649580120336085763470804145,0,195808157883698515783876809508936274669104965602/9586100667678053157446649580120336085763470804145,41329535011375075218122949650845597167957482102/3195366889226017719148883193373445361921156934715,0,228880603244666841946233011475561345695250412724/1917220133535610631489329916024067217152694160829,430454034708269994074701527323135919418459299364/3195366889226017719148883193373445361921156934715,230302818819646098907816088763616730713199062672/1917220133535610631489329916024067217152694160829,146642520685967166871890146712351438741325859422/9586100667678053157446649580120336085763470804145,290141511509899013729302914259310393713833290987/9586100667678053157446649580120336085763470804145,0,0,594373635753513950799467792992012077647346903968/9586100667678053157446649580120336085763470804145,0,0,0",652943,13,652943,13,46,True,T_pd_dbl,190581711637209778305261428898802058633480239678126088/9586100667678053157446649580120336085763470804145,19881.046345
33,28,"213214270825729969634407/2143045460847048159822992,264944536704913598331505/2143045460847048159822992,264944536704913598331505/2143045460847048159822992,213214270825729969634407/2143045460847048159822992,0,0,0,50323504317696046221065/1071522730423524079911496,0,0,63586399270288841114403/4286090921694096319645984,13746705023803090187065/535761365211762039955748,263085667548319151585917/2143045460847048159822992,285702453957624973224151/2143045460847048159822992,263085667548319151585917/2143045460847048159822992,13746705023803090187065/535761365211762039955748,63586399270288841114403/4286090921694096319645984,0,0,50323504317696046221065/1071522730423524079911496,0,0,0",654479,13,654479,13,23,True,T_pd_dbl,21302996504628598996381735131/1071522730423524079911496,19881.049557
33,29,"986753060720148881116833049467858532332191137/7662851361210543359486073379769051132537628963,913451673953260505239307164512072360925347034/7662851361210543359486073379769051132537628963,112610231053297334021714687074961189212899553/7662851361210543359486073379769051132537628963,1359603803135656857715120309829367313744404493/15325702722421086718972146759538102265075257926,985614092435099660875468444538609409208562869/30651405444842173437944293519076204530150515852,637881963056101372406400733866578843602053925/15325702722421086718972146759538102265075257926,0,382495133635050651224113935895487440977240592/7662851361210543359486073379769051132537628963,0,0,882340856014312857378481757396933661747043397/10217135148280724479314764506358734843383505284,0,1138858875777358301494338752694935554249732441/15325702722421086718972146759538102265075257926,1613635805006892583071926016677934696836231009/15325702722421086718972146759538102265075257926,221208407203588174610661221409027015802237083/1702855858046787413219127417726455807230584214,0,0,941645743980946014337344097646830557739205207/15325702722421086718972146759538102265075257926,0,518131168834652079370835661937873956281646971/7662851361210543359486073379769051132537628963,0,0,0",685247,13,685247,13,46,True,T_pd_dbl,152345427433441981127280160003068243093656067389438/7662851361210543359486073379769051132537628963,19881.036477
33,30,"417021366898944249358105763441291014755927245489/3333516559012614082318418986632952591574936492996,409579732525682709629426520333178400499099371147/3333516559012614082318418986632952591574936492996,70769626702602137970346671960998746019609166775/3333516559012614082318418986632952591574936492996,269959156172554138827618580074611628745674299617/3333516559012614082318418986632952591574936492996,0,153257499320736307643318992453086021637036852733/3333516559012614082318418986632952591574936492996,59906140027772868789039111909268406505609710953/3333516559012614082318418986632952591574936492996,47252995862786396214947578189633164381780527982/833379139753153520579604746658238147893734123249,0,0,73265215567196076431759387365287908706644710388/833379139753153520579604746658238147893734123249,0,75316668942274508755035315606854529618810855796/833379139753153520579604746658238147893734123249,155926648474933980262978408976937549562901589131/1666758279506307041159209493316476295787468246498,94543121191955147874858868471057464963168895380/833379139753153520579604746658238147893734123249,0,0,44504299943476712912536630201298538819102332339/833379139753153520579604746658238147893734123249,0,75410133595924585204513852292529212082036845120/833379139753153520579604746658238147893734123249,0,0,0",685295,13,685295,13,46,True,T_pd_dbl,33136881370907407937344775955457099352158702246030599/1666758279506307041159209493316476295787468246498,19881.036008
33,31,"4603450896323062520261153983267657060777304298430/37238982862411187112867612508771054900132973299977,1590755363223783852029974422708171680513900154230/12412994287470395704289204169590351633377657766659,900195133410274907638133671615828993720024644346/12412994287470395704289204169590351633377657766659,3353379427921068041909183587566264080359913296666/37238982862411187112867612508771054900132973299977,0,162277274814216786007422386819286129150778858492/12412994287470395704289204169590351633377657766659,0,2088417204741960937154702107965154264891108079248/37238982862411187112867612508771054900132973299977,0,0,1908322771817888802642751800466731228538275840583/37238982862411187112867612508771054900132973299977,570395530133554777682548591541494329087847644890/37238982862411187112867612508771054900132973299977,4130565759472512587659272244237390176190476292780/37238982862411187112867612508771054900132973299977,1545731723006772588071978570569030800593317744824/12412994287470395704289204169590351633377657766659,4613474140318592812676458646037616654308290864144/37238982862411187112867612508771054900132973299977,0,0,958812682468806690394018685823189405832487486824/37238982862411187112867612508771054900132973299977,0,2415285965848595541244995706728604888213205290736/37238982862411187112867612508771054900132973299977,0,0,0",687279,13,687279,13,46,True,T_pd_dbl,740349831692763001725484869515785421181966831155056888/37238982862411187112867612508771054900132973299977,19881.043326
33,32,"229384607593159021721194850152062378462081433312/1993952579361458290595711779364218555108163537249,240980224058090464644005823062755781277401713932/1993952579361458290595711779364218555108163537249,0,167217416722402559232570068801455757163429301016/1993952579361458290595711779364218555108163537249,113795818967539573127258940851190144752985602744/1993952579361458290595711779364218555108163537249,131313830193869141535894635959175799619502645124/1993952579361458290595711779364218555108163537249,0,53603849573885901904210145583588827257045101120/1993952579361458290595711779364218555108163537249,0,0,197880107273047064173372658991838776549992720729/1993952579361458290595711779364218555108163537249,0,94702592768631259711378545814711471781141634362/1993952579361458290595711779364218555108163537249,173822757697477920500397147746905136395019787790/1993952579361458290595711779364218555108163537249,277613598970034929070357792645128970083007569232/1993952579361458290595711779364218555108163537249,58708662009896752428206193964357286824338240320/1993952579361458290595711779364218555108163537249,0,132479382323511771389633711538197688102302376352/1993952579361458290595711779364218555108163537249,0,122449731209911931157231264252850536839915411216/1993952579361458290595711779364218555108163537249,0,0,0",718011,13,718011,13,46,True,T_pd_dbl,39641839845865150299450999868709332852342561075323312/1993952579361458290595711779364218555108163537249,19881.034412
33,33,"2420745169003108306046422118253037625831499258564/35266161626157854139667940697942877080720449360341,4829226517280605536435244549665573954788184950064/35266161626157854139667940697942877080720449360341,0,1775996492349257222026771512499106343909937068628/35266161626157854139667940697942877080720449360341,0,4513319834426314244456334948514091662116985487748/35266161626157854139667940697942877080720449360341,2098924032026821031654913538452956572988911555344/35266161626157854139667940697942877080720449360341,0,92771855094326232360156702155757825910797910200/35266161626157854139667940697942877080720449360341,0,4403957109145901173540267873696142839634935581553/35266161626157854139667940697942877080720449360341,0,1696504269351495186183079224544382873877789588266/35266161626157854139667940697942877080720449360341,436851088896426791140988673360492573714230983386/35266161626157854139667940697942877080720449360341,3661320850227425581319248884922490642631646421862/35266161626157854139667940697942877080720449360341,3366946855668621702843543883131514550001367593330/35266161626157854139667940697942877080720449360341,0,1601802240227338058193234190728314410005497399612/35266161626157854139667940697942877080720449360341,0,4367795312460213073467734598019015205308665561784/35266161626157854139667940697942877080720449360341,0,0,0",718187,13,718187,13,46,True,T_pd_dbl,701128685628318548241772909993361776349154731355653376/35266161626157854139667940697942877080720449360341,19881.060294
33,34,"20416480516991927937305931158028164344321850618/209304334506343084089243258054173236109433830201,25639443087497406803011120240994948312930926383/209304334506343084089243258054173236109433830201,0,16544956138150159909629581297192023188236756459/209304334506343084089243258054173236109433830201,15439556540683045514128708702711346466062165566/209304334506343084089243258054173236109433830201,18474961517356382725532313913181480001163190541/209304334506343084089243258054173236109433830201,0,0,0,2594986624034289221371568251375042596482126435/418608669012686168178486516108346472218867660402,44210995117324447680232305133669210915307856787/418608669012686168178486516108346472218867660402,0,5470049687760146635829430421788690903062487228/209304334506343084089243258054173236109433830201,14568921965025221731476949406393848927558554215/209304334506343084089243258054173236109433830201,31258127224252956533501515716631211312408534238/209304334506343084089243258054173236109433830201,13662048216696640411475719721042923361173363485/209304334506343084089243258054173236109433830201,0,11924253045272038490879262335869694536965466283/209304334506343084089243258054173236109433830201,0,12502545695977788945670788447816777999655543574/209304334506343084089243258054173236109433830201,0,0,0",718395,13,718395,13,46,True,T_pd_dbl,4161187847406076752702511169350714028476841245165813/209304334506343084089243258054173236109433830201,19881.040004
33,35,"5459643432573250526258222013560689434964848139/75799754161568066164882615641947573140715309376,20073221261113988525083380560327638573797410491/145282862143005460149358346647066181853037676304,0,20929827242050271672125859070084980469017941291/435848586429016380448075039941198545559113028912,0,445811937362262065872482640941802775739405054653/3486788691432131043584600319529588364472904231296,205911205808018898683306407219884161781717253889/3486788691432131043584600319529588364472904231296,0,0,0,439454547189001547868880638318646243993622410123/3486788691432131043584600319529588364472904231296,10316670012609150842074176726815295440959135715/3486788691432131043584600319529588364472904231296,168662988647990836497821243312826153399525337651/3486788691432131043584600319529588364472904231296,14579721989321599826710598754076025776665300527/1162262897144043681194866773176529454824301410432,45500355760521925947059371361974203608694188059/435848586429016380448075039941198545559113028912,40887318514323055372926538037072347564955276875/435848586429016380448075039941198545559113028912,0,9672363562833484701752412759027028587322923187/217924293214508190224037519970599272779556514456,0,213346719569340358182545659389122953234826125357/1743394345716065521792300159764794182236452115648,0,0,0",719979,13,719979,13,46,True,T_pd_dbl,34660528136539588351632589847242843695682365993478453/1743394345716065521792300159764794182236452115648,19881.060313
33,36,"5241940952588609655644411/46590995747589947915094266,4590531995329099317216021/46590995747589947915094266,4590531995329099317216021/46590995747589947915094266,5241940952588609655644411/46590995747589947915094266,0,0,0,1486510080272693745423685/23295497873794973957547133,0,338971135012130144935111/23295497873794973957547133,1140261702804119221198185/46590995747589947915094266,0,2759906243696549955691047/23295497873794973957547133,3151988305110398071388830/23295497873794973957547133,2759906243696549955691047/23295497873794973957547133,0,1140261702804119221198185/46590995747589947915094266,338971135012130144935111/23295497873794973957547133,0,1486510080272693745423685/23295497873794973957547133,0,0,0",751247,13,751247,13,23,True,T_pd_dbl,463138842681585076639072011981/23295497873794973957547133,19881.04505
33,37,"344283893000074589933106/5284155932207628058456361,699322680804102650135670/5284155932207628058456361,0,265423950629663467276820/5284155932207628058456361,0,699322680804102650135670/5284155932207628058456361,344283893000074589933106/5284155932207628058456361,0,0,0,1315664063229103707126001/10568311864415256116912722,0,246541959816794924533783/5284155932207628058456361,36710991937663443593673/5284155932207628058456361,524674433615794833830538/5284155932207628058456361,524674433615794833830538/5284155932207628058456361,36710991937663443593673/5284155932207628058456361,246541959816794924533783/5284155932207628058456361,0,1315664063229103707126001/10568311864415256116912722,0,0,0",783467,13,783467,13,23,True,T_pd_dbl,105054621538865868701301645924/5284155932207628058456361,19881.060076
33,38,"752337076547270487596074/7946010510919274453063667,481295154935412151055830/7946010510919274453063667,173640924185626080904990/2648670170306424817687889,0,0,1299002006409972913641803/15892021021838548906127334,325221904975179046911355/7946010510919274453063667,545259456478261599255580/7946010510919274453063667,325221904975179046911355/7946010510919274453063667,1299002006409972913641803/15892021021838548906127334,0,0,173640924185626080904990/2648670170306424817687889,481295154935412151055830/7946010510919274453063667,752337076547270487596074/7946010510919274453063667,0,0,0,323699205000260013934971/2648670170306424817687889,323699205000260013934971/2648670170306424817687889,0,0,0",816103,13,816103,13,23,True,T_pd_dbl,157974824250618929006220272434/7946010510919274453063667,19881.023821
33,39,"1211617706072342740197/10044262418586852449927,25544098092170164846935/190840985953150196548613,23266935530095897687013/190840985953150196548613,10817929728236803635694/190840985953150196548613,1292123217684317931885/381681971906300393097226,0,0,11363034549132545340820/190840985953150196548613,0,0,1292123217684317931885/381681971906300393097226,10817929728236803635694/190840985953150196548613,23266935530095897687013/190840985953150196548613,25544098092170164846935/190840985953150196548613,1211617706072342740197/10044262418586852449927,0,0,0,6443214327289288404569/190840985953150196548613,6443214327289288404569/190840985953150196548613,0,0,0",818335,13,818335,13,23,True,T_pd_dbl,3794119763399076431056591758/190840985953150196548613,19881.053037
33,40,"243772652255195777311009901088016997995786036448/2736932854929951596125712366537746458280630429945,25521194925400651335100946663656058345454041216/248812077720904690556882942412522405298239129995,36999065597362947588327012993700738496199469346/2736932854929951596125712366537746458280630429945,15120229250281884259995974358968360390177563702/2736932854929951596125712366537746458280630429945,0,402547194004083342062404362495543387973232539599/2736932854929951596125712366537746458280630429945,153515421304670291510958681871804899048513300342/2736932854929951596125712366537746458280630429945,0,0,173313082945351799085511081831189085313156041376/2736932854929951596125712366537746458280630429945,282079607141567580067168592857271711925009090188/2736932854929951596125712366537746458280630429945,0,85517283883265709842254535925462677844445357456/2736932854929951596125712366537746458280630429945,0,60962114931022285776986122795111246458810022236/547386570985990319225142473307549291656126085989,43502081108160111050862818597441935361780056072/547386570985990319225142473307549291656126085989,0,0,143345786205360938454496901173171406435917522614/2736932854929951596125712366537746458280630429945,397668407967492177118230201679634641955248663958/2736932854929951596125712366537746458280630429945,0,0,0",841327,13,841327,13,46,True,T_pd_dbl,54413117290265283584112342334601319933201351466572184/2736932854929951596125712366537746458280630429945,19881.056706
33,41,"5677455285109344236457535260191282652331317676/60605389141341626181692256042380243392937335431,5844839491057028898089751501648672358134738848/60605389141341626181692256042380243392937335431,2758239881900126753329091466233450187475053152/303026945706708130908461280211901216964686677155,0,2913758114606134005139814624234633590012354286/303026945706708130908461280211901216964686677155,45464464754743917986801736023044293277818877493/303026945706708130908461280211901216964686677155,5271217122495480365188804960113081228503796522/101008981902236043636153760070633738988228892385,0,0,21437966455613468379931033724397912188320438388/303026945706708130908461280211901216964686677155,30700098236886711202024013564746200574964726554/303026945706708130908461280211901216964686677155,0,1409747219420118221711767017009185828587509596/60605389141341626181692256042380243392937335431,0,34955663149424081196730481875239953497845442156/303026945706708130908461280211901216964686677155,22755418246622591252455898332750133957927752222/303026945706708130908461280211901216964686677155,0,0,6147490933391381489148045843511215645568594546/101008981902236043636153760070633738988228892385,2875000181421203852516225953075736324855801940/20201796380447208727230752014126747797645778477,0,0,0",841335,13,841335,13,46,True,T_pd_dbl,6024496103513908710874253523660888226786171909815248/303026945706708130908461280211901216964686677155,19881.057407
33,42,"22638305743932488082511774296426888637953975485/239345464600250932759436059764469853419265289903,7809852255108979136485186977123859563175987081/79781821533416977586478686588156617806421763301,2565116385687264235561666322384107299974549902/239345464600250932759436059764469853419265289903,0,0,3924407099279797164025959751293343309102401074/26593940511138992528826228862718872602140587767,13460023668282769173599712945247704064199352790/239345464600250932759436059764469853419265289903,1156242443722443719810905313470692832839426730/239345464600250932759436059764469853419265289903,0,5477041665752202207066990826032197415946554439/79781821533416977586478686588156617806421763301,24223921189702754704960000927147827302913554482/239345464600250932759436059764469853419265289903,0,7229040853438332368797431307691718141212568274/239345464600250932759436059764469853419265289903,0,26391787837411702724681534692748026270705334758/239345464600250932759436059764469853419265289903,5667771142813353952554000946044688724845908236/79781821533416977586478686588156617806421763301,0,0,1583204001537962085388625949952657796151830132/26593940511138992528826228862718872602140587767,35248531379689738616463226400536641810273097360/239345464600250932759436059764469853419265289903,0,0,0",841447,13,841447,13,46,True,T_pd_dbl,4758440835624085716614367845993703364515845370602900/239345464600250932759436059764469853419265289903,19881.057047
33,43,"51079469013280869850154967226858355697154924123/372554160468479751661577661585697497164006684691,22977511801550297005329806776847424997333093570/372554160468479751661577661585697497164006684691,3057835302354736384117563948934163264295011384/372554160468479751661577661585697497164006684691,0,9073395237875427247441461850491346544890821146/124184720156159917220525887195232499054668894897,43791474253614317187394498146393922161697123163/372554160468479751661577661585697497164006684691,0,2079269450439421615463115817323945679821516498/124184720156159917220525887195232499054668894897,0,39064820402033401988129230240149223668383618153/372554160468479751661577661585697497164006684691,25489703382401133010218123056614569640140716380/372554160468479751661577661585697497164006684691,0,0,18605772848429066980443308940247694469782417522/372554160468479751661577661585697497164006684691,56638982421748679623580003009647102555232788346/372554160468479751661577661585697497164006684691,7157565787452503208586983300162378565557488570/372554160468479751661577661585697497164006684691,0,0,11867039057466905869385614686908905195633383142/124184720156159917220525887195232499054668894897,11877304672756494075584199958556689961130780374/124184720156159917220525887195232499054668894897,0,0,0",845495,13,845495,13,46,True,T_pd_dbl,7406770609807629144123698583069288033501870283681880/372554160468479751661577661585697497164006684691,19881.057295
33,44,"527062968036001808740428535316735516666467579056/7348231435819815160231247262213980661833654083513,576515947036186195286443049917386122139033182804/7348231435819815160231247262213980661833654083513,516085587127434309309076476149423597133298215968/7348231435819815160231247262213980661833654083513,0,789510782752270163546268805173470335384072928576/7348231435819815160231247262213980661833654083513,752946788825786713880464254331677989137280398644/7348231435819815160231247262213980661833654083513,0,0,224365767976151139797587295127902956730285023270/7348231435819815160231247262213980661833654083513,498590018919274594096657451712413557245952936099/7348231435819815160231247262213980661833654083513,0,244177987763171741851946818457499228229107826960/7348231435819815160231247262213980661833654083513,0,453430074435717950067326344182919345265769535048/7348231435819815160231247262213980661833654083513,1102545748800363328637282514934423931862305126836/7348231435819815160231247262213980661833654083513,535944132431674569857534634558352492906823128744/7348231435819815160231247262213980661833654083513,0,0,856123188630603140293888898427217759345987712654/7348231435819815160231247262213980661833654083513,270932443085179504866342183924557829787270488854/7348231435819815160231247262213980661833654083513,0,0,0",846647,13,846647,13,46,True,T_pd_dbl,146090438441992162300115291793232078457147668557269128/7348231435819815160231247262213980661833654083513,19881.033922
33,45,"73413367502220151872451/603950945180280833562346,50404917942366760717111/3321730198491544584592903,145448275972960847982960/3321730198491544584592903,0,323400225744341251235030/3321730198491544584592903,323400225744341251235030/3321730198491544584592903,0,145448275972960847982960/3321730198491544584592903,50404917942366760717111/3321730198491544584592903,73413367502220151872451/603950945180280833562346,0,0,0,229616331214291009443885/3321730198491544584592903,462453218346873795044107/3321730198491544584592903,0,91537217525455585149756/3321730198491544584592903,0,462453218346873795044107/3321730198491544584592903,229616331214291009443885/3321730198491544584592903,0,0,0",877495,13,877495,13,23,True,T_pd_dbl,66039516559128942295763054144/3321730198491544584592903,19881.059753
33,46,"30840542061445510793738325463781155748959417585/222181190197603366556742276813663871360978116058,6701032738193617878695186174084652029951490673/222181190197603366556742276813663871360978116058,2638068005320584078564070347298345003911439055/111090595098801683278371138406831935680489058029,0,38346424693366396886707070984553176930818240123/444362380395206733113484553627327742721956232116,47187593766691428098009583087960377756790945007/444362380395206733113484553627327742721956232116,0,3940951659720445082904856455948251403191739704/111090595098801683278371138406831935680489058029,0,52595167815655259399795709785533338274233316773/444362380395206733113484553627327742721956232116,15592342144501108666262435729455156083843141137/444362380395206733113484553627327742721956232116,0,0,13523679835018792156947103536936330922214240919/222181190197603366556742276813663871360978116058,16030033287837388185603908777658786985802050322/111090595098801683278371138406831935680489058029,0,2395695723476957261288991292079495445276960418/111090595098801683278371138406831935680489058029,0,26166721134478370290355201383470272639648231135/222181190197603366556742276813663871360978116058,9039476432824614847447703357835338910498767614/111090595098801683278371138406831935680489058029,0,0,0",878263,13,878263,13,46,True,T_pd_dbl,4417197218593774143954378480710175454563964640698109/222181190197603366556742276813663871360978116058,19881.058404
33,47,"490118978502320349174381424417634439174988261516/3804906551269471084728597220144961256117106166043,54221099364272097297255028697961055940710024370/3804906551269471084728597220144961256117106166043,185981664880276138584406919714584410084042730318/3804906551269471084728597220144961256117106166043,0,400458966909968062165679583532040484943539780149/3804906551269471084728597220144961256117106166043,361392203347362621261121010193507064642337125979/3804906551269471084728597220144961256117106166043,0,23246870289913213479216886735423867952625265114/543558078752781583532656745734994465159586595149,0,442077934433015621545260717144057543184028202383/3804906551269471084728597220144961256117106166043,0,16277822901458443485683986916332528372506355652/1268302183756490361576199073381653752039035388681,0,269254336031142540911303243107487013911362311604/3804906551269471084728597220144961256117106166043,176443314893374823864118926966957830403420878384/1268302183756490361576199073381653752039035388681,0,153002601033261871135034442820232091319164893198/3804906551269471084728597220144961256117106166043,0,72378543140409256801114383540184515457366860608/543558078752781583532656745734994465159586595149,200857459371094688642427216938327392719206254364/3804906551269471084728597220144961256117106166043,0,0,0",879287,13,879287,13,46,True,T_pd_dbl,75645575353105437710426720055281140193516287648374452/3804906551269471084728597220144961256117106166043,19881.059977
33,48,"311779661994738898499565058098053941838512169646/9318400071449264641518880058884204462437257506777,338220742634031011079945407285875590763127677265/9318400071449264641518880058884204462437257506777,751916301386129950112161479220147072555714005118/9318400071449264641518880058884204462437257506777,0,753069505449323539244785716497279696881949347440/9318400071449264641518880058884204462437257506777,1375913568106736261916223961648676470800396633720/9318400071449264641518880058884204462437257506777,631462777164955361267627240446072885924273036776/9318400071449264641518880058884204462437257506777,0,0,641432000210770338978217083398301919555362028240/9318400071449264641518880058884204462437257506777,0,290990910894000452766755127539388716392033967230/9318400071449264641518880058884204462437257506777,0,0,888701418890401534355901444413328712352549629998/9318400071449264641518880058884204462437257506777,1091214576134871984457208581609739698002792051880/9318400071449264641518880058884204462437257506777,671819258200689693960319204732360260748021897788/9318400071449264641518880058884204462437257506777,0,1001925648591386130065145802171345768327126596688/9318400071449264641518880058884204462437257506777,569953701791229484815023951823633728295398464988/9318400071449264641518880058884204462437257506777,0,0,0",903799,13,903799,13,46,True,T_pd_dbl,185259407302223108178786592973107548405368894278065488/9318400071449264641518880058884204462437257506777,19881.031709
33,49,"5290734765806056301785453926582321397555967692/63122036606397503120513887051350455507104854821,1726178873386994060307758189941397991678906771/63122036606397503120513887051350455507104854821,104161548049054042790423691041197105478410707/63122036606397503120513887051350455507104854821,7838826976492624635550121060969443354525116679/63122036606397503120513887051350455507104854821,7781288744956058572707925538779534969003283146/63122036606397503120513887051350455507104854821,0,1938590900075410297282684211052856565844476742/63122036606397503120513887051350455507104854821,5447573325219795354445725746371295982669179685/63122036606397503120513887051350455507104854821,0,0,212417792795696364500286432529337662695503445/3713060976846911948265522767726497382770873813,0,0,7261279755478834140371507240479967576681751142/63122036606397503120513887051350455507104854821,318769449555591042627341804439808139811514478/3713060976846911948265522767726497382770873813,0,5665581159436515682618283367929503159608202818/63122036606397503120513887051350455507104854821,7297061757130248516055719430490339632319570314/63122036606397503120513887051350455507104854821,0,0,3740575680394025595428604619237119129120684434/63122036606397503120513887051350455507104854821,0,0",1271007,13,1271007,13,46,True,T_pd_dbl,96533161469908497466170141449071340170157959696040/4855541277415192547731837465488496577469604217,19881.029931
33,50,"2992137585125014284435185573338021883042057828878/28731872989894355569453324078376823399620056839017,1446496108533058627675054962153105018504001650196/28731872989894355569453324078376823399620056839017,0,3396479722310280882180819105083854495507569894648/28731872989894355569453324078376823399620056839017,3713547612201489172765320836036629119340283732314/28731872989894355569453324078376823399620056839017,135257961444819869820473406425475771231514327326/28731872989894355569453324078376823399620056839017,0,171237985031166183032784930937871021095050928717/2611988453626759597223029461670620309056368803547,0,267156298137703682349507903044599906615412881662/28731872989894355569453324078376823399620056839017,1954791023730089094275781341603264646464698446862/28731872989894355569453324078376823399620056839017,0,0,3611940444261962598263215276725375729830529942628/28731872989894355569453324078376823399620056839017,3442826755339913798557683593737451443107446542264/28731872989894355569453324078376823399620056839017,0,154340840604980456549617304001237146022967542804/2611988453626759597223029461670620309056368803547,2817518143609222382537059958157209090911997382336/28731872989894355569453324078376823399620056839017,0,0,1372354253203188141186797537741646456766341023172/28731872989894355569453324078376823399620056839017,0,0",1271483,13,1271483,13,46,True,T_pd_dbl,571219376976228280129359952076274923319382794619391936/28731872989894355569453324078376823399620056839017,19881.035155
33,51,"1987196366298410443426470/19833606908719962680753017,1071821455016749457509001/19833606908719962680753017,0,2356321815477210705683157/19833606908719962680753017,2546547846193920024737771/19833606908719962680753017,0,0,2662371841509813417729465/39667213817439925361506034,239343539358179206028013/39667213817439925361506034,239343539358179206028013/39667213817439925361506034,2662371841509813417729465/39667213817439925361506034,0,0,2546547846193920024737771/19833606908719962680753017,2356321815477210705683157/19833606908719962680753017,0,1071821455016749457509001/19833606908719962680753017,1987196366298410443426470/19833606908719962680753017,0,0,1008116561879388794282741/19833606908719962680753017,0,0",1271707,13,1271707,13,23,True,T_pd_dbl,394312636843772461199408726989/19833606908719962680753017,19881.035187
33,52,"714914153496404718589510/6864336134250786821268541,55883188447637383480132/980619447750112403038363,0,821945469959281872004639/6864336134250786821268541,1707960069807085318243471/13728672268501573642537082,140760764063840454676851/13728672268501573642537082,0,257788342889917210918029/3922477791000449612153452,0,0,257788342889917210918029/3922477791000449612153452,0,140760764063840454676851/13728672268501573642537082,1707960069807085318243471/13728672268501573642537082,821945469959281872004639/6864336134250786821268541,0,55883188447637383480132/980619447750112403038363,714914153496404718589510/6864336134250786821268541,0,0,514544430173708520449943/13728672268501573642537082,0,0",1275067,13,1275067,13,23,True,T_pd_dbl,136470105866547238764011299213/6864336134250786821268541,19881.034844
33,53,"351814287258634381872518016581130909309199631456/68148222399547120160058858235894423074677181213865,8914969521707831915388902002076848041590273980712/68148222399547120160058858235894423074677181213865,7942237332299381866481906056333865451792530584352/68148222399547120160058858235894423074677181213865,0,5946590887482552226489901026807362566937353113246/68148222399547120160058858235894423074677181213865,2915919140368130290872608529972842488436815371873/68148222399547120160058858235894423074677181213865,3160814489646670188556490188004509834603708605022/68148222399547120160058858235894423074677181213865,0,3083657678062263353289537476490195645138665461496/68148222399547120160058858235894423074677181213865,0,0,6477135348457750348354600951490636941926296510728/68148222399547120160058858235894423074677181213865,0,893841516526553903457717276224578311200148825116/13629644479909424032011771647178884614935436242773,189300658732726484713100083301502000244935389464/1841843848636408652974563736105254677693977870645,8736957373728208773493262308691858101889514317278/68148222399547120160058858235894423074677181213865,0,0,966543587672614377909926797897686853518287690262/13629644479909424032011771647178884614935436242773,0,4312076446428975474036208226678273260398031650644/68148222399547120160058858235894423074677181213865,0,0",1370487,13,1370487,13,46,True,T_pd_dbl,1354857326188477759144323621668467700036240463619497872/68148222399547120160058858235894423074677181213865,19881.036929
33,54,"5492584970933545965622926/48791002746895237139223823,1764456970648806479717133/48791002746895237139223823,4166203018930626923130529/48791002746895237139223823,1764456970648806479717133/48791002746895237139223823,5492584970933545965622926/48791002746895237139223823,0,0,2911231124112343158128844/48791002746895237139223823,0,3736026486963573147114340/48791002746895237139223823,0,2385577914713374026247058/48791002746895237139223823,0,6022522396610662331216346/48791002746895237139223823,6022522396610662331216346/48791002746895237139223823,0,2385577914713374026247058/48791002746895237139223823,0,3736026486963573147114340/48791002746895237139223823,0,2911231124112343158128844/48791002746895237139223823,0,0",1403551,13,1403551,13,23,True,T_pd_dbl,970015674892794530200025673144/48791002746895237139223823,19881.035853
33,55,"1533245463369334350986189152747630029046061318373/12497419208130893029753280293691331733904973785254,7288871600451460505373614587697669611102437756/132951268171605244997375322273312039722393338141,964405066065730028916875205052322205419613011071/12497419208130893029753280293691331733904973785254,0,703260869698708643212723543859634725242888788186/6248709604065446514876640146845665866952486892627,334264755386207097690333044093532165621698302581/12497419208130893029753280293691331733904973785254,0,648394799752869750284744941897913931052715676555/12497419208130893029753280293691331733904973785254,0,917158005988000773256722333633823699930490087719/12497419208130893029753280293691331733904973785254,0,840656666449103452831650368103015124094710626383/12497419208130893029753280293691331733904973785254,0,28527589496133207936768284767411178439418982997/265902536343210489994750644546624079444786676282,809073531898656037487122419772352668176129355497/6248709604065446514876640146845665866952486892627,0,373793638176029494636031151333590002586586636155/12497419208130893029753280293691331733904973785254,0,1279588039262241343884463537846662622746015695779/12497419208130893029753280293691331733904973785254,0,555293333725949315333349476406960836472724793349/12497419208130893029753280293691331733904973785254,0,0",1403575,13,1403575,13,46,True,T_pd_dbl,248461701245593502347397842778573916257182068698256183/12497419208130893029753280293691331733904973785254,19881.040806
33,56,"6274334854326894396845496531056250812417371262417/57233862298601360278205543927062594050861518826907,4238554538479310142078392324925963622935878576484/57233862298601360278205543927062594050861518826907,4715773521595169958354087462393230540169514362417/57233862298601360278205543927062594050861518826907,0,5981250148725266311533032297321913942324427435275/57233862298601360278205543927062594050861518826907,0,0,3283230808547647551754289708745638210146091819536/57233862298601360278205543927062594050861518826907,2476342864971375594271193000147566820970752386381/114467724597202720556411087854125188101723037653814,7113535029444696724918364139002886915815859343853/114467724597202720556411087854125188101723037653814,0,4177755040503754120371596828654714281627478243043/57233862298601360278205543927062594050861518826907,0,6929737131277682132844073857304094806302006915601/57233862298601360278205543927062594050861518826907,7175120436307517087767921070330729674287767279314/57233862298601360278205543927062594050861518826907,0,418708709868062639000924573579459467147174445367/57233862298601360278205543927062594050861518826907,0,5577197461922590016664386261793900009456987187400/57233862298601360278205543927062594050861518826907,0,3667260699839429761396564441381471815653515434936/57233862298601360278205543927062594050861518826907,0,0",1403799,13,1403799,13,46,True,T_pd_dbl,1137868634080253374380109416674620998530049503222925179/57233862298601360278205543927062594050861518826907,19881.038748
33,57,"360694559609407779831791362125163537637351039958/2783114984094791844197104699435324559891939428757,262033260998531769884976913551666301890799529992/2783114984094791844197104699435324559891939428757,186419941618210124965391985098569684822445220556/2783114984094791844197104699435324559891939428757,0,269853775692074425960954752331050216917117662064/2783114984094791844197104699435324559891939428757,0,0,137620159524032299907715542399384742404065287896/2783114984094791844197104699435324559891939428757,0,143538410863592597564578873193989114722015444598/2783114984094791844197104699435324559891939428757,101357187218888760307097655501555865424390271781/2783114984094791844197104699435324559891939428757,235274935786028147576070776592943822357156707798/2783114984094791844197104699435324559891939428757,0,327172310098222909852952403786410835159764769024/2783114984094791844197104699435324559891939428757,360223850549373224959877468565542814788609055496/2783114984094791844197104699435324559891939428757,0,13254513971618803446954702753022600009055568992/2783114984094791844197104699435324559891939428757,0,192355139743686786415452483180799905332096794916/2783114984094791844197104699435324559891939428757,0,193316938421124213523289780355225118427072075686/2783114984094791844197104699435324559891939428757,0,0",1404567,13,1404567,13,46,True,T_pd_dbl,1907972859501398564784599925290850927429528795895952/95969482210165236006796713773631881375584118233,19881.037342
33,58,"1760230132961146994215828/25367925899369089085725835,8986374837345837286512448/126839629496845445428629175,0,6071137398959933591718842/126839629496845445428629175,18162489703174893482045431/126839629496845445428629175,6071137398959933591718842/126839629496845445428629175,0,8986374837345837286512448/126839629496845445428629175,1760230132961146994215828/25367925899369089085725835,0,0,319633536146024041787932/25367925899369089085725835,0,13550226711668787111508892/126839629496845445428629175,3066302520664972560706578/25367925899369089085725835,0,0,3066302520664972560706578/25367925899369089085725835,13550226711668787111508892/126839629496845445428629175,0,319633536146024041787932/25367925899369089085725835,0,0",1468859,13,1468859,13,23,True,T_pd_dbl,2521703406021459108205775916464/126839629496845445428629175,19881.037307
33,59,"9974639765563480262713448/159203906733828883844263903,14314551503201584506596306/159203906733828883844263903,6799000621741169947166654/159203906733828883844263903,0,15784644652600280868800663/159203906733828883844263903,0,6799000621741169947166654/159203906733828883844263903,14314551503201584506596306/159203906733828883844263903,9974639765563480262713448/159203906733828883844263903,0,0,11765970443921603260035248/159203906733828883844263903,0,16564990479241181244806596/159203906733828883844263903,12290478226945282266413368/159203906733828883844263903,0,0,12290478226945282266413368/159203906733828883844263903,16564990479241181244806596/159203906733828883844263903,0,11765970443921603260035248/159203906733828883844263903,0,0",1468887,13,1468887,13,23,True,T_pd_dbl,3165135360141092139211769674112/159203906733828883844263903,19881.015643
33,60,"1803402797474563511417538534484273318252834117312/14759956592519803363024280761893348290659794000947,1851033756264436824102984455629550238092844573202/14759956592519803363024280761893348290659794000947,362041372536783296605754823892940837650739315310/14759956592519803363024280761893348290659794000947,0,1244029668870265271320378321991934087646565922327/14759956592519803363024280761893348290659794000947,0,432235961409277017872575402275224714311682150254/14759956592519803363024280761893348290659794000947,917284129213860103647275568953084865066452914418/14759956592519803363024280761893348290659794000947,0,0,1149791052837867198941073387834543383994830904596/14759956592519803363024280761893348290659794000947,1459026945379083624996380534190120417415733415944/14759956592519803363024280761893348290659794000947,0,1500035460126584865144217081725446390010351654564/14759956592519803363024280761893348290659794000947,1495174887393689237621385786710145664929847285016/14759956592519803363024280761893348290659794000947,0,0,727848673082241234991883894308925065807776885288/14759956592519803363024280761893348290659794000947,598241474139633935520360870495250968609701539204/14759956592519803363024280761893348290659794000947,0,1219810413791517240842472099401908338870433323512/14759956592519803363024280761893348290659794000947,0,0",1469655,13,1469655,13,46,True,T_pd_dbl,293443070314799851296243042402499798362661580795271040/14759956592519803363024280761893348290659794000947,19881.025291
33,61,"5004484049149753464311/741713761831453364103033,10909014690470475214477/114109809512531286785082,10909014690470475214477/114109809512531286785082,5004484049149753464311/741713761831453364103033,0,0,218885967030524315499103/1483427523662906728206066,42756742144595679962467/741713761831453364103033,0,0,106496736647895866210897/1483427523662906728206066,78351091810545855509953/741713761831453364103033,0,571518747906010941830/19018301585421881130847,0,78351091810545855509953/741713761831453364103033,106496736647895866210897/1483427523662906728206066,0,0,42756742144595679962467/741713761831453364103033,218885967030524315499103/1483427523662906728206066,0,0",1682639,13,1682639,13,23,True,T_pd_dbl,14746053735370169964895512307/741713761831453364103033,19881.057214
33,62,"8006255050694956616343/542042776736596906305127,155365424445651202320445/1084085553473193812610254,29376867621052392600130/542042776736596906305127,0,0,40793734774202731087029/542042776736596906305127,61751992243472405464557/542042776736596906305127,0,4981750402459872434960/542042776736596906305127,0,61751992243472405464557/542042776736596906305127,40793734774202731087029/542042776736596906305127,0,0,29376867621052392600130/542042776736596906305127,155365424445651202320445/1084085553473193812610254,8006255050694956616343/542042776736596906305127,0,0,50918951254820430006802/542042776736596906305127,50918951254820430006802/542042776736596906305127,0,0",1690983,13,1690983,13,23,True,T_pd_dbl,10776383748446786868960873336/542042776736596906305127,19881.057752
33,63,"436200275845133231339422/14666502183800416943748863,2207403619252765045763211/14666502183800416943748863,436200275845133231339422/14666502183800416943748863,0,0,1240341982163792430843276/14666502183800416943748863,1528051945560644625529248/14666502183800416943748863,0,169482237511894668927408/14666502183800416943748863,0,1911686864209878948429674/14666502183800416943748863,943785976982482043923798/14666502183800416943748863,0,0,943785976982482043923798/14666502183800416943748863,1911686864209878948429674/14666502183800416943748863,0,169482237511894668927408/14666502183800416943748863,0,1528051945560644625529248/14666502183800416943748863,1240341982163792430843276/14666502183800416943748863,0,0",1756519,13,1756519,13,23,True,T_pd_dbl,291585599408167860174847163952/14666502183800416943748863,19881.059284
33,64,"695857104240652824252187/22350476408471624726230953,2957872550395536787259521/22350476408471624726230953,0,342505753953618014101336/7450158802823874908743651,0,2682053094280808905849483/22350476408471624726230953,1856714817614576899639369/22350476408471624726230953,0,179500617080602092428604/7450158802823874908743651,0,2833443049203153253050193/22350476408471624726230953,0,179500617080602092428604/7450158802823874908743651,0,1856714817614576899639369/22350476408471624726230953,2682053094280808905849483/22350476408471624726230953,0,342505753953618014101336/7450158802823874908743651,0,2957872550395536787259521/22350476408471624726230953,695857104240652824252187/22350476408471624726230953,0,0",1758571,13,1758571,13,23,True,T_pd_dbl,444351165653484266412629555932/22350476408471624726230953,19881.060141
33,65,"578038007619423506681943/10457883407810895110997374,1395169721802981894007509/10457883407810895110997374,0,268839101398355965256335/5228941703905447555498687,0,1395169721802981894007509/10457883407810895110997374,578038007619423506681943/10457883407810895110997374,0,63253346128849618262907/5228941703905447555498687,0,644913544333583754557536/5228941703905447555498687,0,249035412959558516199923/5228941703905447555498687,0,536245133120351205756084/5228941703905447555498687,536245133120351205756084/5228941703905447555498687,0,249035412959558516199923/5228941703905447555498687,0,644913544333583754557536/5228941703905447555498687,0,63253346128849618262907/5228941703905447555498687,0",2807147,13,2807147,13,23,True,T_pd_dbl,103956904314679432237619571840/5228941703905447555498687,19881.060108
33,66,"345689531513432911591636/7493475000261460169435041,765250030296046313425343/7493475000261460169435041,0,580794172789446149951145/7493475000261460169435041,0,727558484265013607333908/7493475000261460169435041,0,804720118434308139684601/14986950000522920338870082,804720118434308139684601/14986950000522920338870082,0,727558484265013607333908/7493475000261460169435041,0,580794172789446149951145/7493475000261460169435041,0,765250030296046313425343/7493475000261460169435041,345689531513432911591636/7493475000261460169435041,0,564611993008397501598633/7493475000261460169435041,0,720946458082479061949110/7493475000261460169435041,0,564611993008397501598633/7493475000261460169435041,0",2807211,13,2807211,13,23,True,T_pd_dbl,148978005905908180445175092371/7493475000261460169435041,19881.030617
33,67,"4806569104745512973231725/57260515705814050057241272,173450848003098761005535/7157564463226756257155159,2206352700668701667785185/57260515705814050057241272,3128574530479279520910533/28630257852907025028620636,3128574530479279520910533/28630257852907025028620636,2206352700668701667785185/57260515705814050057241272,173450848003098761005535/7157564463226756257155159,4806569104745512973231725/57260515705814050057241272,0,0,0,0,2577600162996043861514087/57260515705814050057241272,3042003664509227324664775/28630257852907025028620636,5310972710494962746894743/57260515705814050057241272,0,5310972710494962746894743/57260515705814050057241272,3042003664509227324664775/28630257852907025028620636,2577600162996043861514087/57260515705814050057241272,0,0,0,0",487679,14,487679,14,23,False,F_not_pd_kay_0_1,1138397554623055796037677487329/57260515705814050057241272,19881.021688
33,68,"3759673076128027819139970730773013941781639647965/58522613221659393924239826551040423722867082111902,7385521190215409068540406364321305207955754100499/58522613221659393924239826551040423722867082111902,3287734663797317498837974786441194818869844103531/58522613221659393924239826551040423722867082111902,5646804558927737438749956433101491720447352383831/58522613221659393924239826551040423722867082111902,3258874900002478372613353311965576545582504669861/58522613221659393924239826551040423722867082111902,1835877945141109795075032548668514742193239218742/29261306610829696962119913275520211861433541055951,0,0,547866854290102204478486410679543138239109143599/29261306610829696962119913275520211861433541055951,0,3616363499657243184477094603066034545835094907931/58522613221659393924239826551040423722867082111902,0,1554477245013008583830426366142148798618794111531/29261306610829696962119913275520211861433541055951,2564469937580384139191460874165483458095139180814/29261306610829696962119913275520211861433541055951,4204150288745573928676121164760414266194196643465/29261306610829696962119913275520211861433541055951,2483669326771471482554249528016144269221573468412/29261306610829696962119913275520211861433541055951,0,989346591874186147635142708676888318720980307660/29261306610829696962119913275520211861433541055951,0,1603962477049753989499615559576766479914414074919/29261306610829696962119913275520211861433541055951,0,0,0",718143,14,718143,14,46,False,F_not_pd_kay_0_1,581744784031959742046484567500523368216406416237688453/29261306610829696962119913275520211861433541055951,19881.025539
33,69,"12900075839075546532265126039716996996592178183983/121537835955125916635619268395736215962339368550029,8815804233751411041195292019791091595412791242483/121537835955125916635619268395736215962339368550029,9840839098747513512283643509187469444557113972769/121537835955125916635619268395736215962339368550029,5385311098742409589130959753664689375700083985945/121537835955125916635619268395736215962339368550029,3815687610451238324690388533495580637350030838992/121537835955125916635619268395736215962339368550029,5347498799866967785041506093704790751359631875433/121537835955125916635619268395736215962339368550029,0,6848325669565384535033813831335269653114004101634/121537835955125916635619268395736215962339368550029,3764307511622510961591829681020257098471977341054/121537835955125916635619268395736215962339368550029,8118172261579898009785015195678822772107740104958/121537835955125916635619268395736215962339368550029,0,0,8434441382966367776541448789921204383995997355882/121537835955125916635619268395736215962339368550029,12774719991811781760921157182731457160202227540066/121537835955125916635619268395736215962339368550029,15510501266172377408985424762605891154919579362302/121537835955125916635619268395736215962339368550029,0,0,0,10293485505459484991067663559685906921500885088280/121537835955125916635619268395736215962339368550029,9688665685313024407085999443196788017055127556248/121537835955125916635619268395736215962339368550029,0,0,0",816063,14,816063,14,46,False,F_not_pd_kay_0_1,2416296042619636042783071982603824480996166154264547300/121537835955125916635619268395736215962339368550029,19881.019138
33,70,"317485730241356448266813642210960724167751920221/2333468915014668144994146195232169901231367119406,207469371871561706578143171902751638529473149467/2333468915014668144994146195232169901231367119406,115174358879516753557688195005826138903527431395/2333468915014668144994146195232169901231367119406,110752606274115393458625065810599325886754621535/2333468915014668144994146195232169901231367119406,45469437905652288650268175485227195332035850065/2333468915014668144994146195232169901231367119406,68739951214251612355636545621337842871539862814/1166734457507334072497073097616084950615683559703,0,49977713585717498760577910268810250175602285527/1166734457507334072497073097616084950615683559703,0,75170845655474759467592120517786781620962082244/1166734457507334072497073097616084950615683559703,130197238303866378700101943676920778895235895623/2333468915014668144994146195232169901231367119406,0,77490730630910175030584537643678617457387333867/1166734457507334072497073097616084950615683559703,106846697802273404483273102288653105462865100690/1166734457507334072497073097616084950615683559703,158389176928683964371834308939332998392258740589/1166734457507334072497073097616084950615683559703,0,0,0,56410842555739846379413550608157704767836196896/1166734457507334072497073097616084950615683559703,110434127396248327042340924682184749009842522923/1166734457507334072497073097616084950615683559703,0,0,0",816831,14,816831,14,46,False,F_not_pd_kay_0_1,23195880425007975317076797780948129426779536938367365/1166734457507334072497073097616084950615683559703,19881.028006
33,71,"834254693046031785806236601493857847768407536396/17232317117461441127366076141449750436495859388215,1005885423504870060552244149989493285742119437578/17232317117461441127366076141449750436495859388215,1022299013128915809245196306270649716369466261776/17232317117461441127366076141449750436495859388215,0,1370511466047538562703116484741831798703550943751/17232317117461441127366076141449750436495859388215,4228564842519984319186129629114053604731711666393/34464634234922882254732152282899500872991718776430,401631191203249868138493562436155866791557500554/17232317117461441127366076141449750436495859388215,129776447708266635350900113631663136699407724187/17232317117461441127366076141449750436495859388215,894821551949876643954321765851225496783254319508/17232317117461441127366076141449750436495859388215,2984852250373489772710272277148685638384407982579/34464634234922882254732152282899500872991718776430,0,0,0,129958533462791267798888389059968915491533699046/3446463423492288225473215228289950087299171877643,448578790057669180000045373264852766948179903034/3446463423492288225473215228289950087299171877643,273486522382724258080850490317148812178318023831/3446463423492288225473215228289950087299171877643,0,0,2234067542551032859936516186163715528335640418419/17232317117461441127366076141449750436495859388215,294448402471799665266385750905987132930847458401/3446463423492288225473215228289950087299171877643,0,0,0",844791,14,844791,14,46,False,F_not_pd_kay_0_1,342596232076955193625106279542123889493540003281497716/17232317117461441127366076141449750436495859388215,19881.031073
33,72,"70048415480040761379875681128730980946480619733/1702686699777640852286238349724756716294038859822,151793695937100511414385776186195447172425192789/1702686699777640852286238349724756716294038859822,157831155024113455126609434180949812204331310291/1702686699777640852286238349724756716294038859822,101855697513931428238942214472292296938471458641/1702686699777640852286238349724756716294038859822,124461829762108021118334520462735877078255089545/1702686699777640852286238349724756716294038859822,63415943410635822704621719316388569498822018742/851343349888820426143119174862378358147019429911,0,0,38996080286235045522887690143102642337402981915/851343349888820426143119174862378358147019429911,39951207421476410522624448041884385810529596131/851343349888820426143119174862378358147019429911,0,0,29139690967277752486202690853036587501288572261/851343349888820426143119174862378358147019429911,68927101622341646339100621368388273729080069223/851343349888820426143119174862378358147019429911,122819316288836563173692111026274560070493370415/851343349888820426143119174862378358147019429911,78167127051813923476731042078860863666283188285/851343349888820426143119174862378358147019429911,0,0,117654879485074624937762742455728583608374006889/1702686699777640852286238349724756716294038859822,2531791907316782147858087767953998766260568105/44807544730990548744374693413809387270895759469,0,0,0",848703,14,848703,14,46,False,F_not_pd_kay_0_1,16925570338899850406536918683494157613208688060579186/851343349888820426143119174862378358147019429911,19881.015505
33,73,"8094204981205376871552031251907653888284945696710/225857185900417118640476477647133684509213099504829,30904226144748703220128284750460236516910559834950/225857185900417118640476477647133684509213099504829,25281799179564262783831101795014986177999041917234/225857185900417118640476477647133684509213099504829,0,9174466352853194733500675315596552975408278934016/225857185900417118640476477647133684509213099504829,21062179559047169705008420351365774060100002945679/225857185900417118640476477647133684509213099504829,10094297703466642667817697877669033329157036518950/225857185900417118640476477647133684509213099504829,0,5584847338934074646470615252516073285679435599984/225857185900417118640476477647133684509213099504829,0,0,16453751792395556486619931879692173821043168313933/225857185900417118640476477647133684509213099504829,12617482425732199216697515931253900410953252962741/225857185900417118640476477647133684509213099504829,10263675889310189182117977761327631462921193467027/225857185900417118640476477647133684509213099504829,24546398790967059768374180762444388910903864140043/225857185900417118640476477647133684509213099504829,25126839958554561330012981671352289034281514043820/225857185900417118640476477647133684509213099504829,0,0,17794454491182728168419191294136413858402045633290/225857185900417118640476477647133684509213099504829,8858561292455399859925871752396576777168759496452/225857185900417118640476477647133684509213099504829,0,0,0",850295,14,850295,14,46,False,F_not_pd_kay_0_1,4490271945027742912693801986089771179950126950163787180/225857185900417118640476477647133684509213099504829,19881.023166
33,74,"7859929389576729612016715351773653749320849291387/137289254339166916978275887908941918151662604138693,18606479764143419652294501400598329524800433171996/137289254339166916978275887908941918151662604138693,15594829880816085591619656635369759310521588626621/137289254339166916978275887908941918151662604138693,0,0,20538747338852581003185022043864406609918061364265/274578508678333833956551775817883836303325208277386,15015121176268828199650829187962456585019804101519/274578508678333833956551775817883836303325208277386,8437886120984831987762696976946949747281160438775/274578508678333833956551775817883836303325208277386,5794654044804243514165591264965976283829853663601/274578508678333833956551775817883836303325208277386,0,0,9561380660498731724738372698899998955568519825041/137289254339166916978275887908941918151662604138693,12012127705198451542957711675037467398454567545248/137289254339166916978275887908941918151662604138693,7551216283952376370239296891439276440939943952951/137289254339166916978275887908941918151662604138693,12371367110623419541380653896296805046045422811292/137289254339166916978275887908941918151662604138693,9900499843926981704461811879015957165403411597732/137289254339166916978275887908941918151662604138693,0,0,10526998672791786228425657975953430874446887286281/137289254339166916978275887908941918151662604138693,8411220687183692657759439767687345073136540246064/137289254339166916978275887908941918151662604138693,0,0,0",850407,14,850407,14,46,False,F_not_pd_kay_0_1,2729449822989862413289403459050076229454226714872947199/137289254339166916978275887908941918151662604138693,19881.015715
33,75,"5289019731030078168596119992714937319043728825913/62960804170101566897236815961989402476942418043495,1810527829442635122574184566215420331003536523832/12592160834020313379447363192397880495388483608699,6070388613721837319386173754796757818116421546809/62960804170101566897236815961989402476942418043495,0,0,4843503782944262596810417951106589139645608443226/62960804170101566897236815961989402476942418043495,3011955290207108709555563649584633437754027094758/62960804170101566897236815961989402476942418043495,1659412025589057723860655392936983622978081322759/62960804170101566897236815961989402476942418043495,0,0,3612847752507818271436182627099776294548164984921/125921608340203133794473631923978804953884836086990,9391570484547633556991370868294094297538046789057/125921608340203133794473631923978804953884836086990,10762014770199131962362747573059832869992081440229/125921608340203133794473631923978804953884836086990,6952222261912286007911846633035711829425562842273/125921608340203133794473631923978804953884836086990,2496862247760030355485412775138040932069144541313/25184321668040626758894726384795760990776967217398,1118034855636402920165153335522453273887032043123/17988801191457590542067661703425543564840690869570,0,0,105691477877940465057852586734808184517594681289/1798880119145759054206766170342554356484069086957,545725514993887068641354198733673798820236116186/8994400595728795271033830851712771782420345434785,0,0,0",851175,14,851175,14,46,False,F_not_pd_kay_0_1,1251724896442010161025673410263047666051511456028719431/62960804170101566897236815961989402476942418043495,19881.018245
33,76,"15514929771622032184241738435293478512481508232009/150394348000585994959279416198444396954400575184005,6110492030850536741287904683623067007158852111009/150394348000585994959279416198444396954400575184005,905855671560072484924356194687028910429826928305/10026289866705732997285294413229626463626705012267,7537947549367953350732638479353552999458782122063/150394348000585994959279416198444396954400575184005,0,24388044497451834446439639507482174080266540314/435925646378510130316751931009983759288117609229,6377744400872507996414717752765565025343664440334/150394348000585994959279416198444396954400575184005,1248778253102574441740346298674031363691104477726/16710483111176221662142157355382710772711175020445,0,3406376025364300569503747772933599098837046534543/50131449333528664986426472066148132318133525061335,0,0,1449246664727121602639717464564825142172460851246/16710483111176221662142157355382710772711175020445,2371157576832094040043108489743700701976739328866/30078869600117198991855883239688879390880115036801,4348145043724445714429610502680940070015318861606/50131449333528664986426472066148132318133525061335,0,1616197972245144139727293286544660335414241365056/30078869600117198991855883239688879390880115036801,0,10872029784439761668748922066222743017830453359208/150394348000585994959279416198444396954400575184005,14496928825291538709893818653364075431703866967672/150394348000585994959279416198444396954400575184005,0,0,0",881391,14,881391,14,46,False,F_not_pd_kay_0_1,2989991705950594204857174968609017607355946105270128964/150394348000585994959279416198444396954400575184005,19881.011126
33,77,"73084146520486679416440651145500534348383616247922/660865659706017732211167515454240960290231914361647,45784908916939477225059325663383586576219867606278/660865659706017732211167515454240960290231914361647,57509898368066474918835207424838193291106219250102/660865659706017732211167515454240960290231914361647,0,0,46458520862265303930235595756076744143629639057560/660865659706017732211167515454240960290231914361647,33872631434120303921889033317852456036164662442794/660865659706017732211167515454240960290231914361647,47389678607752176349644721262475428167126232829458/660865659706017732211167515454240960290231914361647,0,36212155371706971775723779853791431147913419287185/660865659706017732211167515454240960290231914361647,0,26550349450517185304562671563290933022788252663295/660865659706017732211167515454240960290231914361647,54325740156158132808442711240471757271456217054503/660865659706017732211167515454240960290231914361647,42022156600047908967130514558217903483598462029213/660865659706017732211167515454240960290231914361647,54929650840815308885462327177752168052179922931385/660865659706017732211167515454240960290231914361647,0,21493991211456345156453119013834799902242090442480/660865659706017732211167515454240960290231914361647,0,65366592484342746397857377366732412780990707475788/660865659706017732211167515454240960290231914361647,55865238881342717153430480110022612066432605043684/660865659706017732211167515454240960290231914361647,0,0,0",883431,14,883431,14,46,False,F_not_pd_kay_0_1,13138678491311817517751514400291937837047994587074879084/660865659706017732211167515454240960290231914361647,19881.012575
33,78,"137230166312798542058304554239727716902056454986/4267355393981553725245227130525468758983059680997,180739899684832829506181792491572387236112668298/4267355393981553725245227130525468758983059680997,326389535942991380389134480360365062464634608774/4267355393981553725245227130525468758983059680997,0,0,571302982987809712340503334983719475677125143138/4267355393981553725245227130525468758983059680997,390892539141877149847253175319511399867649984532/4267355393981553725245227130525468758983059680997,168302215530923107766037017950443325554347310392/4267355393981553725245227130525468758983059680997,134364009710249622480214161660424758661624283440/4267355393981553725245227130525468758983059680997,310641806415040527289847380983275668136575723054/4267355393981553725245227130525468758983059680997,0,0,196459125544666320809502240838672231394487552580/4267355393981553725245227130525468758983059680997,0,269055652445887285958932824105815194755783814998/4267355393981553725245227130525468758983059680997,338460482136379794209183819995459165501780229611/4267355393981553725245227130525468758983059680997,192769783525943744051354288884002743383812371922/4267355393981553725245227130525468758983059680997,0,499565965685682162890428072466108096853401832/4367815142253381499739229406883796068559938261,562671246127242235394829831913092018821295945408/4267355393981553725245227130525468758983059680997,0,0,0",906215,14,906215,14,46,False,F_not_pd_kay_0_1,84839396375433927940699830911379384356115861889218144/4267355393981553725245227130525468758983059680997,19881.024321
33,79,"1521251385533511732146417160171295381742860633568/40135231365184036268108113098558297547580828310119,2249098583995379454416120115138533161158583945696/40135231365184036268108113098558297547580828310119,3898931097106117038007767409915410266707102895520/40135231365184036268108113098558297547580828310119,0,0,5070565438916486782595763719998611708870533953680/40135231365184036268108113098558297547580828310119,4082478934264662950034387823357301071837325909026/40135231365184036268108113098558297547580828310119,1479621754432660291995937849548476473081255874678/40135231365184036268108113098558297547580828310119,0,1794299715074432401347986551492453742181508501263/40135231365184036268108113098558297547580828310119,0,1444448827525973147525924465103811738948768068696/40135231365184036268108113098558297547580828310119,2396662947659605420290779091878444133546969299624/40135231365184036268108113098558297547580828310119,0,2148014624537771701081906141556325154296801255564/40135231365184036268108113098558297547580828310119,3572403685802029183783227135825133154380900196584/40135231365184036268108113098558297547580828310119,398455171528521315169105949449043917399910965560/5733604480740576609729730442651185363940118330017,0,3722499834673541243799805672134846008644461899732/40135231365184036268108113098558297547580828310119,3965768334962215714898348316294348130384379117568/40135231365184036268108113098558297547580828310119,0,0,0",908007,14,908007,14,46,False,F_not_pd_kay_0_1,797929201427813489590313831611218829936704270280313552/40135231365184036268108113098558297547580828310119,19881.01661
33,80,"22444351376617565024476769523588860895004139409970/364120286406232410243103587755758542860745878254537,44090469708160018398691960972968718571756317678091/364120286406232410243103587755758542860745878254537,42948617775244024966117290321767576516745463914074/364120286406232410243103587755758542860745878254537,0,0,29202186781927181778280263457488105251228301297523/364120286406232410243103587755758542860745878254537,24711835647068921128494760408269155148001468216814/364120286406232410243103587755758542860745878254537,12597458570851113019189168662651502663265482027453/364120286406232410243103587755758542860745878254537,0,0,0,56773954325007167765597098211408874215508573251627/728240572812464820486207175511517085721491756509074,64427262801477944161172318145853354690743482962273/728240572812464820486207175511517085721491756509074,33297058304629693934549106621324004583040296474253/728240572812464820486207175511517085721491756509074,56881390620383486064361358183883673316293439139047/728240572812464820486207175511517085721491756509074,26539959519252394783299841820733862377686328959354/364120286406232410243103587755758542860745878254537,10067382938395057303668248671199458455143928357461/364120286406232410243103587755758542860745878254537,0,25986842004758793539562041110565996896552594952049/364120286406232410243103587755758542860745878254537,19841349058208194338483302225290352682568957528148/364120286406232410243103587755758542860745878254537,0,0,0",915687,14,915687,14,46,False,F_not_pd_kay_0_1,7239080301140746198925139946960014966214255141875218743/364120286406232410243103587755758542860745878254537,19881.013422
33,81,"11018504849280255033467459/177579500054888254038832124,16309816129060219165326603/177579500054888254038832124,9221397729546695477238317/177579500054888254038832124,8603150785584398882355849/177579500054888254038832124,0,8603150785584398882355849/177579500054888254038832124,9221397729546695477238317/177579500054888254038832124,16309816129060219165326603/177579500054888254038832124,11018504849280255033467459/177579500054888254038832124,0,0,0,8197134591269839898762771/88789750027444127019416062,7334591463906630899394265/88789750027444127019416062,6286714211809808432356881/88789750027444127019416062,0,0,6286714211809808432356881/88789750027444127019416062,7334591463906630899394265/88789750027444127019416062,8197134591269839898762771/88789750027444127019416062,0,0,0",946671,14,946671,14,23,False,F_not_pd_kay_0_1,882614751859779600853130508353/44394875013722063509708031,19881.005445
33,82,"1268707130976909397007599/16077973739730912918756266,1681057409074080925526753/16077973739730912918756266,924970284533897508379689/16077973739730912918756266,0,0,2113645521666402705896829/32155947479461825837512532,2047743347300431446225753/32155947479461825837512532,2807541106789630653797227/32155947479461825837512532,1359574114804672451008375/32155947479461825837512532,0,0,1359574114804672451008375/32155947479461825837512532,2807541106789630653797227/32155947479461825837512532,2047743347300431446225753/32155947479461825837512532,2113645521666402705896829/32155947479461825837512532,0,0,924970284533897508379689/16077973739730912918756266,1681057409074080925526753/16077973739730912918756266,1268707130976909397007599/16077973739730912918756266,0,0,0",948711,14,948711,14,23,False,F_not_pd_kay_0_1,159823143790858134763042490515/8038986869865456459378133,19881.005701
33,83,"1403508066422847228277974873249241436825665071182/13578876059203920737536492495903942137106416720697,5261991442306087519093831714259175308827754388530/40736628177611762212609477487711826411319250162091,550817390801906015441479464892284263087273376330/13578876059203920737536492495903942137106416720697,2164500731076521606070875080100997295214129333302/40736628177611762212609477487711826411319250162091,1320489133984982574905663104276695434337446807762/13578876059203920737536492495903942137106416720697,0,0,992234128726617916400675871438637747376479937540/40736628177611762212609477487711826411319250162091,0,170115024656252154735023730250470209001615805582/40736628177611762212609477487711826411319250162091,1169071594110830969118351307016177270939759881703/13578876059203920737536492495903942137106416720697,2681370987234704730949698365513536662332913228194/40736628177611762212609477487711826411319250162091,0,4679965732671800244043699407610324073174814917932/40736628177611762212609477487711826411319250162091,5506540718150418631825061718674356010185352078236/40736628177611762212609477487711826411319250162091,1721555920152765951349361074886863958004408632176/40736628177611762212609477487711826411319250162091,0,1304770616525724824630817947057741805982094164342/40736628177611762212609477487711826411319250162091,0,0,973974773383056090093342109872176041883084088442/13578876059203920737536492495903942137106416720697,0,0",1240735,14,1240735,14,46,False,F_not_pd_kay_0_1,809886107094766646253522926035754210929204255508866480/40736628177611762212609477487711826411319250162091,19881.029514
33,84,"538065436676236542517387860857363626228929057817/9908554106669988206173912849644562797781343758272,177736848417612697679302130137149905538159285889/2477138526667497051543478212411140699445335939568,610562272298485829592758807686222975894648669193/17339969686672479360804347486877984896117351576976,4292599358014808058681780883225290603016616294939/34679939373344958721608694973755969792234703153952,363407548203016448174443375109303842380849634385/2889994947778746560134057914479664149352891929496,0,0,2880237541662777742683126740013104390235642835999/69359878746689917443217389947511939584469406307904,1086127633393047352221800749527749719904246780995/34679939373344958721608694973755969792234703153952,0,3200667542667979343075529053612885206703073763259/69359878746689917443217389947511939584469406307904,0,0,2179106402597164453032016363917012285230176284265/17339969686672479360804347486877984896117351576976,1436521539379282394531318760488036674629538600963/11559979791114986240536231657918656597411567717984,17827751132323133497572137365301694726823589156/361249368472343320016757239309958018669111491187,73510442373406249518116262584830106400596316157/1926663298519164373422705276319776099568594619664,5474523608423154613908670593186615244075594710029/69359878746689917443217389947511939584469406307904,0,0,933754255778531680260258886548812207888471573171/17339969686672479360804347486877984896117351576976,0,0",1303967,14,1303967,14,46,False,F_not_pd_kay_0_1,689472707817562787199146625888191627059364663501636143/34679939373344958721608694973755969792234703153952,19881.024024
33,85,"473322160589970952280198265780131466201671086074/10664086342677310292094723407704861860274899235843,8891606408088259190054861204934178202581723125679/85312690741418482336757787261638894882199193886744,8546867072884321403043117847787073982699926485353/85312690741418482336757787261638894882199193886744,2608496331041817165054227470629674507530397763997/85312690741418482336757787261638894882199193886744,9644035883519254617341335510764358795072654560239/85312690741418482336757787261638894882199193886744,1774748263869451246191891617823631642695157108149/42656345370709241168378893630819447441099596943372,0,0,3211440004183103706961251004918320945805583757037/85312690741418482336757787261638894882199193886744,2689714586068268876509317527066497862410907167773/85312690741418482336757787261638894882199193886744,0,602257432270213432802439438209592386691657039373/10664086342677310292094723407704861860274899235843,0,1007187717589545758271003740308790976358869610520/10664086342677310292094723407704861860274899235843,6068850257112630675588556356916597671506475383475/42656345370709241168378893630819447441099596943372,1987054993650256107081341377415398200688225705397/21328172685354620584189446815409723720549798471686,0,0,3047387073479954130399976783916611522458731588073/42656345370709241168378893630819447441099596943372,0,832050202127629924569582528543849369001697039487/21328172685354620584189446815409723720549798471686,0,0",1370943,14,1370943,14,46,False,F_not_pd_kay_0_1,848051942069416475395227819802279096302910371240515227/42656345370709241168378893630819447441099596943372,19881.026719
33,86,"454403000218527839019283236617918853224762518532/7656277018459996925251791583782603309840841792805,1433364307688418800012074613564304023641519482703/15312554036919993850503583167565206619681683585610,1521028367091721516212412325452537371863569058053/15312554036919993850503583167565206619681683585610,525612418110932190445914042230939576231096475633/15312554036919993850503583167565206619681683585610,323607104448821872198144086914532797548227421343/3062510807383998770100716633513041323936336717122,0,0,44307483461848290242959857299189703454747811855/1531255403691999385050358316756520661968168358561,322078123481619451861128604928345878226432426202/7656277018459996925251791583782603309840841792805,302404207849122420852773900657478434627881746113/7656277018459996925251791583782603309840841792805,0,442603814372234479235134324362980351867427868148/7656277018459996925251791583782603309840841792805,0,911038942230113237728159178331215641225917283714/7656277018459996925251791583782603309840841792805,200364781584647280706035327302555129989248013679/1531255403691999385050358316756520661968168358561,429905654673937683191258530489987762554290356822/7656277018459996925251791583782603309840841792805,0,0,520390687193063152261935515651335934835546662989/7656277018459996925251791583782603309840841792805,0,501070955641309872526581661824393806319942741063/7656277018459996925251791583782603309840841792805,0,0",1371039,14,1371039,14,46,False,F_not_pd_kay_0_1,152214622074656755595100993996924404494255707395699503/7656277018459996925251791583782603309840841792805,19881.023336
33,87,"6478869297036493638931453739132834455997165495464/77425078205571712323145476367159011386219692016265,7230778190912240220433764798839102355205321243952/77425078205571712323145476367159011386219692016265,6721898797531942663797316932705669107609878041992/77425078205571712323145476367159011386219692016265,0,8546097837856887311654303872825766951071356301898/77425078205571712323145476367159011386219692016265,969948620190902140704160357217216746425029920317/25808359401857237441048492122386337128739897338755,0,1866111297723195772064005541903636872910502097538/77425078205571712323145476367159011386219692016265,1968451309017438734478884003567706573490717051364/77425078205571712323145476367159011386219692016265,1228361310797955122760431008850924380923896903288/25808359401857237441048492122386337128739897338755,0,1105185636282792988681926135099532061839846159480/15485015641114342464629095273431802277243938403253,0,7595209495010466072227783499340390879091739351452/77425078205571712323145476367159011386219692016265,10627160358876577904385510535113753070726503428168/77425078205571712323145476367159011386219692016265,3629121904414718154308684694681426219358033329994/77425078205571712323145476367159011386219692016265,0,0,2485811569858059831094273020302783327355676246944/25808359401857237441048492122386337128739897338755,0,1061029011079011874592514971479430409148478555132/25808359401857237441048492122386337128739897338755,0,0",1371063,14,1371063,14,46,False,F_not_pd_kay_0_1,513096710671582271090493941104760846957993048320434168/25808359401857237441048492122386337128739897338755,19881.027797
33,88,"104568473796207149159591/1899466294045276292310246,1093076388910264591623394/10447064617249019607706353,2141618552470004131922279/20894129234498039215412706,0,1856314575468602111724047/20894129234498039215412706,0,196569470315258814225629/6964709744832679738470902,421118953453361558273107/10447064617249019607706353,421118953453361558273107/10447064617249019607706353,196569470315258814225629/6964709744832679738470902,0,1856314575468602111724047/20894129234498039215412706,0,2141618552470004131922279/20894129234498039215412706,1093076388910264591623394/10447064617249019607706353,104568473796207149159591/1899466294045276292310246,0,0,560259727293035326944879/6964709744832679738470902,0,560259727293035326944879/6964709744832679738470902,0,0",1371095,14,1371095,14,23,False,F_not_pd_kay_0_1,138465540938920815961363872617/6964709744832679738470902,19881.021035
33,89,"3387347037805009667393363/78067240172459638421190134,3316039354795116743890635/39033620086229819210595067,8043149808295509060331339/78067240172459638421190134,0,8043149808295509060331339/78067240172459638421190134,3316039354795116743890635/39033620086229819210595067,3387347037805009667393363/78067240172459638421190134,0,0,2291302940096502523253371/78067240172459638421190134,0,6451504520536829894310009/78067240172459638421190134,0,3652494711704498137504993/78067240172459638421190134,4287871179100618220010361/39033620086229819210595067,4287871179100618220010361/39033620086229819210595067,3652494711704498137504993/78067240172459638421190134,0,6451504520536829894310009/78067240172459638421190134,0,2291302940096502523253371/78067240172459638421190134,0,0",1436279,14,1436279,14,23,False,F_not_pd_kay_0_1,1552056466180388187167217880597/78067240172459638421190134,19881.021319
33,90,"2155012919182531034520650509107947959582512605291/27231699914433319214709357336465804428083711009123,4062820323883099973758263041846381925251054529401/54463399828866638429418714672931608856167422018246,2571981843226118362867184271136676549905649279721/54463399828866638429418714672931608856167422018246,2075827253617511528434109497939851509957390868501/54463399828866638429418714672931608856167422018246,3262023215314725990007078150455192220134486299757/27231699914433319214709357336465804428083711009123,0,0,1902700835227590089350255964058090785711146692347/27231699914433319214709357336465804428083711009123,1528123904775471914140409124354221650504006553437/27231699914433319214709357336465804428083711009123,733037953074283513095490544976156981254994306499/27231699914433319214709357336465804428083711009123,0,1048672870458854378574054775128443844307559122065/27231699914433319214709357336465804428083711009123,0,3463873964437312116103755654077593904171076373215/27231699914433319214709357336465804428083711009123,3232610314093183827679576347840582357318197146795/27231699914433319214709357336465804428083711009123,0,0,3275501850610993182639393366119313442828161524005/54463399828866638429418714672931608856167422018246,2436242487785097030828593393384382197847033729547/27231699914433319214709357336465804428083711009123,0,1476335814415407796560017784562080813281570079356/27231699914433319214709357336465804428083711009123,0,0",1469343,14,1469343,14,46,False,F_not_pd_kay_0_1,541393980789394814166709057524412225143205325548977816/27231699914433319214709357336465804428083711009123,19881.020373
33,91,"1970677358374389263254852869159403896442409495596/15211960107520769950756728666831512411974365195117,1695168282171276702508116042422019608119169418725/15211960107520769950756728666831512411974365195117,465480356262717075669102068715975786017266727081/15211960107520769950756728666831512411974365195117,55872215659575636841672696063629342152970600995/2173137158217252850108104095261644630282052170731,1518395166853487018835007156878922307144437484572/15211960107520769950756728666831512411974365195117,0,0,253135247418478125259716053047976335193314480110/5070653369173589983585576222277170803991455065039,0,309526375365801995590758363581698892927620444102/15211960107520769950756728666831512411974365195117,1076834016641181046636707978432471937894544093237/15211960107520769950756728666831512411974365195117,368175280401518320702829945367608371516004631256/5070653369173589983585576222277170803991455065039,0,1797536410099606909104399031986910298204833703486/15211960107520769950756728666831512411974365195117,1962230527135355287424899095710478942733732840766/15211960107520769950756728666831512411974365195117,0,0,572207070721522722445435631181560334875837953625/15211960107520769950756728666831512411974365195117,78899591595646988007278180203393677874328412994/2173137158217252850108104095261644630282052170731,0,345523436549628072485718766548718382431820867302/5070653369173589983585576222277170803991455065039,0,0",1470111,14,1470111,14,46,False,F_not_pd_kay_0_1,302429407015024796835994831605294936021649875679852096/15211960107520769950756728666831512411974365195117,19881.028143
33,92,"651087489683277306186524647219849389982686803152/4892301163254676849214772393341566517888078990059,507029057950898938717619455594708135558083771930/4892301163254676849214772393341566517888078990059,142585775254377972578947504109842512282942064542/4892301163254676849214772393341566517888078990059,0,531412323035222100489190833507801689527089971159/4892301163254676849214772393341566517888078990059,169292136665732839624228609754635335491477381290/4892301163254676849214772393341566517888078990059,0,223048252889133132168852925549267662806146129920/4892301163254676849214772393341566517888078990059,0,143067004858258186372585672966031631884172473084/4892301163254676849214772393341566517888078990059,251662375292359059719538191750882008874565276364/4892301163254676849214772393341566517888078990059,371962250791654684009475164290594082810789894376/4892301163254676849214772393341566517888078990059,0,492170702757530784888774772137642253687366317052/4892301163254676849214772393341566517888078990059,652839986222743105717029048267943853906406229792/4892301163254676849214772393341566517888078990059,0,0,189807642052818999291444859450516172551517739770/4892301163254676849214772393341566517888078990059,356455136789849148960790308680179028467544244836/4892301163254676849214772393341566517888078990059,0,209881029010820590489770400061672760057290692792/4892301163254676849214772393341566517888078990059,0,0",1470135,14,1470135,14,46,False,F_not_pd_kay_0_1,97263979360574570101152047745916403213663335888441992/4892301163254676849214772393341566517888078990059,19881.028603
33,93,"5367325420687796605695621494389796927691842051581/40806083064931167004736129699723318120656325585441,4604570025781025289091682943450515399948541369390/40806083064931167004736129699723318120656325585441,0,1006898812148108728961068374854692601928294718033/40806083064931167004736129699723318120656325585441,9191622760533852660779308672187275959480159552673/81612166129862334009472259399446636241312651170882,110450007298342032887502951650212647502457886837/3138929466533166692672009976901793701588948121957,0,1912021621458833848676903497395207772207814650544/40806083064931167004736129699723318120656325585441,0,213032966278174665122128720864011499066843561521/40806083064931167004736129699723318120656325585441,6274008526213989291308133435294923902872028945713/81612166129862334009472259399446636241312651170882,2558948030178856047123094381597249257967206418433/40806083064931167004736129699723318120656325585441,0,4136514998150793338261147965151032138630156427150/40806083064931167004736129699723318120656325585441,5410690535521880897783723792781526554380058574861/40806083064931167004736129699723318120656325585441,0,0,2884510853305605497999526438455929041614965034267/40806083064931167004736129699723318120656325585441,1892114486933958743406142506031540495592746605240/40806083064931167004736129699723318120656325585441,0,1650789576233765939033830159557952082919809396347/40806083064931167004736129699723318120656325585441,0,0",1470139,14,1470139,14,46,False,F_not_pd_kay_0_1,811266927762926877666582291826501823564855747413661036/40806083064931167004736129699723318120656325585441,19881.029171
33,94,"24517365421506399560601894703104235667946300042531/289077616208825114505228736467576466748139791058619,28122729699311068404385250600985008479133597406272/289077616208825114505228736467576466748139791058619,17367114918530057771551693536764472362658484702471/289077616208825114505228736467576466748139791058619,15254478199028714172060551202023199339971101154539/289077616208825114505228736467576466748139791058619,7733109691827108199338309072956709158850118767003/82593604631092889858636781847878990499468511731034,0,0,20330170236851998093453317101954653703732645079084/289077616208825114505228736467576466748139791058619,1851908349255814174749439220253528279397635342025/41296802315546444929318390923939495249734255865517,0,0,12284635345972745468866412817433188550636696305803/289077616208825114505228736467576466748139791058619,11065154768635112096494600229837661961679224879102/289077616208825114505228736467576466748139791058619,38055140164628976174881570443203168775591261979055/289077616208825114505228736467576466748139791058619,33854786442854189609485060203222505786253569922576/289077616208825114505228736467576466748139791058619,0,0,37265693634891272069710394224264012859413173651271/578155232417650229010457472935152933496279582117238,20079915957625696433139583250563633608990856245838/289077616208825114505228736467576466748139791058619,0,9484035870248942764523448969229552070080603437027/289077616208825114505228736467576466748139791058619,0,0",1472927,14,1472927,14,46,False,F_not_pd_kay_0_1,5747156579726391930103699826869293506716293562571613279/289077616208825114505228736467576466748139791058619,19881.015539
33,95,"17476489753078269978155239/191908666311897183027522454,2398838319343708105267117/95954333155948591513761227,17136860869303868850589419/191908666311897183027522454,0,13558889351115313440578911/191908666311897183027522454,0,6029550925669940557446233/95954333155948591513761227,16988679488345270519400673/191908666311897183027522454,0,13936635204078571399610285/191908666311897183027522454,0,13936635204078571399610285/191908666311897183027522454,0,16988679488345270519400673/191908666311897183027522454,6029550925669940557446233/95954333155948591513761227,0,13558889351115313440578911/191908666311897183027522454,0,17136860869303868850589419/191908666311897183027522454,2398838319343708105267117/95954333155948591513761227,17476489753078269978155239/191908666311897183027522454,0,0",1927895,14,1927895,14,23,False,F_not_pd_kay_0_1,3815340009749811130639477961629/191908666311897183027522454,19881.019878
34,1,"231/7142,623/7142,887/7142,943/7142,887/7142,887/7142,943/7142,887/7142,623/7142,231/7142,0,0,0,0,0,0,0,0,0,0,0,0,0,0",1023,10,1023,10,24,True,T_pd_dbl,81745/7142,11.445673
34,2,"943/7142,623/7142,887/7142,231/7142,887/7142,887/7142,943/7142,887/7142,0,231/7142,0,623/7142,0,0,0,0,0,0,0,0,0,0,0,0",2815,10,2815,10,48,True,T_pd_dbl,81745/7142,11.445673
34,3,"887/7142,231/7142,623/7142,0,943/7142,887/7142,887/7142,943/7142,0,623/7142,231/7142,887/7142,0,0,0,0,0,0,0,0,0,0,0,0",3831,10,3831,10,24,True,T_pd_dbl,81745/7142,11.445673
34,4,"231/7142,887/7142,887/7142,943/7142,623/7142,887/7142,943/7142,887/7142,623/7142,0,0,0,231/7142,0,0,0,0,0,0,0,0,0,0,0",4607,10,4607,10,48,True,T_pd_dbl,81745/7142,11.445673
34,5,"943/7142,887/7142,887/7142,231/7142,623/7142,887/7142,943/7142,887/7142,0,0,0,623/7142,231/7142,0,0,0,0,0,0,0,0,0,0,0",6399,10,6399,10,48,True,T_pd_dbl,81745/7142,11.445673
34,6,"887/7142,943/7142,623/7142,0,231/7142,887/7142,887/7142,943/7142,0,0,231/7142,887/7142,623/7142,0,0,0,0,0,0,0,0,0,0,0",7415,10,7415,10,48,True,T_pd_dbl,81745/7142,11.445673
34,7,"887/7142,231/7142,887/7142,0,943/7142,623/7142,887/7142,943/7142,0,623/7142,0,887/7142,0,231/7142,0,0,0,0,0,0,0,0,0,0",10999,10,10999,10,48,True,T_pd_dbl,81745/7142,11.445673
34,8,"623/7142,0,943/7142,0,887/7142,231/7142,887/7142,887/7142,231/7142,887/7142,0,943/7142,0,623/7142,0,0,0,0,0,0,0,0,0,0",11253,10,11253,10,24,True,T_pd_dbl,81745/7142,11.445673
34,9,"887/7142,943/7142,887/7142,0,231/7142,623/7142,887/7142,943/7142,0,0,0,887/7142,623/7142,231/7142,0,0,0,0,0,0,0,0,0,0",14583,10,14583,10,48,True,T_pd_dbl,81745/7142,11.445673
34,10,"623/7142,887/7142,943/7142,0,0,231/7142,887/7142,887/7142,231/7142,0,0,943/7142,887/7142,623/7142,0,0,0,0,0,0,0,0,0,0",14823,10,14823,10,24,True,T_pd_dbl,81745/7142,11.445673
34,11,"943/7142,623/7142,887/7142,943/7142,887/7142,887/7142,231/7142,887/7142,0,231/7142,0,0,0,0,623/7142,0,0,0,0,0,0,0,0,0",17151,10,17151,10,48,True,T_pd_dbl,81745/7142,11.445673
34,12,"887/7142,231/7142,623/7142,887/7142,943/7142,887/7142,0,943/7142,0,623/7142,231/7142,0,0,0,887/7142,0,0,0,0,0,0,0,0,0",18111,10,18111,10,48,True,T_pd_dbl,81745/7142,11.445673
34,13,"623/7142,0,231/7142,887/7142,887/7142,943/7142,0,887/7142,231/7142,887/7142,623/7142,0,0,0,943/7142,0,0,0,0,0,0,0,0,0",18365,10,18365,10,48,True,T_pd_dbl,81745/7142,11.445673
34,14,"887/7142,0,231/7142,623/7142,887/7142,943/7142,0,887/7142,0,887/7142,623/7142,231/7142,0,0,943/7142,0,0,0,0,0,0,0,0,0",20157,10,20157,10,48,True,T_pd_dbl,81745/7142,11.445673
34,15,"887/7142,0,231/7142,0,887/7142,943/7142,623/7142,887/7142,0,887/7142,623/7142,943/7142,0,0,231/7142,0,0,0,0,0,0,0,0,0",20213,10,20213,10,48,True,T_pd_dbl,81745/7142,11.445673
34,16,"943/7142,887/7142,887/7142,943/7142,623/7142,887/7142,231/7142,887/7142,0,0,0,0,231/7142,0,623/7142,0,0,0,0,0,0,0,0,0",20735,10,20735,10,48,True,T_pd_dbl,81745/7142,11.445673
34,17,"887/7142,943/7142,623/7142,887/7142,231/7142,887/7142,0,943/7142,0,0,231/7142,0,623/7142,0,887/7142,0,0,0,0,0,0,0,0,0",21695,10,21695,10,48,True,T_pd_dbl,81745/7142,11.445673
34,18,"623/7142,887/7142,231/7142,887/7142,0,943/7142,0,887/7142,231/7142,0,623/7142,0,887/7142,0,943/7142,0,0,0,0,0,0,0,0,0",21935,10,21935,10,48,True,T_pd_dbl,81745/7142,11.445673
34,19,"231/7142,623/7142,0,943/7142,0,887/7142,0,887/7142,623/7142,231/7142,887/7142,0,943/7142,0,887/7142,0,0,0,0,0,0,0,0,0",22443,10,22443,10,48,True,T_pd_dbl,81745/7142,11.445673
34,20,"887/7142,887/7142,231/7142,623/7142,0,943/7142,0,887/7142,0,0,623/7142,231/7142,887/7142,0,943/7142,0,0,0,0,0,0,0,0,0",23727,10,23727,10,48,True,T_pd_dbl,81745/7142,11.445673
34,21,"887/7142,887/7142,231/7142,0,0,943/7142,623/7142,887/7142,0,0,623/7142,943/7142,887/7142,0,231/7142,0,0,0,0,0,0,0,0,0",23783,10,23783,10,48,True,T_pd_dbl,81745/7142,11.445673
34,22,"943/7142,623/7142,0,231/7142,0,887/7142,0,887/7142,0,231/7142,887/7142,623/7142,943/7142,0,887/7142,0,0,0,0,0,0,0,0,0",24235,10,24235,10,48,True,T_pd_dbl,81745/7142,11.445673
34,23,"943/7142,623/7142,0,0,0,887/7142,231/7142,887/7142,0,231/7142,887/7142,887/7142,943/7142,0,623/7142,0,0,0,0,0,0,0,0,0",24291,10,24291,10,48,True,T_pd_dbl,81745/7142,11.445673
34,24,"887/7142,231/7142,887/7142,887/7142,943/7142,623/7142,0,943/7142,0,623/7142,0,0,0,231/7142,887/7142,0,0,0,0,0,0,0,0,0",25279,10,25279,10,48,True,T_pd_dbl,81745/7142,11.445673
34,25,"887/7142,943/7142,887/7142,887/7142,231/7142,623/7142,0,943/7142,0,0,0,0,623/7142,231/7142,887/7142,0,0,0,0,0,0,0,0,0",28863,10,28863,10,48,True,T_pd_dbl,81745/7142,11.445673
34,26,"623/7142,887/7142,943/7142,887/7142,0,231/7142,0,887/7142,231/7142,0,0,0,887/7142,623/7142,943/7142,0,0,0,0,0,0,0,0,0",29103,10,29103,10,48,True,T_pd_dbl,81745/7142,11.445673
34,27,"231/7142,623/7142,887/7142,943/7142,0,0,0,887/7142,623/7142,231/7142,0,0,943/7142,887/7142,887/7142,0,0,0,0,0,0,0,0,0",29583,10,29583,10,48,True,T_pd_dbl,81745/7142,11.445673
34,28,"887/7142,887/7142,943/7142,623/7142,0,231/7142,0,887/7142,0,0,0,231/7142,887/7142,623/7142,943/7142,0,0,0,0,0,0,0,0,0",30895,10,30895,10,48,True,T_pd_dbl,81745/7142,11.445673
34,29,"231/7142,887/7142,887/7142,943/7142,887/7142,887/7142,943/7142,623/7142,623/7142,0,0,0,0,0,0,231/7142,0,0,0,0,0,0,0,0",33279,10,33279,10,48,True,T_pd_dbl,81745/7142,11.445673
34,30,"943/7142,887/7142,887/7142,231/7142,887/7142,887/7142,943/7142,623/7142,0,0,0,623/7142,0,0,0,231/7142,0,0,0,0,0,0,0,0",35071,10,35071,10,48,True,T_pd_dbl,81745/7142,11.445673
34,31,"887/7142,943/7142,623/7142,0,943/7142,887/7142,887/7142,231/7142,0,0,231/7142,887/7142,0,0,0,623/7142,0,0,0,0,0,0,0,0",36087,10,36087,10,48,True,T_pd_dbl,81745/7142,11.445673
34,32,"623/7142,887/7142,231/7142,0,887/7142,943/7142,887/7142,0,231/7142,0,623/7142,943/7142,0,0,0,887/7142,0,0,0,0,0,0,0,0",36215,10,36215,10,48,True,T_pd_dbl,81745/7142,11.445673
34,33,"231/7142,623/7142,0,0,887/7142,887/7142,943/7142,0,623/7142,231/7142,887/7142,887/7142,0,0,0,943/7142,0,0,0,0,0,0,0,0",36723,10,36723,10,48,True,T_pd_dbl,81745/7142,11.445673
34,34,"231/7142,0,0,0,887/7142,887/7142,943/7142,623/7142,623/7142,943/7142,887/7142,887/7142,0,0,0,231/7142,0,0,0,0,0,0,0,0",36849,10,36849,10,24,True,T_pd_dbl,81745/7142,11.445673
34,35,"231/7142,887/7142,0,0,623/7142,887/7142,943/7142,0,623/7142,0,887/7142,887/7142,231/7142,0,0,943/7142,0,0,0,0,0,0,0,0",40307,10,40307,10,48,True,T_pd_dbl,81745/7142,11.445673
34,36,"231/7142,887/7142,0,0,0,887/7142,943/7142,623/7142,623/7142,0,887/7142,887/7142,943/7142,0,0,231/7142,0,0,0,0,0,0,0,0",40419,10,40419,10,48,True,T_pd_dbl,81745/7142,11.445673
34,37,"887/7142,943/7142,887/7142,0,943/7142,623/7142,887/7142,231/7142,0,0,0,887/7142,0,231/7142,0,623/7142,0,0,0,0,0,0,0,0",43255,10,43255,10,48,True,T_pd_dbl,81745/7142,11.445673
34,38,"623/7142,887/7142,943/7142,0,887/7142,231/7142,887/7142,0,231/7142,0,0,943/7142,0,623/7142,0,887/7142,0,0,0,0,0,0,0,0",43383,10,43383,10,48,True,T_pd_dbl,81745/7142,11.445673
34,39,"231/7142,623/7142,887/7142,0,887/7142,0,943/7142,0,623/7142,231/7142,0,887/7142,0,887/7142,0,943/7142,0,0,0,0,0,0,0,0",43863,10,43863,10,48,True,T_pd_dbl,81745/7142,11.445673
34,40,"231/7142,0,887/7142,0,887/7142,0,943/7142,623/7142,623/7142,943/7142,0,887/7142,0,887/7142,0,231/7142,0,0,0,0,0,0,0,0",43989,10,43989,10,24,True,T_pd_dbl,81745/7142,11.445673
34,41,"231/7142,887/7142,887/7142,0,623/7142,0,943/7142,0,623/7142,0,0,887/7142,231/7142,887/7142,0,943/7142,0,0,0,0,0,0,0,0",47447,10,47447,10,48,True,T_pd_dbl,81745/7142,11.445673
34,42,"231/7142,887/7142,887/7142,0,0,0,943/7142,623/7142,623/7142,0,0,887/7142,943/7142,887/7142,0,231/7142,0,0,0,0,0,0,0,0",47559,10,47559,10,48,True,T_pd_dbl,81745/7142,11.445673
34,43,"943/7142,887/7142,887/7142,943/7142,887/7142,887/7142,231/7142,623/7142,0,0,0,0,0,0,623/7142,231/7142,0,0,0,0,0,0,0,0",49407,10,49407,10,48,True,T_pd_dbl,81745/7142,11.445673
34,44,"887/7142,943/7142,623/7142,887/7142,943/7142,887/7142,0,231/7142,0,0,231/7142,0,0,0,887/7142,623/7142,0,0,0,0,0,0,0,0",50367,10,50367,10,48,True,T_pd_dbl,81745/7142,11.445673
34,45,"623/7142,887/7142,231/7142,887/7142,887/7142,943/7142,0,0,231/7142,0,623/7142,0,0,0,943/7142,887/7142,0,0,0,0,0,0,0,0",50495,10,50495,10,48,True,T_pd_dbl,81745/7142,11.445673
34,46,"231/7142,623/7142,0,943/7142,887/7142,887/7142,0,0,623/7142,231/7142,887/7142,0,0,0,887/7142,943/7142,0,0,0,0,0,0,0,0",51003,10,51003,10,48,True,T_pd_dbl,81745/7142,11.445673
34,47,"887/7142,887/7142,231/7142,623/7142,887/7142,943/7142,0,0,0,0,623/7142,231/7142,0,0,943/7142,887/7142,0,0,0,0,0,0,0,0",52287,10,52287,10,48,True,T_pd_dbl,81745/7142,11.445673
34,48,"887/7142,887/7142,231/7142,0,887/7142,943/7142,623/7142,0,0,0,623/7142,943/7142,0,0,231/7142,887/7142,0,0,0,0,0,0,0,0",52343,10,52343,10,48,True,T_pd_dbl,81745/7142,11.445673
34,49,"943/7142,623/7142,0,231/7142,887/7142,887/7142,0,0,0,231/7142,887/7142,623/7142,0,0,887/7142,943/7142,0,0,0,0,0,0,0,0",52795,10,52795,10,48,True,T_pd_dbl,81745/7142,11.445673
34,50,"943/7142,623/7142,0,0,887/7142,887/7142,231/7142,0,0,231/7142,887/7142,887/7142,0,0,623/7142,943/7142,0,0,0,0,0,0,0,0",52851,10,52851,10,24,True,T_pd_dbl,81745/7142,11.445673
34,51,"231/7142,887/7142,0,943/7142,623/7142,887/7142,0,0,623/7142,0,887/7142,0,231/7142,0,887/7142,943/7142,0,0,0,0,0,0,0,0",54587,10,54587,10,48,True,T_pd_dbl,81745/7142,11.445673
34,52,"231/7142,887/7142,0,943/7142,0,887/7142,0,623/7142,623/7142,0,887/7142,0,943/7142,0,887/7142,231/7142,0,0,0,0,0,0,0,0",54699,10,54699,10,24,True,T_pd_dbl,81745/7142,11.445673
34,53,"943/7142,887/7142,0,231/7142,623/7142,887/7142,0,0,0,0,887/7142,623/7142,231/7142,0,887/7142,943/7142,0,0,0,0,0,0,0,0",56379,10,56379,10,24,True,T_pd_dbl,81745/7142,11.445673
34,54,"887/7142,943/7142,887/7142,887/7142,943/7142,623/7142,0,231/7142,0,0,0,0,0,231/7142,887/7142,623/7142,0,0,0,0,0,0,0,0",57535,10,57535,10,48,True,T_pd_dbl,81745/7142,11.445673
34,55,"623/7142,887/7142,943/7142,887/7142,887/7142,231/7142,0,0,231/7142,0,0,0,0,623/7142,943/7142,887/7142,0,0,0,0,0,0,0,0",57663,10,57663,10,48,True,T_pd_dbl,81745/7142,11.445673
34,56,"231/7142,623/7142,887/7142,943/7142,887/7142,0,0,0,623/7142,231/7142,0,0,0,887/7142,887/7142,943/7142,0,0,0,0,0,0,0,0",58143,10,58143,10,48,True,T_pd_dbl,81745/7142,11.445673
34,57,"887/7142,887/7142,943/7142,623/7142,887/7142,231/7142,0,0,0,0,0,231/7142,0,623/7142,943/7142,887/7142,0,0,0,0,0,0,0,0",59455,10,59455,10,48,True,T_pd_dbl,81745/7142,11.445673
34,58,"887/7142,887/7142,943/7142,0,887/7142,231/7142,623/7142,0,0,0,0,943/7142,0,623/7142,231/7142,887/7142,0,0,0,0,0,0,0,0",59511,10,59511,10,48,True,T_pd_dbl,81745/7142,11.445673
34,59,"943/7142,623/7142,887/7142,231/7142,887/7142,0,0,0,0,231/7142,0,623/7142,0,887/7142,887/7142,943/7142,0,0,0,0,0,0,0,0",59935,10,59935,10,48,True,T_pd_dbl,81745/7142,11.445673
34,60,"943/7142,623/7142,887/7142,0,887/7142,0,231/7142,0,0,231/7142,0,887/7142,0,887/7142,623/7142,943/7142,0,0,0,0,0,0,0,0",59991,10,59991,10,24,True,T_pd_dbl,81745/7142,11.445673
34,61,"231/7142,887/7142,887/7142,943/7142,623/7142,0,0,0,623/7142,0,0,0,231/7142,887/7142,887/7142,943/7142,0,0,0,0,0,0,0,0",61727,10,61727,10,48,True,T_pd_dbl,81745/7142,11.445673
34,62,"231/7142,887/7142,887/7142,943/7142,0,0,0,623/7142,623/7142,0,0,0,943/7142,887/7142,887/7142,231/7142,0,0,0,0,0,0,0,0",61839,10,61839,10,24,True,T_pd_dbl,81745/7142,11.445673
34,63,"943/7142,887/7142,887/7142,231/7142,623/7142,0,0,0,0,0,0,623/7142,231/7142,887/7142,887/7142,943/7142,0,0,0,0,0,0,0,0",63519,10,63519,10,24,True,T_pd_dbl,81745/7142,11.445673
34,64,"231/7142,0,887/7142,231/7142,887/7142,887/7142,943/7142,887/7142,0,943/7142,0,623/7142,0,0,0,0,623/7142,0,0,0,0,0,0,0",68349,10,68349,10,48,True,T_pd_dbl,81745/7142,11.445673
34,65,"623/7142,0,623/7142,0,943/7142,887/7142,887/7142,943/7142,0,887/7142,231/7142,887/7142,0,0,0,0,231/7142,0,0,0,0,0,0,0",69365,10,69365,10,48,True,T_pd_dbl,81745/7142,11.445673
34,66,"231/7142,887/7142,887/7142,231/7142,0,887/7142,943/7142,887/7142,0,0,0,623/7142,943/7142,0,0,0,623/7142,0,0,0,0,0,0,0",71919,10,71919,10,48,True,T_pd_dbl,81745/7142,11.445673
34,67,"623/7142,943/7142,623/7142,0,0,887/7142,887/7142,943/7142,0,0,231/7142,887/7142,887/7142,0,0,0,231/7142,0,0,0,0,0,0,0",72935,10,72935,10,48,True,T_pd_dbl,81745/7142,11.445673
34,68,"623/7142,0,887/7142,0,943/7142,623/7142,887/7142,943/7142,0,887/7142,0,887/7142,0,231/7142,0,0,231/7142,0,0,0,0,0,0,0",76533,10,76533,10,48,True,T_pd_dbl,81745/7142,11.445673
34,69,"623/7142,943/7142,887/7142,0,0,623/7142,887/7142,943/7142,0,0,0,887/7142,887/7142,231/7142,0,0,231/7142,0,0,0,0,0,0,0",80103,10,80103,10,48,True,T_pd_dbl,81745/7142,11.445673
34,70,"231/7142,0,887/7142,943/7142,887/7142,887/7142,231/7142,887/7142,0,943/7142,0,0,0,0,623/7142,0,623/7142,0,0,0,0,0,0,0",82685,10,82685,10,48,True,T_pd_dbl,81745/7142,11.445673
34,71,"623/7142,0,623/7142,887/7142,943/7142,887/7142,0,943/7142,0,887/7142,231/7142,0,0,0,887/7142,0,231/7142,0,0,0,0,0,0,0",83645,10,83645,10,48,True,T_pd_dbl,81745/7142,11.445673
34,72,"231/7142,887/7142,887/7142,943/7142,0,887/7142,231/7142,887/7142,0,0,0,0,943/7142,0,623/7142,0,623/7142,0,0,0,0,0,0,0",86255,10,86255,10,48,True,T_pd_dbl,81745/7142,11.445673
34,73,"623/7142,943/7142,623/7142,887/7142,0,887/7142,0,943/7142,0,0,231/7142,0,887/7142,0,887/7142,0,231/7142,0,0,0,0,0,0,0",87215,10,87215,10,48,True,T_pd_dbl,81745/7142,11.445673
34,74,"623/7142,0,887/7142,887/7142,943/7142,623/7142,0,943/7142,0,887/7142,0,0,0,231/7142,887/7142,0,231/7142,0,0,0,0,0,0,0",90813,10,90813,10,48,True,T_pd_dbl,81745/7142,11.445673
34,75,"623/7142,943/7142,887/7142,887/7142,0,623/7142,0,943/7142,0,0,0,0,887/7142,231/7142,887/7142,0,231/7142,0,0,0,0,0,0,0",94383,10,94383,10,48,True,T_pd_dbl,81745/7142,11.445673
34,76,"231/7142,887/7142,887/7142,231/7142,887/7142,887/7142,943/7142,0,0,0,0,623/7142,0,0,0,943/7142,623/7142,0,0,0,0,0,0,0",100479,10,100479,10,48,True,T_pd_dbl,81745/7142,11.445673
34,77,"623/7142,943/7142,623/7142,0,943/7142,887/7142,887/7142,0,0,0,231/7142,887/7142,0,0,0,887/7142,231/7142,0,0,0,0,0,0,0",101495,10,101495,10,48,True,T_pd_dbl,81745/7142,11.445673
34,78,"623/7142,943/7142,887/7142,0,943/7142,623/7142,887/7142,0,0,0,0,887/7142,0,231/7142,0,887/7142,231/7142,0,0,0,0,0,0,0",108663,10,108663,10,48,True,T_pd_dbl,81745/7142,11.445673
34,79,"231/7142,887/7142,887/7142,943/7142,887/7142,887/7142,231/7142,0,0,0,0,0,0,0,623/7142,943/7142,623/7142,0,0,0,0,0,0,0",114815,10,114815,10,24,True,T_pd_dbl,81745/7142,11.445673
34,80,"623/7142,943/7142,623/7142,887/7142,943/7142,887/7142,0,0,0,0,231/7142,0,0,0,887/7142,887/7142,231/7142,0,0,0,0,0,0,0",115775,10,115775,10,48,True,T_pd_dbl,81745/7142,11.445673
34,81,"623/7142,943/7142,887/7142,887/7142,943/7142,623/7142,0,0,0,0,0,0,0,231/7142,887/7142,887/7142,231/7142,0,0,0,0,0,0,0",122943,10,122943,10,24,True,T_pd_dbl,81745/7142,11.445673
34,82,"623/7142,0,231/7142,887/7142,887/7142,943/7142,887/7142,887/7142,231/7142,0,623/7142,0,0,0,0,0,0,943/7142,0,0,0,0,0,0",132605,10,132605,10,24,True,T_pd_dbl,81745/7142,11.445673
34,83,"887/7142,623/7142,943/7142,623/7142,887/7142,943/7142,887/7142,887/7142,0,0,0,231/7142,0,0,0,0,0,231/7142,0,0,0,0,0,0",133375,10,133375,10,48,True,T_pd_dbl,81745/7142,11.445673
34,84,"887/7142,0,231/7142,623/7142,887/7142,943/7142,887/7142,887/7142,0,0,623/7142,231/7142,0,0,0,0,0,943/7142,0,0,0,0,0,0",134397,10,134397,10,48,True,T_pd_dbl,81745/7142,11.445673
34,85,"887/7142,0,231/7142,0,887/7142,943/7142,887/7142,887/7142,0,623/7142,623/7142,943/7142,0,0,0,0,0,231/7142,0,0,0,0,0,0",134901,10,134901,10,48,True,T_pd_dbl,81745/7142,11.445673
34,86,"231/7142,0,0,943/7142,623/7142,887/7142,943/7142,887/7142,623/7142,0,887/7142,0,231/7142,0,0,0,0,887/7142,0,0,0,0,0,0",136697,10,136697,10,48,True,T_pd_dbl,81745/7142,11.445673
34,87,"887/7142,231/7142,0,0,231/7142,887/7142,887/7142,943/7142,0,0,943/7142,887/7142,623/7142,0,0,0,0,623/7142,0,0,0,0,0,0",138483,10,138483,10,48,True,T_pd_dbl,81745/7142,11.445673
34,88,"943/7142,0,0,231/7142,623/7142,887/7142,943/7142,887/7142,0,0,887/7142,623/7142,231/7142,0,0,0,0,887/7142,0,0,0,0,0,0",138489,10,138489,10,48,True,T_pd_dbl,81745/7142,11.445673
34,89,"623/7142,623/7142,0,0,0,943/7142,887/7142,887/7142,231/7142,0,887/7142,943/7142,887/7142,0,0,0,0,231/7142,0,0,0,0,0,0",138723,10,138723,10,48,True,T_pd_dbl,81745/7142,11.445673
34,90,"943/7142,0,0,0,623/7142,887/7142,943/7142,887/7142,0,231/7142,887/7142,887/7142,231/7142,0,0,0,0,623/7142,0,0,0,0,0,0",138993,10,138993,10,48,True,T_pd_dbl,81745/7142,11.445673
34,91,"623/7142,0,943/7142,887/7142,887/7142,231/7142,887/7142,887/7142,231/7142,0,0,0,0,623/7142,0,0,0,943/7142,0,0,0,0,0,0",139773,10,139773,10,48,True,T_pd_dbl,81745/7142,11.445673
34,92,"887/7142,0,943/7142,623/7142,887/7142,231/7142,887/7142,887/7142,0,0,0,231/7142,0,623/7142,0,0,0,943/7142,0,0,0,0,0,0",141565,10,141565,10,48,True,T_pd_dbl,81745/7142,11.445673
34,93,"887/7142,0,943/7142,0,887/7142,231/7142,887/7142,887/7142,0,623/7142,0,943/7142,0,623/7142,0,0,0,231/7142,0,0,0,0,0,0",142069,10,142069,10,48,True,T_pd_dbl,81745/7142,11.445673
34,94,"231/7142,0,887/7142,943/7142,623/7142,0,943/7142,887/7142,623/7142,0,0,0,231/7142,887/7142,0,0,0,887/7142,0,0,0,0,0,0",143837,10,143837,10,48,True,T_pd_dbl,81745/7142,11.445673
34,95,"887/7142,231/7142,887/7142,0,231/7142,0,887/7142,943/7142,0,0,0,887/7142,623/7142,943/7142,0,0,0,623/7142,0,0,0,0,0,0",145623,10,145623,10,48,True,T_pd_dbl,81745/7142,11.445673
34,96,"943/7142,0,887/7142,231/7142,623/7142,0,943/7142,887/7142,0,0,0,623/7142,231/7142,887/7142,0,0,0,887/7142,0,0,0,0,0,0",145629,10,145629,10,48,True,T_pd_dbl,81745/7142,11.445673
34,97,"623/7142,623/7142,943/7142,0,0,0,887/7142,887/7142,231/7142,0,0,943/7142,887/7142,887/7142,0,0,0,231/7142,0,0,0,0,0,0",145863,10,145863,10,48,True,T_pd_dbl,81745/7142,11.445673
34,98,"943/7142,0,887/7142,0,623/7142,0,943/7142,887/7142,0,231/7142,0,887/7142,231/7142,887/7142,0,0,0,623/7142,0,0,0,0,0,0",146133,10,146133,10,48,True,T_pd_dbl,81745/7142,11.445673
34,99,"887/7142,0,623/7142,0,231/7142,0,887/7142,943/7142,0,0,231/7142,887/7142,623/7142,943/7142,0,0,0,887/7142,0,0,0,0,0,0",146645,10,146645,10,48,True,T_pd_dbl,81745/7142,11.445673
34,100,"887/7142,0,0,0,231/7142,623/7142,887/7142,943/7142,0,0,943/7142,887/7142,623/7142,231/7142,0,0,0,887/7142,0,0,0,0,0,0",146673,10,146673,10,24,True,T_pd_dbl,81745/7142,11.445673
34,101,"623/7142,0,231/7142,0,0,0,887/7142,887/7142,231/7142,0,623/7142,943/7142,887/7142,887/7142,0,0,0,943/7142,0,0,0,0,0,0",146885,10,146885,10,48,True,T_pd_dbl,81745/7142,11.445673
34,102,"887/7142,623/7142,943/7142,887/7142,887/7142,943/7142,623/7142,887/7142,0,0,0,0,0,0,231/7142,0,0,231/7142,0,0,0,0,0,0",147711,10,147711,10,24,True,T_pd_dbl,81745/7142,11.445673
34,103,"887/7142,0,231/7142,887/7142,887/7142,943/7142,623/7142,887/7142,0,0,623/7142,0,0,0,231/7142,0,0,943/7142,0,0,0,0,0,0",148733,10,148733,10,48,True,T_pd_dbl,81745/7142,11.445673
34,104,"887/7142,0,231/7142,887/7142,887/7142,943/7142,0,887/7142,0,623/7142,623/7142,0,0,0,943/7142,0,0,231/7142,0,0,0,0,0,0",149181,10,149181,10,48,True,T_pd_dbl,81745/7142,11.445673
34,105,"887/7142,231/7142,0,887/7142,231/7142,887/7142,0,943/7142,0,0,943/7142,0,623/7142,0,887/7142,0,0,623/7142,0,0,0,0,0,0",152763,10,152763,10,48,True,T_pd_dbl,81745/7142,11.445673
34,106,"943/7142,0,0,943/7142,623/7142,887/7142,231/7142,887/7142,0,0,887/7142,0,231/7142,0,623/7142,0,0,887/7142,0,0,0,0,0,0",152825,10,152825,10,48,True,T_pd_dbl,81745/7142,11.445673
34,107,"623/7142,623/7142,0,887/7142,0,943/7142,0,887/7142,231/7142,0,887/7142,0,887/7142,0,943/7142,0,0,231/7142,0,0,0,0,0,0",153003,10,153003,10,48,True,T_pd_dbl,81745/7142,11.445673
34,108,"943/7142,0,0,943/7142,623/7142,887/7142,0,887/7142,0,231/7142,887/7142,0,231/7142,0,887/7142,0,0,623/7142,0,0,0,0,0,0",153273,10,153273,10,48,True,T_pd_dbl,81745/7142,11.445673
34,109,"887/7142,623/7142,0,623/7142,0,943/7142,0,887/7142,0,0,887/7142,231/7142,887/7142,0,943/7142,0,0,231/7142,0,0,0,0,0,0",154795,10,154795,10,48,True,T_pd_dbl,81745/7142,11.445673
34,110,"887/7142,623/7142,0,0,0,943/7142,623/7142,887/7142,0,0,887/7142,943/7142,887/7142,0,231/7142,0,0,231/7142,0,0,0,0,0,0",154851,10,154851,10,48,True,T_pd_dbl,81745/7142,11.445673
34,111,"887/7142,0,943/7142,887/7142,887/7142,231/7142,623/7142,887/7142,0,0,0,0,0,623/7142,231/7142,0,0,943/7142,0,0,0,0,0,0",155901,10,155901,10,48,True,T_pd_dbl,81745/7142,11.445673
34,112,"887/7142,0,943/7142,887/7142,887/7142,231/7142,0,887/7142,0,623/7142,0,0,0,623/7142,943/7142,0,0,231/7142,0,0,0,0,0,0",156349,10,156349,10,48,True,T_pd_dbl,81745/7142,11.445673
34,113,"887/7142,231/7142,887/7142,887/7142,231/7142,0,0,943/7142,0,0,0,0,623/7142,943/7142,887/7142,0,0,623/7142,0,0,0,0,0,0",159903,10,159903,10,48,True,T_pd_dbl,81745/7142,11.445673
34,114,"943/7142,0,887/7142,943/7142,623/7142,0,231/7142,887/7142,0,0,0,0,231/7142,887/7142,623/7142,0,0,887/7142,0,0,0,0,0,0",159965,10,159965,10,48,True,T_pd_dbl,81745/7142,11.445673
34,115,"623/7142,623/7142,943/7142,887/7142,0,0,0,887/7142,231/7142,0,0,0,887/7142,887/7142,943/7142,0,0,231/7142,0,0,0,0,0,0",160143,10,160143,10,48,True,T_pd_dbl,81745/7142,11.445673
34,116,"943/7142,0,887/7142,943/7142,623/7142,0,0,887/7142,0,231/7142,0,0,231/7142,887/7142,887/7142,0,0,623/7142,0,0,0,0,0,0",160413,10,160413,10,48,True,T_pd_dbl,81745/7142,11.445673
34,117,"887/7142,0,623/7142,887/7142,231/7142,0,0,943/7142,0,0,231/7142,0,623/7142,943/7142,887/7142,0,0,887/7142,0,0,0,0,0,0",160925,10,160925,10,48,True,T_pd_dbl,81745/7142,11.445673
34,118,"887/7142,0,0,887/7142,231/7142,623/7142,0,943/7142,0,0,943/7142,0,623/7142,231/7142,887/7142,0,0,887/7142,0,0,0,0,0,0",160953,10,160953,10,24,True,T_pd_dbl,81745/7142,11.445673
34,119,"623/7142,0,231/7142,887/7142,0,0,0,887/7142,231/7142,0,623/7142,0,887/7142,887/7142,943/7142,0,0,943/7142,0,0,0,0,0,0",161165,10,161165,10,48,True,T_pd_dbl,81745/7142,11.445673
34,120,"887/7142,623/7142,943/7142,623/7142,0,0,0,887/7142,0,0,0,231/7142,887/7142,887/7142,943/7142,0,0,231/7142,0,0,0,0,0,0",161935,10,161935,10,48,True,T_pd_dbl,81745/7142,11.445673
34,121,"887/7142,623/7142,943/7142,0,0,0,623/7142,887/7142,0,0,0,943/7142,887/7142,887/7142,231/7142,0,0,231/7142,0,0,0,0,0,0",161991,10,161991,10,48,True,T_pd_dbl,81745/7142,11.445673
34,122,"887/7142,0,231/7142,623/7142,0,0,0,887/7142,0,0,623/7142,231/7142,887/7142,887/7142,943/7142,0,0,943/7142,0,0,0,0,0,0",162957,10,162957,10,48,True,T_pd_dbl,81745/7142,11.445673
34,123,"887/7142,0,231/7142,0,0,0,623/7142,887/7142,0,0,623/7142,943/7142,887/7142,887/7142,231/7142,0,0,943/7142,0,0,0,0,0,0",163013,10,163013,10,48,True,T_pd_dbl,81745/7142,11.445673
34,124,"887/7142,0,231/7142,0,0,0,0,887/7142,0,623/7142,623/7142,943/7142,887/7142,887/7142,943/7142,0,0,231/7142,0,0,0,0,0,0",163461,10,163461,10,48,True,T_pd_dbl,81745/7142,11.445673
34,125,"887/7142,231/7142,0,0,943/7142,887/7142,887/7142,231/7142,0,0,943/7142,887/7142,0,0,0,623/7142,0,623/7142,0,0,0,0,0,0",167155,10,167155,10,48,True,T_pd_dbl,81745/7142,11.445673
34,126,"623/7142,623/7142,0,0,887/7142,943/7142,887/7142,0,231/7142,0,887/7142,943/7142,0,0,0,887/7142,0,231/7142,0,0,0,0,0,0",167283,10,167283,10,48,True,T_pd_dbl,81745/7142,11.445673
34,127,"231/7142,0,887/7142,943/7142,887/7142,0,943/7142,623/7142,623/7142,0,0,0,0,887/7142,0,231/7142,0,887/7142,0,0,0,0,0,0",172509,10,172509,10,48,True,T_pd_dbl,81745/7142,11.445673
34,128,"887/7142,231/7142,887/7142,0,943/7142,0,887/7142,231/7142,0,0,0,887/7142,0,943/7142,0,623/7142,0,623/7142,0,0,0,0,0,0",174295,10,174295,10,48,True,T_pd_dbl,81745/7142,11.445673
34,129,"943/7142,0,887/7142,231/7142,887/7142,0,943/7142,623/7142,0,0,0,623/7142,0,887/7142,0,231/7142,0,887/7142,0,0,0,0,0,0",174301,10,174301,10,48,True,T_pd_dbl,81745/7142,11.445673
34,130,"623/7142,623/7142,943/7142,0,887/7142,0,887/7142,0,231/7142,0,0,943/7142,0,887/7142,0,887/7142,0,231/7142,0,0,0,0,0,0",174423,10,174423,10,48,True,T_pd_dbl,81745/7142,11.445673
34,131,"943/7142,0,887/7142,0,887/7142,0,943/7142,623/7142,0,231/7142,0,887/7142,0,887/7142,0,231/7142,0,623/7142,0,0,0,0,0,0",174805,10,174805,10,48,True,T_pd_dbl,81745/7142,11.445673
34,132,"887/7142,0,623/7142,0,943/7142,0,887/7142,231/7142,0,0,231/7142,887/7142,0,943/7142,0,623/7142,0,887/7142,0,0,0,0,0,0",175317,10,175317,10,24,True,T_pd_dbl,81745/7142,11.445673
34,133,"887/7142,231/7142,0,887/7142,943/7142,887/7142,0,231/7142,0,0,943/7142,0,0,0,887/7142,623/7142,0,623/7142,0,0,0,0,0,0",181435,10,181435,10,48,True,T_pd_dbl,81745/7142,11.445673
34,134,"623/7142,623/7142,0,887/7142,887/7142,943/7142,0,0,231/7142,0,887/7142,0,0,0,943/7142,887/7142,0,231/7142,0,0,0,0,0,0",181563,10,181563,10,48,True,T_pd_dbl,81745/7142,11.445673
34,135,"887/7142,623/7142,0,623/7142,887/7142,943/7142,0,0,0,0,887/7142,231/7142,0,0,943/7142,887/7142,0,231/7142,0,0,0,0,0,0",183355,10,183355,10,48,True,T_pd_dbl,81745/7142,11.445673
34,136,"887/7142,623/7142,0,0,887/7142,943/7142,623/7142,0,0,0,887/7142,943/7142,0,0,231/7142,887/7142,0,231/7142,0,0,0,0,0,0",183411,10,183411,10,48,True,T_pd_dbl,81745/7142,11.445673
34,137,"887/7142,231/7142,887/7142,887/7142,943/7142,0,0,231/7142,0,0,0,0,0,943/7142,887/7142,623/7142,0,623/7142,0,0,0,0,0,0",188575,10,188575,10,48,True,T_pd_dbl,81745/7142,11.445673
34,138,"943/7142,0,887/7142,943/7142,887/7142,0,231/7142,623/7142,0,0,0,0,0,887/7142,623/7142,231/7142,0,887/7142,0,0,0,0,0,0",188637,10,188637,10,48,True,T_pd_dbl,81745/7142,11.445673
34,139,"623/7142,623/7142,943/7142,887/7142,887/7142,0,0,0,231/7142,0,0,0,0,887/7142,943/7142,887/7142,0,231/7142,0,0,0,0,0,0",188703,10,188703,10,48,True,T_pd_dbl,81745/7142,11.445673
34,140,"943/7142,0,887/7142,943/7142,887/7142,0,0,623/7142,0,231/7142,0,0,0,887/7142,887/7142,231/7142,0,623/7142,0,0,0,0,0,0",189085,10,189085,10,48,True,T_pd_dbl,81745/7142,11.445673
34,141,"887/7142,0,623/7142,887/7142,943/7142,0,0,231/7142,0,0,231/7142,0,0,943/7142,887/7142,623/7142,0,887/7142,0,0,0,0,0,0",189597,10,189597,10,24,True,T_pd_dbl,81745/7142,11.445673
34,142,"887/7142,623/7142,943/7142,623/7142,887/7142,0,0,0,0,0,0,231/7142,0,887/7142,943/7142,887/7142,0,231/7142,0,0,0,0,0,0",190495,10,190495,10,24,True,T_pd_dbl,81745/7142,11.445673
34,143,"887/7142,623/7142,943/7142,0,887/7142,0,623/7142,0,0,0,0,943/7142,0,887/7142,231/7142,887/7142,0,231/7142,0,0,0,0,0,0",190551,10,190551,10,48,True,T_pd_dbl,81745/7142,11.445673
34,144,"887/7142,231/7142,0,0,231/7142,0,0,0,0,0,943/7142,887/7142,623/7142,943/7142,887/7142,887/7142,0,623/7142,0,0,0,0,0,0",195603,10,195603,10,48,True,T_pd_dbl,81745/7142,11.445673
34,145,"887/7142,231/7142,0,0,0,0,0,231/7142,0,0,943/7142,887/7142,887/7142,943/7142,887/7142,623/7142,0,623/7142,0,0,0,0,0,0",195715,10,195715,10,48,True,T_pd_dbl,81745/7142,11.445673
34,146,"623/7142,623/7142,0,0,0,0,0,0,231/7142,0,887/7142,943/7142,887/7142,887/7142,943/7142,887/7142,0,231/7142,0,0,0,0,0,0",195843,10,195843,10,24,True,T_pd_dbl,81745/7142,11.445673
34,147,"623/7142,231/7142,0,0,0,887/7142,887/7142,943/7142,0,0,943/7142,887/7142,887/7142,0,0,0,231/7142,623/7142,0,0,0,0,0,0",204003,10,204003,10,24,True,T_pd_dbl,81745/7142,11.445673
34,148,"623/7142,231/7142,887/7142,0,0,0,887/7142,943/7142,0,0,0,887/7142,887/7142,943/7142,0,0,231/7142,623/7142,0,0,0,0,0,0",211143,10,211143,10,48,True,T_pd_dbl,81745/7142,11.445673
34,149,"623/7142,231/7142,0,887/7142,0,887/7142,0,943/7142,0,0,943/7142,0,887/7142,0,887/7142,0,231/7142,623/7142,0,0,0,0,0,0",218283,10,218283,10,24,True,T_pd_dbl,81745/7142,11.445673
34,150,"623/7142,231/7142,887/7142,887/7142,0,0,0,943/7142,0,0,0,0,887/7142,943/7142,887/7142,0,231/7142,623/7142,0,0,0,0,0,0",225423,10,225423,10,48,True,T_pd_dbl,81745/7142,11.445673
34,151,"623/7142,231/7142,887/7142,0,943/7142,0,887/7142,0,0,0,0,887/7142,0,943/7142,0,887/7142,231/7142,623/7142,0,0,0,0,0,0",239703,10,239703,10,24,True,T_pd_dbl,81745/7142,11.445673
34,152,"943/7142,887/7142,623/7142,0,623/7142,887/7142,943/7142,887/7142,0,0,0,887/7142,231/7142,0,0,0,0,0,231/7142,0,0,0,0,0",268535,10,268535,10,48,True,T_pd_dbl,81745/7142,11.445673
34,153,"231/7142,887/7142,0,0,623/7142,887/7142,943/7142,887/7142,623/7142,0,0,887/7142,231/7142,0,0,0,0,0,943/7142,0,0,0,0,0",268787,10,268787,10,24,True,T_pd_dbl,81745/7142,11.445673
34,154,"943/7142,623/7142,623/7142,943/7142,887/7142,887/7142,0,887/7142,0,231/7142,0,0,0,0,887/7142,0,0,0,231/7142,0,0,0,0,0",279231,10,279231,10,48,True,T_pd_dbl,81745/7142,11.445673
34,155,"231/7142,623/7142,0,943/7142,887/7142,887/7142,0,887/7142,623/7142,231/7142,0,0,0,0,887/7142,0,0,0,943/7142,0,0,0,0,0",279483,10,279483,10,48,True,T_pd_dbl,81745/7142,11.445673
34,156,"231/7142,0,0,943/7142,887/7142,887/7142,0,887/7142,623/7142,943/7142,623/7142,0,0,0,887/7142,0,0,0,231/7142,0,0,0,0,0",280505,10,280505,10,48,True,T_pd_dbl,81745/7142,11.445673
34,157,"943/7142,623/7142,0,231/7142,887/7142,887/7142,0,887/7142,0,231/7142,0,623/7142,0,0,887/7142,0,0,0,943/7142,0,0,0,0,0",281275,10,281275,10,48,True,T_pd_dbl,81745/7142,11.445673
34,158,"943/7142,623/7142,0,0,887/7142,887/7142,231/7142,887/7142,0,231/7142,0,887/7142,0,0,623/7142,0,0,0,943/7142,0,0,0,0,0",281331,10,281331,10,48,True,T_pd_dbl,81745/7142,11.445673
34,159,"943/7142,0,0,231/7142,887/7142,887/7142,0,887/7142,0,943/7142,623/7142,623/7142,0,0,887/7142,0,0,0,231/7142,0,0,0,0,0",282297,10,282297,10,48,True,T_pd_dbl,81745/7142,11.445673
34,160,"943/7142,0,0,0,887/7142,887/7142,231/7142,887/7142,0,943/7142,623/7142,887/7142,0,0,623/7142,0,0,0,231/7142,0,0,0,0,0",282353,10,282353,10,48,True,T_pd_dbl,81745/7142,11.445673
34,161,"943/7142,887/7142,623/7142,943/7142,623/7142,887/7142,0,887/7142,0,0,0,0,231/7142,0,887/7142,0,0,0,231/7142,0,0,0,0,0",282815,10,282815,10,48,True,T_pd_dbl,81745/7142,11.445673
34,162,"231/7142,887/7142,0,943/7142,623/7142,887/7142,0,887/7142,623/7142,0,0,0,231/7142,0,887/7142,0,0,0,943/7142,0,0,0,0,0",283067,10,283067,10,48,True,T_pd_dbl,81745/7142,11.445673
34,163,"231/7142,887/7142,0,943/7142,0,887/7142,0,887/7142,623/7142,0,623/7142,0,943/7142,0,887/7142,0,0,0,231/7142,0,0,0,0,0",284075,10,284075,10,48,True,T_pd_dbl,81745/7142,11.445673
34,164,"943/7142,887/7142,0,231/7142,623/7142,887/7142,0,887/7142,0,0,0,623/7142,231/7142,0,887/7142,0,0,0,943/7142,0,0,0,0,0",284859,10,284859,10,48,True,T_pd_dbl,81745/7142,11.445673
34,165,"943/7142,887/7142,0,0,623/7142,887/7142,231/7142,887/7142,0,0,0,887/7142,231/7142,0,623/7142,0,0,0,943/7142,0,0,0,0,0",284915,10,284915,10,48,True,T_pd_dbl,81745/7142,11.445673
34,166,"943/7142,887/7142,0,231/7142,0,887/7142,0,887/7142,0,0,623/7142,623/7142,943/7142,0,887/7142,0,0,0,231/7142,0,0,0,0,0",285867,10,285867,10,48,True,T_pd_dbl,81745/7142,11.445673
34,167,"943/7142,887/7142,0,0,0,887/7142,231/7142,887/7142,0,0,623/7142,887/7142,943/7142,0,623/7142,0,0,0,231/7142,0,0,0,0,0",285923,10,285923,10,48,True,T_pd_dbl,81745/7142,11.445673
34,168,"887/7142,231/7142,0,0,943/7142,623/7142,0,943/7142,0,623/7142,0,887/7142,0,231/7142,887/7142,0,0,0,887/7142,0,0,0,0,0",289459,10,289459,10,48,True,T_pd_dbl,81745/7142,11.445673
34,169,"887/7142,0,231/7142,0,887/7142,231/7142,0,887/7142,0,887/7142,0,943/7142,0,623/7142,943/7142,0,0,0,623/7142,0,0,0,0,0",289461,10,289461,10,48,True,T_pd_dbl,81745/7142,11.445673
34,170,"623/7142,0,0,0,887/7142,231/7142,0,887/7142,231/7142,887/7142,0,943/7142,0,623/7142,943/7142,0,0,0,887/7142,0,0,0,0,0",289713,10,289713,10,48,True,T_pd_dbl,81745/7142,11.445673
34,171,"887/7142,887/7142,231/7142,0,0,231/7142,0,887/7142,0,0,0,943/7142,887/7142,623/7142,943/7142,0,0,0,623/7142,0,0,0,0,0",293031,10,293031,10,48,True,T_pd_dbl,81745/7142,11.445673
34,172,"887/7142,943/7142,0,0,231/7142,623/7142,0,943/7142,0,0,0,887/7142,623/7142,231/7142,887/7142,0,0,0,887/7142,0,0,0,0,0",293043,10,293043,10,48,True,T_pd_dbl,81745/7142,11.445673
34,173,"623/7142,887/7142,0,0,0,231/7142,0,887/7142,231/7142,0,0,943/7142,887/7142,623/7142,943/7142,0,0,0,887/7142,0,0,0,0,0",293283,10,293283,10,48,True,T_pd_dbl,81745/7142,11.445673
34,174,"943/7142,623/7142,623/7142,0,0,0,0,887/7142,0,231/7142,0,887/7142,943/7142,887/7142,887/7142,0,0,0,231/7142,0,0,0,0,0",293511,10,293511,10,48,True,T_pd_dbl,81745/7142,11.445673
34,175,"943/7142,0,623/7142,0,623/7142,0,0,887/7142,0,943/7142,0,887/7142,231/7142,887/7142,887/7142,0,0,0,231/7142,0,0,0,0,0",293525,10,293525,10,48,True,T_pd_dbl,81745/7142,11.445673
34,176,"231/7142,623/7142,0,0,0,0,0,887/7142,623/7142,231/7142,0,887/7142,943/7142,887/7142,887/7142,0,0,0,943/7142,0,0,0,0,0",293763,10,293763,10,48,True,T_pd_dbl,81745/7142,11.445673
34,177,"887/7142,943/7142,0,0,0,623/7142,0,943/7142,0,0,231/7142,887/7142,887/7142,231/7142,887/7142,0,0,0,623/7142,0,0,0,0,0",294051,10,294051,10,48,True,T_pd_dbl,81745/7142,11.445673
34,178,"943/7142,887/7142,623/7142,0,887/7142,887/7142,943/7142,623/7142,0,0,0,887/7142,0,0,0,231/7142,0,0,231/7142,0,0,0,0,0",297207,10,297207,10,48,True,T_pd_dbl,81745/7142,11.445673
34,179,"231/7142,887/7142,0,0,887/7142,887/7142,943/7142,623/7142,623/7142,0,0,887/7142,0,0,0,231/7142,0,0,943/7142,0,0,0,0,0",297459,10,297459,10,48,True,T_pd_dbl,81745/7142,11.445673
34,180,"231/7142,887/7142,0,0,887/7142,887/7142,943/7142,0,623/7142,0,623/7142,887/7142,0,0,0,943/7142,0,0,231/7142,0,0,0,0,0",298355,10,298355,10,48,True,T_pd_dbl,81745/7142,11.445673
34,181,"231/7142,887/7142,0,943/7142,887/7142,887/7142,0,623/7142,623/7142,0,0,0,0,0,887/7142,231/7142,0,0,943/7142,0,0,0,0,0",311739,10,311739,10,48,True,T_pd_dbl,81745/7142,11.445673
34,182,"231/7142,887/7142,0,943/7142,887/7142,887/7142,0,0,623/7142,0,623/7142,0,0,0,887/7142,943/7142,0,0,231/7142,0,0,0,0,0",312635,10,312635,10,48,True,T_pd_dbl,81745/7142,11.445673
34,183,"943/7142,887/7142,0,231/7142,887/7142,887/7142,0,623/7142,0,0,0,623/7142,0,0,887/7142,231/7142,0,0,943/7142,0,0,0,0,0",313531,10,313531,10,48,True,T_pd_dbl,81745/7142,11.445673
34,184,"943/7142,887/7142,0,0,887/7142,887/7142,231/7142,623/7142,0,0,0,887/7142,0,0,623/7142,231/7142,0,0,943/7142,0,0,0,0,0",313587,10,313587,10,48,True,T_pd_dbl,81745/7142,11.445673
34,185,"943/7142,887/7142,0,231/7142,887/7142,887/7142,0,0,0,0,623/7142,623/7142,0,0,887/7142,943/7142,0,0,231/7142,0,0,0,0,0",314427,10,314427,10,48,True,T_pd_dbl,81745/7142,11.445673
34,186,"943/7142,887/7142,0,0,887/7142,887/7142,231/7142,0,0,0,623/7142,887/7142,0,0,623/7142,943/7142,0,0,231/7142,0,0,0,0,0",314483,10,314483,10,48,True,T_pd_dbl,81745/7142,11.445673
34,187,"887/7142,887/7142,231/7142,0,887/7142,231/7142,0,0,0,0,0,943/7142,0,623/7142,943/7142,887/7142,0,0,623/7142,0,0,0,0,0",321591,10,321591,10,48,True,T_pd_dbl,81745/7142,11.445673
34,188,"887/7142,943/7142,0,0,943/7142,623/7142,0,231/7142,0,0,0,887/7142,0,231/7142,887/7142,623/7142,0,0,887/7142,0,0,0,0,0",321715,10,321715,10,48,True,T_pd_dbl,81745/7142,11.445673
34,189,"623/7142,887/7142,0,0,887/7142,231/7142,0,0,231/7142,0,0,943/7142,0,623/7142,943/7142,887/7142,0,0,887/7142,0,0,0,0,0",321843,10,321843,10,48,True,T_pd_dbl,81745/7142,11.445673
34,190,"943/7142,623/7142,623/7142,0,887/7142,0,0,0,0,231/7142,0,887/7142,0,887/7142,887/7142,943/7142,0,0,231/7142,0,0,0,0,0",322071,10,322071,10,48,True,T_pd_dbl,81745/7142,11.445673
34,191,"943/7142,0,623/7142,0,887/7142,0,0,623/7142,0,943/7142,0,887/7142,0,887/7142,887/7142,231/7142,0,0,231/7142,0,0,0,0,0",322197,10,322197,10,48,True,T_pd_dbl,81745/7142,11.445673
34,192,"231/7142,623/7142,0,0,887/7142,0,0,0,623/7142,231/7142,0,887/7142,0,887/7142,887/7142,943/7142,0,0,943/7142,0,0,0,0,0",322323,10,322323,10,48,True,T_pd_dbl,81745/7142,11.445673
34,193,"887/7142,943/7142,0,0,943/7142,623/7142,0,0,0,0,231/7142,887/7142,0,231/7142,887/7142,887/7142,0,0,623/7142,0,0,0,0,0",322611,10,322611,10,48,True,T_pd_dbl,81745/7142,11.445673
34,194,"943/7142,887/7142,623/7142,0,0,0,0,623/7142,0,0,0,887/7142,943/7142,887/7142,887/7142,231/7142,0,0,231/7142,0,0,0,0,0",325767,10,325767,10,48,True,T_pd_dbl,81745/7142,11.445673
34,195,"231/7142,887/7142,0,0,623/7142,0,0,0,623/7142,0,0,887/7142,231/7142,887/7142,887/7142,943/7142,0,0,943/7142,0,0,0,0,0",325907,10,325907,10,48,True,T_pd_dbl,81745/7142,11.445673
34,196,"231/7142,887/7142,0,0,0,0,0,623/7142,623/7142,0,0,887/7142,943/7142,887/7142,887/7142,231/7142,0,0,943/7142,0,0,0,0,0",326019,10,326019,10,48,True,T_pd_dbl,81745/7142,11.445673
34,197,"231/7142,0,623/7142,0,887/7142,887/7142,943/7142,887/7142,0,943/7142,0,887/7142,0,0,0,0,623/7142,0,231/7142,0,0,0,0,0",330485,10,330485,10,48,True,T_pd_dbl,81745/7142,11.445673
34,198,"231/7142,887/7142,623/7142,0,0,887/7142,943/7142,887/7142,0,0,0,887/7142,943/7142,0,0,0,623/7142,0,231/7142,0,0,0,0,0",334055,10,334055,10,48,True,T_pd_dbl,81745/7142,11.445673
34,199,"231/7142,0,623/7142,943/7142,887/7142,887/7142,0,887/7142,0,943/7142,0,0,0,0,887/7142,0,623/7142,0,231/7142,0,0,0,0,0",344765,10,344765,10,48,True,T_pd_dbl,81745/7142,11.445673
34,200,"231/7142,887/7142,623/7142,943/7142,0,887/7142,0,887/7142,0,0,0,0,943/7142,0,887/7142,0,623/7142,0,231/7142,0,0,0,0,0",348335,10,348335,10,48,True,T_pd_dbl,81745/7142,11.445673
34,201,"231/7142,887/7142,0,231/7142,0,887/7142,0,887/7142,0,0,0,623/7142,943/7142,0,887/7142,0,623/7142,0,943/7142,0,0,0,0,0",350379,10,350379,10,48,True,T_pd_dbl,81745/7142,11.445673
34,202,"231/7142,887/7142,0,0,0,887/7142,231/7142,887/7142,0,0,0,887/7142,943/7142,0,623/7142,0,623/7142,0,943/7142,0,0,0,0,0",350435,10,350435,10,48,True,T_pd_dbl,81745/7142,11.445673
34,203,"623/7142,943/7142,0,0,0,623/7142,0,943/7142,0,0,0,887/7142,887/7142,231/7142,887/7142,0,231/7142,0,887/7142,0,0,0,0,0",358563,10,358563,10,48,True,T_pd_dbl,81745/7142,11.445673
34,204,"231/7142,887/7142,623/7142,0,887/7142,887/7142,943/7142,0,0,0,0,887/7142,0,0,0,943/7142,623/7142,0,231/7142,0,0,0,0,0",362615,10,362615,10,48,True,T_pd_dbl,81745/7142,11.445673
34,205,"231/7142,887/7142,0,0,887/7142,887/7142,231/7142,0,0,0,0,887/7142,0,0,623/7142,943/7142,623/7142,0,943/7142,0,0,0,0,0",378995,10,378995,10,48,True,T_pd_dbl,81745/7142,11.445673
34,206,"623/7142,943/7142,0,0,943/7142,623/7142,0,0,0,0,0,887/7142,0,231/7142,887/7142,887/7142,231/7142,0,887/7142,0,0,0,0,0",387123,10,387123,10,24,True,T_pd_dbl,81745/7142,11.445673
34,207,"887/7142,231/7142,0,0,943/7142,887/7142,887/7142,943/7142,0,0,231/7142,887/7142,0,0,0,0,0,623/7142,623/7142,0,0,0,0,0",396531,10,396531,10,24,True,T_pd_dbl,81745/7142,11.445673
34,208,"887/7142,231/7142,0,887/7142,943/7142,887/7142,0,943/7142,0,0,231/7142,0,0,0,887/7142,0,0,623/7142,623/7142,0,0,0,0,0",410811,10,410811,10,48,True,T_pd_dbl,81745/7142,11.445673
34,209,"887/7142,623/7142,0,623/7142,887/7142,943/7142,0,887/7142,0,0,0,231/7142,0,0,943/7142,0,0,231/7142,887/7142,0,0,0,0,0",411835,10,411835,10,48,True,T_pd_dbl,81745/7142,11.445673
34,210,"887/7142,623/7142,0,0,887/7142,943/7142,623/7142,887/7142,0,0,0,943/7142,0,0,231/7142,0,0,231/7142,887/7142,0,0,0,0,0",411891,10,411891,10,48,True,T_pd_dbl,81745/7142,11.445673
34,211,"887/7142,623/7142,231/7142,0,0,0,0,887/7142,0,0,0,943/7142,887/7142,887/7142,943/7142,0,0,231/7142,623/7142,0,0,0,0,0",424071,10,424071,10,48,True,T_pd_dbl,81745/7142,11.445673
34,212,"943/7142,0,887/7142,231/7142,887/7142,887/7142,231/7142,887/7142,0,943/7142,0,0,0,0,623/7142,0,0,0,0,623/7142,0,0,0,0",541437,10,541437,10,24,True,T_pd_dbl,81745/7142,11.445673
34,213,"887/7142,0,623/7142,623/7142,943/7142,887/7142,0,943/7142,0,887/7142,231/7142,0,0,0,887/7142,0,0,0,0,231/7142,0,0,0,0",542397,10,542397,10,48,True,T_pd_dbl,81745/7142,11.445673
34,214,"887/7142,0,943/7142,0,887/7142,943/7142,623/7142,887/7142,0,887/7142,0,231/7142,0,0,231/7142,0,0,0,0,623/7142,0,0,0,0",543477,10,543477,10,48,True,T_pd_dbl,81745/7142,11.445673
34,215,"943/7142,887/7142,887/7142,231/7142,0,887/7142,231/7142,887/7142,0,0,0,0,943/7142,0,623/7142,0,0,0,0,623/7142,0,0,0,0",545007,10,545007,10,48,True,T_pd_dbl,81745/7142,11.445673
34,216,"943/7142,623/7142,887/7142,0,0,887/7142,231/7142,887/7142,0,231/7142,0,0,943/7142,0,623/7142,0,0,0,0,887/7142,0,0,0,0",545511,10,545511,10,48,True,T_pd_dbl,81745/7142,11.445673
34,217,"943/7142,0,887/7142,0,623/7142,887/7142,231/7142,887/7142,0,943/7142,0,0,231/7142,0,623/7142,0,0,0,0,887/7142,0,0,0,0",545525,10,545525,10,48,True,T_pd_dbl,81745/7142,11.445673
34,218,"887/7142,943/7142,623/7142,623/7142,0,887/7142,0,943/7142,0,0,231/7142,0,887/7142,0,887/7142,0,0,0,0,231/7142,0,0,0,0",545967,10,545967,10,48,True,T_pd_dbl,81745/7142,11.445673
34,219,"887/7142,231/7142,623/7142,0,0,887/7142,0,943/7142,0,623/7142,231/7142,0,887/7142,0,887/7142,0,0,0,0,943/7142,0,0,0,0",546471,10,546471,10,48,True,T_pd_dbl,81745/7142,11.445673
34,220,"887/7142,0,623/7142,0,231/7142,887/7142,0,943/7142,0,887/7142,231/7142,0,623/7142,0,887/7142,0,0,0,0,943/7142,0,0,0,0",546485,10,546485,10,24,True,T_pd_dbl,81745/7142,11.445673
34,221,"887/7142,887/7142,943/7142,0,0,943/7142,623/7142,887/7142,0,0,0,231/7142,887/7142,0,231/7142,0,0,0,0,623/7142,0,0,0,0",547047,10,547047,10,48,True,T_pd_dbl,81745/7142,11.445673
34,222,"887/7142,231/7142,0,0,0,887/7142,0,943/7142,0,623/7142,943/7142,623/7142,887/7142,0,887/7142,0,0,0,0,231/7142,0,0,0,0",548515,10,548515,10,48,True,T_pd_dbl,81745/7142,11.445673
34,223,"887/7142,943/7142,887/7142,623/7142,0,623/7142,0,943/7142,0,0,0,0,887/7142,231/7142,887/7142,0,0,0,0,231/7142,0,0,0,0",553135,10,553135,10,48,True,T_pd_dbl,81745/7142,11.445673
34,224,"887/7142,231/7142,887/7142,0,0,623/7142,0,943/7142,0,623/7142,0,0,887/7142,231/7142,887/7142,0,0,0,0,943/7142,0,0,0,0",553639,10,553639,10,24,True,T_pd_dbl,81745/7142,11.445673
34,225,"887/7142,943/7142,887/7142,0,943/7142,887/7142,887/7142,231/7142,0,0,0,623/7142,0,0,0,623/7142,0,0,0,231/7142,0,0,0,0",559351,10,559351,10,48,True,T_pd_dbl,81745/7142,11.445673
34,226,"623/7142,887/7142,943/7142,0,887/7142,943/7142,887/7142,0,231/7142,0,0,231/7142,0,0,0,887/7142,0,0,0,623/7142,0,0,0,0",559479,10,559479,10,48,True,T_pd_dbl,81745/7142,11.445673
34,227,"231/7142,887/7142,887/7142,0,623/7142,887/7142,943/7142,0,623/7142,0,0,0,231/7142,0,0,943/7142,0,0,0,887/7142,0,0,0,0",561527,10,561527,10,48,True,T_pd_dbl,81745/7142,11.445673
34,228,"231/7142,887/7142,887/7142,0,0,887/7142,943/7142,623/7142,623/7142,0,0,0,943/7142,0,0,231/7142,0,0,0,887/7142,0,0,0,0",561639,10,561639,10,48,True,T_pd_dbl,81745/7142,11.445673
34,229,"943/7142,623/7142,887/7142,0,887/7142,887/7142,231/7142,0,0,231/7142,0,0,0,0,623/7142,943/7142,0,0,0,887/7142,0,0,0,0",574071,10,574071,10,48,True,T_pd_dbl,81745/7142,11.445673
34,230,"943/7142,0,887/7142,0,887/7142,887/7142,231/7142,623/7142,0,943/7142,0,0,0,0,623/7142,231/7142,0,0,0,887/7142,0,0,0,0",574197,10,574197,10,48,True,T_pd_dbl,81745/7142,11.445673
34,231,"887/7142,943/7142,623/7142,623/7142,943/7142,887/7142,0,0,0,0,231/7142,0,0,0,887/7142,887/7142,0,0,0,231/7142,0,0,0,0",574527,10,574527,10,24,True,T_pd_dbl,81745/7142,11.445673
34,232,"887/7142,231/7142,623/7142,0,943/7142,887/7142,0,0,0,623/7142,231/7142,0,0,0,887/7142,887/7142,0,0,0,943/7142,0,0,0,0",575031,10,575031,10,48,True,T_pd_dbl,81745/7142,11.445673
34,233,"887/7142,0,623/7142,0,943/7142,887/7142,0,231/7142,0,887/7142,231/7142,0,0,0,887/7142,623/7142,0,0,0,943/7142,0,0,0,0",575157,10,575157,10,48,True,T_pd_dbl,81745/7142,11.445673
34,234,"623/7142,0,231/7142,0,887/7142,943/7142,0,0,231/7142,887/7142,623/7142,0,0,0,943/7142,887/7142,0,0,0,887/7142,0,0,0,0",575285,10,575285,10,48,True,T_pd_dbl,81745/7142,11.445673
34,235,"231/7142,0,0,231/7142,887/7142,887/7142,0,0,623/7142,943/7142,887/7142,0,0,0,887/7142,943/7142,0,0,0,623/7142,0,0,0,0",575289,10,575289,10,48,True,T_pd_dbl,81745/7142,11.445673
34,236,"887/7142,887/7142,943/7142,0,887/7142,943/7142,623/7142,0,0,0,0,231/7142,0,0,231/7142,887/7142,0,0,0,623/7142,0,0,0,0",575607,10,575607,10,48,True,T_pd_dbl,81745/7142,11.445673
34,237,"887/7142,231/7142,0,0,943/7142,887/7142,0,0,0,623/7142,943/7142,623/7142,0,0,887/7142,887/7142,0,0,0,231/7142,0,0,0,0",577075,10,577075,10,48,True,T_pd_dbl,81745/7142,11.445673
34,238,"887/7142,0,0,0,943/7142,887/7142,0,231/7142,0,887/7142,943/7142,623/7142,0,0,887/7142,623/7142,0,0,0,231/7142,0,0,0,0",577201,10,577201,10,48,True,T_pd_dbl,81745/7142,11.445673
34,239,"623/7142,0,0,0,887/7142,943/7142,0,0,231/7142,887/7142,887/7142,231/7142,0,0,943/7142,887/7142,0,0,0,623/7142,0,0,0,0",577329,10,577329,10,24,True,T_pd_dbl,81745/7142,11.445673
34,240,"943/7142,887/7142,887/7142,0,0,887/7142,231/7142,623/7142,0,0,0,0,943/7142,0,623/7142,231/7142,0,0,0,887/7142,0,0,0,0",577767,10,577767,10,48,True,T_pd_dbl,81745/7142,11.445673
34,241,"887/7142,943/7142,623/7142,0,231/7142,887/7142,0,0,0,0,231/7142,0,623/7142,0,887/7142,887/7142,0,0,0,943/7142,0,0,0,0",578615,10,578615,10,48,True,T_pd_dbl,81745/7142,11.445673
34,242,"887/7142,943/7142,623/7142,0,0,887/7142,0,231/7142,0,0,231/7142,0,887/7142,0,887/7142,623/7142,0,0,0,943/7142,0,0,0,0",578727,10,578727,10,48,True,T_pd_dbl,81745/7142,11.445673
34,243,"623/7142,887/7142,231/7142,0,0,943/7142,0,0,231/7142,0,623/7142,0,887/7142,0,943/7142,887/7142,0,0,0,887/7142,0,0,0,0",578855,10,578855,10,48,True,T_pd_dbl,81745/7142,11.445673
34,244,"231/7142,887/7142,0,231/7142,0,887/7142,0,0,623/7142,0,887/7142,0,943/7142,0,887/7142,943/7142,0,0,0,623/7142,0,0,0,0",578859,10,578859,10,48,True,T_pd_dbl,81745/7142,11.445673
34,245,"231/7142,623/7142,0,0,0,887/7142,0,0,623/7142,231/7142,887/7142,0,943/7142,0,887/7142,943/7142,0,0,0,887/7142,0,0,0,0",579363,10,579363,10,48,True,T_pd_dbl,81745/7142,11.445673
34,246,"887/7142,943/7142,0,0,231/7142,887/7142,0,0,0,0,943/7142,623/7142,623/7142,0,887/7142,887/7142,0,0,0,231/7142,0,0,0,0",580659,10,580659,10,48,True,T_pd_dbl,81745/7142,11.445673
34,247,"887/7142,943/7142,0,0,0,887/7142,0,231/7142,0,0,943/7142,623/7142,887/7142,0,887/7142,623/7142,0,0,0,231/7142,0,0,0,0",580771,10,580771,10,48,True,T_pd_dbl,81745/7142,11.445673
34,248,"623/7142,887/7142,0,0,0,943/7142,0,0,231/7142,0,887/7142,231/7142,887/7142,0,943/7142,887/7142,0,0,0,623/7142,0,0,0,0",580899,10,580899,10,48,True,T_pd_dbl,81745/7142,11.445673
34,249,"887/7142,231/7142,887/7142,0,943/7142,623/7142,0,0,0,623/7142,0,0,0,231/7142,887/7142,887/7142,0,0,0,943/7142,0,0,0,0",582199,10,582199,10,48,True,T_pd_dbl,81745/7142,11.445673
34,250,"887/7142,0,887/7142,0,943/7142,623/7142,0,231/7142,0,887/7142,0,0,0,231/7142,887/7142,623/7142,0,0,0,943/7142,0,0,0,0",582325,10,582325,10,48,True,T_pd_dbl,81745/7142,11.445673
34,251,"231/7142,0,887/7142,231/7142,887/7142,0,0,0,623/7142,943/7142,0,0,0,887/7142,887/7142,943/7142,0,0,0,623/7142,0,0,0,0",582429,10,582429,10,48,True,T_pd_dbl,81745/7142,11.445673
34,252,"623/7142,0,943/7142,0,887/7142,231/7142,0,0,231/7142,887/7142,0,0,0,623/7142,943/7142,887/7142,0,0,0,887/7142,0,0,0,0",582453,10,582453,10,48,True,T_pd_dbl,81745/7142,11.445673
34,253,"887/7142,231/7142,887/7142,0,943/7142,0,0,0,0,623/7142,0,623/7142,0,943/7142,887/7142,887/7142,0,0,0,231/7142,0,0,0,0",584215,10,584215,10,48,True,T_pd_dbl,81745/7142,11.445673
34,254,"887/7142,0,887/7142,0,943/7142,0,0,231/7142,0,887/7142,0,623/7142,0,943/7142,887/7142,623/7142,0,0,0,231/7142,0,0,0,0",584341,10,584341,10,48,True,T_pd_dbl,81745/7142,11.445673
34,255,"623/7142,0,943/7142,0,887/7142,0,0,0,231/7142,887/7142,0,231/7142,0,887/7142,943/7142,887/7142,0,0,0,623/7142,0,0,0,0",584469,10,584469,10,48,True,T_pd_dbl,81745/7142,11.445673
34,256,"887/7142,943/7142,887/7142,0,0,623/7142,0,231/7142,0,0,0,0,887/7142,231/7142,887/7142,623/7142,0,0,0,943/7142,0,0,0,0",585895,10,585895,10,48,True,T_pd_dbl,81745/7142,11.445673
34,257,"231/7142,887/7142,887/7142,231/7142,0,0,0,0,623/7142,0,0,0,943/7142,887/7142,887/7142,943/7142,0,0,0,623/7142,0,0,0,0",585999,10,585999,10,24,True,T_pd_dbl,81745/7142,11.445673
34,258,"623/7142,887/7142,943/7142,0,0,231/7142,0,0,231/7142,0,0,0,887/7142,623/7142,943/7142,887/7142,0,0,0,887/7142,0,0,0,0",586023,10,586023,10,48,True,T_pd_dbl,81745/7142,11.445673
34,259,"231/7142,0,887/7142,0,623/7142,0,0,0,623/7142,943/7142,0,0,231/7142,887/7142,887/7142,943/7142,0,0,0,887/7142,0,0,0,0",586517,10,586517,10,48,True,T_pd_dbl,81745/7142,11.445673
34,260,"231/7142,0,887/7142,0,0,0,0,623/7142,623/7142,943/7142,0,0,943/7142,887/7142,887/7142,231/7142,0,0,0,887/7142,0,0,0,0",586629,10,586629,10,48,True,T_pd_dbl,81745/7142,11.445673
34,261,"887/7142,943/7142,887/7142,0,0,0,0,231/7142,0,0,0,623/7142,887/7142,943/7142,887/7142,623/7142,0,0,0,231/7142,0,0,0,0",587911,10,587911,10,24,True,T_pd_dbl,81745/7142,11.445673
34,262,"623/7142,0,887/7142,0,943/7142,887/7142,887/7142,943/7142,0,887/7142,0,623/7142,0,0,0,0,231/7142,0,0,231/7142,0,0,0,0",592629,10,592629,10,24,True,T_pd_dbl,81745/7142,11.445673
34,263,"623/7142,943/7142,887/7142,0,0,887/7142,887/7142,943/7142,0,0,0,623/7142,887/7142,0,0,0,231/7142,0,0,231/7142,0,0,0,0",596199,10,596199,10,48,True,T_pd_dbl,81745/7142,11.445673
34,264,"231/7142,0,887/7142,0,0,887/7142,231/7142,887/7142,0,943/7142,0,0,943/7142,0,623/7142,0,623/7142,0,0,887/7142,0,0,0,0",611045,10,611045,10,48,True,T_pd_dbl,81745/7142,11.445673
34,265,"623/7142,0,623/7142,0,0,887/7142,0,943/7142,0,887/7142,231/7142,0,887/7142,0,887/7142,0,231/7142,0,0,943/7142,0,0,0,0",612005,10,612005,10,48,True,T_pd_dbl,81745/7142,11.445673
34,266,"623/7142,0,887/7142,0,0,623/7142,0,943/7142,0,887/7142,0,0,887/7142,231/7142,887/7142,0,231/7142,0,0,943/7142,0,0,0,0",619173,10,619173,10,48,True,T_pd_dbl,81745/7142,11.445673
34,267,"623/7142,0,887/7142,0,0,0,0,943/7142,0,887/7142,0,623/7142,887/7142,943/7142,887/7142,0,231/7142,0,0,231/7142,0,0,0,0",621189,10,621189,10,48,True,T_pd_dbl,81745/7142,11.445673
34,268,"231/7142,0,887/7142,0,887/7142,887/7142,231/7142,0,0,943/7142,0,0,0,0,623/7142,943/7142,623/7142,0,0,887/7142,0,0,0,0",639605,10,639605,10,48,True,T_pd_dbl,81745/7142,11.445673
34,269,"623/7142,0,623/7142,0,943/7142,887/7142,0,0,0,887/7142,231/7142,0,0,0,887/7142,887/7142,231/7142,0,0,943/7142,0,0,0,0",640565,10,640565,10,48,True,T_pd_dbl,81745/7142,11.445673
34,270,"623/7142,0,887/7142,0,943/7142,623/7142,0,0,0,887/7142,0,0,0,231/7142,887/7142,887/7142,231/7142,0,0,943/7142,0,0,0,0",647733,10,647733,10,48,True,T_pd_dbl,81745/7142,11.445673
34,271,"623/7142,0,887/7142,0,943/7142,0,0,0,0,887/7142,0,623/7142,0,943/7142,887/7142,887/7142,231/7142,0,0,231/7142,0,0,0,0",649749,10,649749,10,48,True,T_pd_dbl,81745/7142,11.445673
34,272,"887/7142,0,623/7142,0,231/7142,887/7142,887/7142,943/7142,0,0,231/7142,0,623/7142,0,0,0,0,887/7142,0,943/7142,0,0,0,0",660725,10,660725,10,48,True,T_pd_dbl,81745/7142,11.445673
34,273,"887/7142,0,887/7142,0,231/7142,623/7142,887/7142,943/7142,0,0,0,0,623/7142,231/7142,0,0,0,887/7142,0,943/7142,0,0,0,0",667893,10,667893,10,48,True,T_pd_dbl,81745/7142,11.445673
34,274,"231/7142,0,887/7142,231/7142,0,0,943/7142,887/7142,623/7142,0,0,0,943/7142,887/7142,0,0,0,887/7142,0,623/7142,0,0,0,0",668109,10,668109,10,48,True,T_pd_dbl,81745/7142,11.445673
34,275,"623/7142,0,943/7142,0,0,231/7142,887/7142,887/7142,231/7142,0,0,0,887/7142,623/7142,0,0,0,943/7142,0,887/7142,0,0,0,0",668133,10,668133,10,48,True,T_pd_dbl,81745/7142,11.445673
34,276,"887/7142,0,887/7142,0,231/7142,0,887/7142,943/7142,0,0,0,623/7142,623/7142,943/7142,0,0,0,887/7142,0,231/7142,0,0,0,0",669909,10,669909,10,48,True,T_pd_dbl,81745/7142,11.445673
34,277,"623/7142,0,943/7142,0,0,0,887/7142,887/7142,231/7142,0,0,231/7142,887/7142,887/7142,0,0,0,943/7142,0,623/7142,0,0,0,0",670149,10,670149,10,24,True,T_pd_dbl,81745/7142,11.445673
34,278,"887/7142,623/7142,943/7142,0,0,943/7142,623/7142,887/7142,0,0,0,0,887/7142,0,231/7142,0,0,231/7142,0,887/7142,0,0,0,0",676071,10,676071,10,24,True,T_pd_dbl,81745/7142,11.445673
34,279,"887/7142,231/7142,0,623/7142,0,887/7142,0,943/7142,0,0,943/7142,0,887/7142,0,887/7142,0,0,623/7142,0,231/7142,0,0,0,0",677035,10,677035,10,48,True,T_pd_dbl,81745/7142,11.445673
34,280,"887/7142,0,231/7142,0,0,943/7142,623/7142,887/7142,0,0,623/7142,0,887/7142,0,231/7142,0,0,943/7142,0,887/7142,0,0,0,0",677093,10,677093,10,48,True,T_pd_dbl,81745/7142,11.445673
34,281,"887/7142,0,231/7142,0,0,943/7142,0,887/7142,0,623/7142,623/7142,0,887/7142,0,943/7142,0,0,231/7142,0,887/7142,0,0,0,0",677541,10,677541,10,24,True,T_pd_dbl,81745/7142,11.445673
34,282,"943/7142,0,887/7142,231/7142,0,0,231/7142,887/7142,0,0,0,0,943/7142,887/7142,623/7142,0,0,887/7142,0,623/7142,0,0,0,0",684237,10,684237,10,48,True,T_pd_dbl,81745/7142,11.445673
34,283,"887/7142,0,943/7142,0,0,231/7142,623/7142,887/7142,0,0,0,0,887/7142,623/7142,231/7142,0,0,943/7142,0,887/7142,0,0,0,0",684261,10,684261,10,24,True,T_pd_dbl,81745/7142,11.445673
34,284,"943/7142,0,887/7142,231/7142,0,0,0,887/7142,0,231/7142,0,0,943/7142,887/7142,887/7142,0,0,623/7142,0,623/7142,0,0,0,0",684685,10,684685,10,48,True,T_pd_dbl,81745/7142,11.445673
34,285,"887/7142,0,623/7142,623/7142,0,0,0,943/7142,0,0,231/7142,0,887/7142,943/7142,887/7142,0,0,887/7142,0,231/7142,0,0,0,0",685197,10,685197,10,48,True,T_pd_dbl,81745/7142,11.445673
34,286,"623/7142,0,231/7142,0,887/7142,943/7142,887/7142,0,231/7142,0,623/7142,0,0,0,0,887/7142,0,943/7142,0,887/7142,0,0,0,0",689525,10,689525,10,24,True,T_pd_dbl,81745/7142,11.445673
34,287,"231/7142,0,887/7142,231/7142,887/7142,0,943/7142,0,623/7142,0,0,0,0,887/7142,0,943/7142,0,887/7142,0,623/7142,0,0,0,0",696669,10,696669,10,48,True,T_pd_dbl,81745/7142,11.445673
34,288,"887/7142,0,887/7142,0,943/7142,0,887/7142,231/7142,0,0,0,623/7142,0,943/7142,0,623/7142,0,887/7142,0,231/7142,0,0,0,0",698581,10,698581,10,48,True,T_pd_dbl,81745/7142,11.445673
34,289,"623/7142,0,943/7142,0,887/7142,0,887/7142,0,231/7142,0,0,231/7142,0,887/7142,0,887/7142,0,943/7142,0,623/7142,0,0,0,0",698709,10,698709,10,24,True,T_pd_dbl,81745/7142,11.445673
34,290,"887/7142,0,231/7142,0,887/7142,943/7142,623/7142,0,0,0,623/7142,0,0,0,231/7142,887/7142,0,943/7142,0,887/7142,0,0,0,0",705653,10,705653,10,48,True,T_pd_dbl,81745/7142,11.445673
34,291,"887/7142,0,231/7142,0,887/7142,943/7142,0,0,0,623/7142,623/7142,0,0,0,943/7142,887/7142,0,231/7142,0,887/7142,0,0,0,0",706101,10,706101,10,24,True,T_pd_dbl,81745/7142,11.445673
34,292,"887/7142,231/7142,0,0,231/7142,887/7142,0,0,0,0,943/7142,0,623/7142,0,887/7142,887/7142,0,623/7142,0,943/7142,0,0,0,0",709683,10,709683,10,24,True,T_pd_dbl,81745/7142,11.445673
34,293,"887/7142,231/7142,0,0,0,887/7142,0,231/7142,0,0,943/7142,0,887/7142,0,887/7142,623/7142,0,623/7142,0,943/7142,0,0,0,0",709795,10,709795,10,48,True,T_pd_dbl,81745/7142,11.445673
34,294,"623/7142,623/7142,0,0,0,943/7142,0,0,231/7142,0,887/7142,0,887/7142,0,943/7142,887/7142,0,231/7142,0,887/7142,0,0,0,0",709923,10,709923,10,48,True,T_pd_dbl,81745/7142,11.445673
34,295,"887/7142,231/7142,0,0,943/7142,887/7142,0,943/7142,0,623/7142,0,623/7142,0,0,887/7142,0,0,0,887/7142,231/7142,0,0,0,0",805555,10,805555,10,48,True,T_pd_dbl,81745/7142,11.445673
34,296,"231/7142,887/7142,0,231/7142,0,887/7142,0,887/7142,623/7142,0,0,0,943/7142,0,887/7142,0,0,0,943/7142,623/7142,0,0,0,0",807339,10,807339,10,48,True,T_pd_dbl,81745/7142,11.445673
34,297,"943/7142,623/7142,623/7142,0,0,887/7142,0,887/7142,0,231/7142,0,0,943/7142,0,887/7142,0,0,0,231/7142,887/7142,0,0,0,0",807591,10,807591,10,48,True,T_pd_dbl,81745/7142,11.445673
34,298,"231/7142,623/7142,0,0,0,887/7142,0,887/7142,623/7142,231/7142,0,0,943/7142,0,887/7142,0,0,0,943/7142,887/7142,0,0,0,0",807843,10,807843,10,48,True,T_pd_dbl,81745/7142,11.445673
34,299,"887/7142,887/7142,231/7142,0,0,943/7142,0,887/7142,0,0,0,231/7142,887/7142,0,943/7142,0,0,0,623/7142,623/7142,0,0,0,0",809127,10,809127,10,48,True,T_pd_dbl,81745/7142,11.445673
34,300,"887/7142,943/7142,0,0,231/7142,887/7142,0,943/7142,0,0,0,623/7142,623/7142,0,887/7142,0,0,0,887/7142,231/7142,0,0,0,0",809139,10,809139,10,48,True,T_pd_dbl,81745/7142,11.445673
34,301,"623/7142,887/7142,0,0,0,943/7142,0,887/7142,231/7142,0,0,231/7142,887/7142,0,943/7142,0,0,0,887/7142,623/7142,0,0,0,0",809379,10,809379,10,24,True,T_pd_dbl,81745/7142,11.445673
34,302,"231/7142,623/7142,0,0,887/7142,887/7142,0,0,623/7142,231/7142,0,0,0,0,887/7142,943/7142,0,0,943/7142,887/7142,0,0,0,0",836403,10,836403,10,24,True,T_pd_dbl,81745/7142,11.445673
34,303,"887/7142,943/7142,0,0,943/7142,887/7142,0,231/7142,0,0,0,623/7142,0,0,887/7142,623/7142,0,0,887/7142,231/7142,0,0,0,0",837811,10,837811,10,48,True,T_pd_dbl,81745/7142,11.445673
34,304,"623/7142,887/7142,0,0,887/7142,943/7142,0,0,231/7142,0,0,231/7142,0,0,943/7142,887/7142,0,0,887/7142,623/7142,0,0,0,0",837939,10,837939,10,24,True,T_pd_dbl,81745/7142,11.445673
34,305,"231/7142,0,887/7142,231/7142,0,0,943/7142,887/7142,0,943/7142,0,623/7142,0,887/7142,0,0,623/7142,0,0,0,887/7142,0,0,0",1125069,10,1125069,10,48,True,T_pd_dbl,81745/7142,11.445673
34,306,"623/7142,0,887/7142,0,231/7142,0,887/7142,943/7142,0,887/7142,0,887/7142,0,943/7142,0,0,231/7142,0,0,0,623/7142,0,0,0",1125077,10,1125077,10,48,True,T_pd_dbl,81745/7142,11.445673
34,307,"623/7142,0,623/7142,0,0,0,887/7142,943/7142,0,887/7142,231/7142,887/7142,0,943/7142,0,0,231/7142,0,0,0,887/7142,0,0,0",1126085,10,1126085,10,48,True,T_pd_dbl,81745/7142,11.445673
34,308,"231/7142,0,887/7142,0,0,0,943/7142,887/7142,0,943/7142,0,887/7142,231/7142,887/7142,0,0,623/7142,0,0,0,623/7142,0,0,0",1129157,10,1129157,10,48,True,T_pd_dbl,81745/7142,11.445673
34,309,"623/7142,0,887/7142,887/7142,231/7142,0,0,943/7142,0,887/7142,0,0,0,943/7142,887/7142,0,231/7142,0,0,0,623/7142,0,0,0",1139357,10,1139357,10,48,True,T_pd_dbl,81745/7142,11.445673
34,310,"231/7142,0,887/7142,943/7142,0,0,231/7142,887/7142,0,943/7142,0,0,0,887/7142,623/7142,0,623/7142,0,0,0,887/7142,0,0,0",1139405,10,1139405,10,48,True,T_pd_dbl,81745/7142,11.445673
34,311,"231/7142,887/7142,0,231/7142,0,887/7142,943/7142,0,0,0,887/7142,623/7142,0,0,0,943/7142,623/7142,0,0,0,887/7142,0,0,0",1150059,10,1150059,10,48,True,T_pd_dbl,81745/7142,11.445673
34,312,"623/7142,943/7142,0,0,231/7142,887/7142,887/7142,0,0,0,943/7142,887/7142,0,0,0,887/7142,231/7142,0,0,0,623/7142,0,0,0",1150067,10,1150067,10,48,True,T_pd_dbl,81745/7142,11.445673
34,313,"623/7142,943/7142,623/7142,0,0,0,887/7142,0,0,0,231/7142,887/7142,0,943/7142,0,887/7142,231/7142,0,0,0,887/7142,0,0,0",1158215,10,1158215,10,24,True,T_pd_dbl,81745/7142,11.445673
34,314,"623/7142,0,231/7142,887/7142,0,0,887/7142,887/7142,231/7142,0,623/7142,0,0,887/7142,0,0,0,943/7142,0,0,943/7142,0,0,0",1189325,10,1189325,10,48,True,T_pd_dbl,81745/7142,11.445673
34,315,"623/7142,0,0,887/7142,0,231/7142,887/7142,887/7142,231/7142,0,887/7142,0,0,623/7142,0,0,0,943/7142,0,0,943/7142,0,0,0",1189353,10,1189353,10,24,True,T_pd_dbl,81745/7142,11.445673
34,316,"887/7142,623/7142,943/7142,623/7142,0,0,887/7142,887/7142,0,0,0,231/7142,0,887/7142,0,0,0,231/7142,0,0,943/7142,0,0,0",1190095,10,1190095,10,48,True,T_pd_dbl,81745/7142,11.445673
34,317,"887/7142,0,943/7142,623/7142,623/7142,0,887/7142,887/7142,0,0,0,231/7142,0,887/7142,0,0,0,943/7142,0,0,231/7142,0,0,0",1190109,10,1190109,10,48,True,T_pd_dbl,81745/7142,11.445673
34,318,"887/7142,0,943/7142,0,623/7142,0,887/7142,887/7142,0,623/7142,0,943/7142,0,887/7142,0,0,0,231/7142,0,0,231/7142,0,0,0",1190613,10,1190613,10,24,True,T_pd_dbl,81745/7142,11.445673
34,319,"887/7142,0,231/7142,623/7142,0,0,887/7142,887/7142,0,0,623/7142,231/7142,0,887/7142,0,0,0,943/7142,0,0,943/7142,0,0,0",1191117,10,1191117,10,24,True,T_pd_dbl,81745/7142,11.445673
34,320,"887/7142,623/7142,943/7142,0,0,0,887/7142,887/7142,0,0,0,943/7142,623/7142,887/7142,0,0,0,231/7142,0,0,231/7142,0,0,0",1194183,10,1194183,10,24,True,T_pd_dbl,81745/7142,11.445673
34,321,"887/7142,623/7142,0,887/7142,0,943/7142,623/7142,887/7142,0,0,887/7142,0,0,0,231/7142,0,0,231/7142,0,0,943/7142,0,0,0",1197291,10,1197291,10,48,True,T_pd_dbl,81745/7142,11.445673
34,322,"887/7142,0,0,887/7142,623/7142,943/7142,623/7142,887/7142,0,0,887/7142,0,0,0,231/7142,0,0,943/7142,0,0,231/7142,0,0,0",1197305,10,1197305,10,24,True,T_pd_dbl,81745/7142,11.445673
34,323,"887/7142,623/7142,0,887/7142,0,943/7142,0,887/7142,0,0,887/7142,0,623/7142,0,943/7142,0,0,231/7142,0,0,231/7142,0,0,0",1201323,10,1201323,10,48,True,T_pd_dbl,81745/7142,11.445673
34,324,"887/7142,0,943/7142,887/7142,623/7142,0,0,887/7142,0,623/7142,0,0,0,887/7142,943/7142,0,0,231/7142,0,0,231/7142,0,0,0",1204893,10,1204893,10,48,True,T_pd_dbl,81745/7142,11.445673
34,325,"887/7142,0,231/7142,887/7142,0,0,623/7142,887/7142,0,0,623/7142,0,0,887/7142,231/7142,0,0,943/7142,0,0,943/7142,0,0,0",1205453,10,1205453,10,48,True,T_pd_dbl,81745/7142,11.445673
34,326,"887/7142,0,0,887/7142,0,231/7142,623/7142,887/7142,0,0,887/7142,0,0,623/7142,231/7142,0,0,943/7142,0,0,943/7142,0,0,0",1205481,10,1205481,10,48,True,T_pd_dbl,81745/7142,11.445673
34,327,"887/7142,0,231/7142,887/7142,0,0,0,887/7142,0,623/7142,623/7142,0,0,887/7142,943/7142,0,0,231/7142,0,0,943/7142,0,0,0",1205901,10,1205901,10,48,True,T_pd_dbl,81745/7142,11.445673
34,328,"887/7142,0,0,887/7142,0,231/7142,0,887/7142,0,623/7142,887/7142,0,0,623/7142,943/7142,0,0,231/7142,0,0,943/7142,0,0,0",1205929,10,1205929,10,48,True,T_pd_dbl,81745/7142,11.445673
34,329,"887/7142,0,231/7142,887/7142,0,0,0,887/7142,0,0,623/7142,0,623/7142,887/7142,943/7142,0,0,943/7142,0,0,231/7142,0,0,0",1209485,10,1209485,10,48,True,T_pd_dbl,81745/7142,11.445673
34,330,"887/7142,0,0,887/7142,0,231/7142,0,887/7142,0,0,887/7142,0,623/7142,623/7142,943/7142,0,0,943/7142,0,0,231/7142,0,0,0",1209513,10,1209513,10,48,True,T_pd_dbl,81745/7142,11.445673
34,331,"887/7142,0,0,887/7142,231/7142,0,0,231/7142,0,0,943/7142,0,0,943/7142,887/7142,623/7142,0,887/7142,0,0,623/7142,0,0,0",1238169,10,1238169,10,48,True,T_pd_dbl,81745/7142,11.445673
34,332,"623/7142,0,0,887/7142,623/7142,0,0,0,231/7142,0,887/7142,0,0,887/7142,943/7142,887/7142,0,943/7142,0,0,231/7142,0,0,0",1238297,10,1238297,10,48,True,T_pd_dbl,81745/7142,11.445673
34,333,"231/7142,0,887/7142,943/7142,0,0,943/7142,887/7142,0,231/7142,0,0,0,887/7142,0,0,623/7142,623/7142,0,0,887/7142,0,0,0",1254093,10,1254093,10,24,True,T_pd_dbl,81745/7142,11.445673
34,334,"623/7142,0,623/7142,887/7142,0,0,887/7142,943/7142,0,0,231/7142,0,0,943/7142,0,0,231/7142,887/7142,0,0,887/7142,0,0,0",1254605,10,1254605,10,48,True,T_pd_dbl,81745/7142,11.445673
34,335,"943/7142,887/7142,0,943/7142,0,887/7142,0,887/7142,0,0,623/7142,0,231/7142,0,887/7142,0,0,0,231/7142,0,623/7142,0,0,0",1332395,10,1332395,10,48,True,T_pd_dbl,81745/7142,11.445673
34,336,"943/7142,623/7142,623/7142,943/7142,0,0,0,887/7142,0,231/7142,0,0,0,887/7142,887/7142,0,0,0,231/7142,0,887/7142,0,0,0",1335951,10,1335951,10,24,True,T_pd_dbl,81745/7142,11.445673
34,337,"231/7142,623/7142,0,943/7142,0,0,0,887/7142,623/7142,231/7142,0,0,0,887/7142,887/7142,0,0,0,943/7142,0,887/7142,0,0,0",1336203,10,1336203,10,48,True,T_pd_dbl,81745/7142,11.445673
34,338,"887/7142,943/7142,0,887/7142,0,623/7142,0,943/7142,0,0,231/7142,0,0,231/7142,887/7142,0,0,0,623/7142,0,887/7142,0,0,0",1336491,10,1336491,10,48,True,T_pd_dbl,81745/7142,11.445673
34,339,"887/7142,887/7142,0,623/7142,0,231/7142,0,887/7142,0,0,0,231/7142,0,623/7142,943/7142,0,0,0,887/7142,0,943/7142,0,0,0",1337515,10,1337515,10,48,True,T_pd_dbl,81745/7142,11.445673
34,340,"943/7142,887/7142,623/7142,0,0,0,943/7142,623/7142,0,0,0,887/7142,0,887/7142,0,231/7142,0,0,231/7142,0,887/7142,0,0,0",1353927,10,1353927,10,48,True,T_pd_dbl,81745/7142,11.445673
34,341,"231/7142,887/7142,0,0,0,887/7142,943/7142,887/7142,0,0,0,887/7142,231/7142,0,0,0,623/7142,0,943/7142,0,623/7142,0,0,0",1382627,10,1382627,10,24,True,T_pd_dbl,81745/7142,11.445673
34,342,"887/7142,231/7142,0,0,231/7142,887/7142,0,0,0,623/7142,943/7142,0,0,0,887/7142,887/7142,0,0,0,943/7142,623/7142,0,0,0",1623603,10,1623603,10,24,True,T_pd_dbl,81745/7142,11.445673
34,343,"231/7142,887/7142,0,0,887/7142,0,0,623/7142,623/7142,0,0,887/7142,0,0,887/7142,231/7142,0,0,943/7142,0,0,943/7142,0,0",2410899,10,2410899,10,24,True,T_pd_dbl,81745/7142,11.445673
34,344,"231/7142,0,623/7142,0,887/7142,0,0,887/7142,0,943/7142,0,887/7142,0,0,887/7142,0,623/7142,0,231/7142,0,0,943/7142,0,0",2443925,10,2443925,10,24,True,T_pd_dbl,81745/7142,11.445673
34,345,"623/7142,0,887/7142,0,943/7142,0,0,943/7142,0,887/7142,0,623/7142,0,0,887/7142,0,231/7142,0,0,231/7142,0,887/7142,0,0",2706069,10,2706069,10,24,True,T_pd_dbl,81745/7142,11.445673
35,1,"17574823158866109930676/157646812063733449797317,543546062239736407041787/4887051173975736943716827,15669566513892509629650/4887051173975736943716827,128184883532794526972002/4887051173975736943716827,544605236944354424788101/4887051173975736943716827,162258190017581500330282/4887051173975736943716827,0,542493304380049112690767/4887051173975736943716827,543904054288089719427646/4887051173975736943716827,0,0,525497222134930299534059/4887051173975736943716827,8804126943547520443102/103979812212249722206741,0,380561046984189705657494/4887051173975736943716827,541718122668535868968289/4887051173975736943716827,0,0",55743,12,55743,12,36,True,T_pd_dbl,2419108877906421482320499238/4887051173975736943716827,495.003795
35,2,"25279916718272620786573691/318899588346247522637682531,35348605109432911817735000/318899588346247522637682531,5086911488134098321053635/212599725564165015091788354,30968771277789274338890849/637799176692495045275365062,3950367141652947361062368/35433287594027502515298059,0,0,35491310899779411045727735/318899588346247522637682531,71190809696546436870661745/637799176692495045275365062,6762818525562877511884807/212599725564165015091788354,0,18460130162341076772932705/212599725564165015091788354,39915396000483013417968713/637799176692495045275365062,0,35409940214832952775699795/318899588346247522637682531,35314232377586658739817624/318899588346247522637682531,0,0",56223,12,56223,12,36,True,T_pd_dbl,315711348597370671426075759599/637799176692495045275365062,495.001186
35,3,"51530933305/516416803002,28628138975/258208401501,0,28707829571/516416803002,9568858112/86069467167,0,636248347/57379644778,28786988440/258208401501,28786988440/258208401501,636248347/57379644778,0,9568858112/86069467167,28707829571/516416803002,0,28628138975/258208401501,51530933305/516416803002,0,0",56283,12,56283,12,18,True,T_pd_dbl,255628898767889/516416803002,495.004998
35,4,"45621279041419677406163595/685292740001698393694489356,144627206220901623297097981/4111756440010190362166936136,19141103866005604148229900/171323185000424598423622339,459955467534723354544703095/4111756440010190362166936136,4198328731079424011624769/171323185000424598423622339,0,0,460082598992874562669282855/4111756440010190362166936136,19101012868067520054443130/171323185000424598423622339,180148275970623007206327469/4111756440010190362166936136,51635968408987674443207943/685292740001698393694489356,0,0,354494891126265005608677433/4111756440010190362166936136,75628986171049792820955099/685292740001698393694489356,456559907272398783675740305/4111756440010190362166936136,0,0",59295,12,59295,12,36,True,T_pd_dbl,339232752207792035145722540225/685292740001698393694489356,495.018745
35,5,"296079920086971/2920965939403658,13473113659406/1460482969701829,162258624248521/1460482969701829,325798560099001/2920965939403658,0,102982951549335/2920965939403658,0,325798560099001/2920965939403658,162258624248521/1460482969701829,13473113659406/1460482969701829,296079920086971/2920965939403658,0,0,162753260844496/1460482969701829,220286032472687/2920965939403658,162753260844496/1460482969701829,0,0",59311,12,59311,12,18,True,T_pd_dbl,1445957863332209709/2920965939403658,495.027293
35,6,"692381806795250030741208811/6253487119819487561188099330,3680771837288225507867278/625348711981948756118809933,65185161410687262436345467/625348711981948756118809933,696868358747886508556221421/6253487119819487561188099330,0,257370283421982517763762951/6253487119819487561188099330,0,139335259626802176688514093/1250697423963897512237619866,69430788023085821888876359/625348711981948756118809933,0,18716780366487292068654657/178671060566271073176802838,4214597453428578248857680/625348711981948756118809933,0,348731327925309777762377248/3126743559909743780594049665,87076154672100453403436223/1250697423963897512237619866,49796174531234406780001374/446677651415677682942007095,0,0",60847,12,60847,12,36,True,T_pd_dbl,3095647273115405855332622511017/6253487119819487561188099330,495.027369
35,7,"1526635213321/13715581588317,1705714814749/27431163176634,1705714814749/27431163176634,1526635213321/13715581588317,0,0,252664077868/4571860529439,3048675768739/27431163176634,3064516504369/27431163176634,0,663709803305/13715581588317,663709803305/13715581588317,0,3064516504369/27431163176634,3048675768739/27431163176634,252664077868/4571860529439,0,0",60879,12,60879,12,18,True,T_pd_dbl,13578675671291279/27431163176634,495.00911
35,8,"112/2019,449/4038,449/4038,112/2019,0,0,112/2019,449/4038,449/4038,112/2019,0,0,112/2019,449/4038,449/4038,112/2019,0,0",62415,12,62415,12,6,True,T_pd_dbl,666295/1346,495.018574
35,9,"173347474072/1557858310877,111677082551/3115716621754,346602404575/3115716621754,86395902386/1557858310877,0,116998313711/1557858310877,0,346095443413/3115716621754,346095443413/3115716621754,0,116998313711/1557858310877,0,86395902386/1557858310877,346602404575/3115716621754,111677082551/3115716621754,173347474072/1557858310877,0,0",62895,12,62895,12,18,True,T_pd_dbl,1542326789011847/3115716621754,495.015104
35,10,"4550256863753/82305479986286,9150368272619/82305479986286,0,4587573648636/41152739993143,955548461459/41152739993143,955548461459/41152739993143,4587573648636/41152739993143,0,9150368272619/82305479986286,4550256863753/82305479986286,0,4585112124359/41152739993143,0,7195646387863/82305479986286,7195646387863/82305479986286,0,4585112124359/41152739993143,0",93051,12,93051,12,18,True,T_pd_dbl,20371349530262612/41152739993143,495.01806
35,11,"225330099304643/2023317786762150,107214734922403/1011658893381075,0,224057279256469/2023317786762150,1686715226604/337219631127025,0,37602291296882/337219631127025,7963926158393/119018693338950,37602291296882/337219631127025,0,1686715226604/337219631127025,224057279256469/2023317786762150,0,107214734922403/1011658893381075,225330099304643/2023317786762150,0,88829266975801/2023317786762150,0",93659,12,93659,12,18,True,T_pd_dbl,1001598082554002539/2023317786762150,495.027568
36,1,"1,0,0,0",1,1,15,4,,False,F_not_copos,0,0.0
36,2,"0,1/3,1/3,1/3",14,3,15,4,,False,F_not_pd_kay_0_1,0,0.0
37,1,"1,0,0,0",1,1,15,4,,False,F_not_copos,0,0.0
37,2,"0,1/3,1/3,1/3",14,3,15,4,,False,F_not_pd_kay_0_1,0,0.0
38,1,"1/2,1/2",3,2,3,2,,True,T_pd_frc,1/200000000000000000000,0.0
39,1,"1/2,1/2",3,2,3,2,,True,T_pd_frc,200000000000000000001/2,1e+20
40,1,1,1,1,1,1,,True,T_pure_ess,0,0.0
41,1,"1/2,1/2",3,2,3,2,,True,T_pd_frc,-1/2,-0.5
42,1,"1,0",1,1,3,2,,True,T_pd_frc,1,1.0
43,1,"1,0",1,1,3,2,,False,F_not_pd_kay_0_1,0,0.0
43,2,"0,1",2,1,3,2,,False,F_not_pd_kay_0_1,0,0.0
44,1,"1/2,1/2",3,2,3,2,,True,T_pd_frc,0,0.0
48,1,"1,0,0,0,0,0,0,0,0,0,0,0,0,0,0",1,1,1,1,,True,T_pure_ess,1,1.0
49,1,"1,0,0,0,0,0,0,0,0,0,0,0,0,0,0,0",1,1,65535,16,,False,F_not_copos,1,1.0
49,2,"0,0,0,1,0,0,0,0,0,0,0,0,0,0,0,0",8,1,39321,8,,False,F_not_copos,1,1.0
49,3,"0,0,0,0,0,1,0,0,0,0,0,0,0,0,0,0",32,1,42405,8,,False,F_not_copos,1,1.0
49,4,"0,0,0,0,0,0,1,0,0,0,0,0,0,0,0,0",64,1,50115,8,,False,F_not_copos,1,1.0
49,5,"0,0,0,0,0,0,0,0,0,1,0,0,0,0,0,0",512,1,43605,8,,False,F_not_copos,1,1.0
49,6,"0,0,0,0,0,0,0,0,0,0,1,0,0,0,0,0",1024,1,52275,8,,False,F_not_copos,1,1.0
49,7,"0,0,0,0,0,0,0,0,0,0,0,0,1,0,0,0",4096,1,61455,8,,False,F_not_copos,1,1.0
49,8,"0,0,0,0,0,0,0,0,0,0,0,0,0,0,0,1",32768,1,38505,8,,False,F_not_copos,1,1.0
50,1,"1/4,1/4,1/4,1/4,0,0,0,0,0,0,0,0,0,0,0,0,0,0",15,4,15,4,,True,T_pd_frc,3/4,0.75
50,2,"1/4,0,1/4,1/4,1/4,0,0,0,0,0,0,0,0,0,0,0,0,0",29,4,29,4,,True,T_pd_frc,3/4,0.75
50,3,"1/4,1/4,0,1/4,0,1/4,0,0,0,0,0,0,0,0,0,0,0,0",43,4,43,4,,True,T_pd_frc,3/4,0.75
50,4,"1/4,0,0,1/4,1/4,1/4,0,0,0,0,0,0,0,0,0,0,0,0",57,4,57,4,,True,T_pd_frc,3/4,0.75
50,5,"1/4,0,1/4,0,1/4,0,1/4,0,0,0,0,0,0,0,0,0,0,0",85,4,85,4,,True,T_pd_frc,3/4,0.75
50,6,"1/4,0,0,0,1/4,1/4,1/4,0,0,0,0,0,0,0,0,0,0,0",113,4,113,4,,True,T_pd_frc,3/4,0.75
50,7,"1/4,0,0,1/4,0,1/4,0,1/4,0,0,0,0,0,0,0,0,0,0",169,4,169,4,,True,T_pd_frc,3/4,0.75
50,8,"1/4,0,0,0,0,1/4,1/4,1/4,0,0,0,0,0,0,0,0,0,0",225,4,225,4,,True,T_pd_frc,3/4,0.75
50,9,"1/4,0,0,0,1/4,0,1/4,0,1/4,0,0,0,0,0,0,0,0,0",337,4,337,4,,True,T_pd_frc,3/4,0.75
50,10,"1/4,0,0,0,0,0,1/4,1/4,1/4,0,0,0,0,0,0,0,0,0",449,4,449,4,,True,T_pd_frc,3/4,0.75
50,11,"1/4,1/4,0,0,0,1/4,0,0,0,1/4,0,0,0,0,0,0,0,0",547,4,547,4,,True,T_pd_frc,3/4,0.75
50,12,"1/4,0,0,0,0,1/4,0,1/4,0,1/4,0,0,0,0,0,0,0,0",673,4,673,4,,True,T_pd_frc,3/4,0.75
50,13,"1/4,0,0,0,0,0,0,1/4,1/4,1/4,0,0,0,0,0,0,0,0",897,4,897,4,,True,T_pd_frc,3/4,0.75
50,14,"1/4,1/4,1/4,0,0,0,0,0,0,0,1/4,0,0,0,0,0,0,0",1031,4,1031,4,,True,T_pd_frc,3/4,0.75
50,15,"1/4,0,1/4,0,0,0,1/4,0,0,0,1/4,0,0,0,0,0,0,0",1093,4,1093,4,,True,T_pd_frc,3/4,0.75
50,16,"1/4,0,0,0,0,0,1/4,0,1/4,0,1/4,0,0,0,0,0,0,0",1345,4,1345,4,,True,T_pd_frc,3/4,0.75
50,17,"1/4,1/4,0,0,0,0,0,0,0,1/4,1/4,0,0,0,0,0,0,0",1539,4,1539,4,,True,T_pd_frc,3/4,0.75
50,18,"1/4,0,0,0,0,0,0,0,1/4,1/4,1/4,0,0,0,0,0,0,0",1793,4,1793,4,,True,T_pd_frc,3/4,0.75
50,19,"1/4,0,1/4,1/4,0,0,0,0,0,0,0,1/4,0,0,0,0,0,0",2061,4,2061,4,,True,T_pd_frc,3/4,0.75
50,20,"1/4,0,0,1/4,0,0,0,1/4,0,0,0,1/4,0,0,0,0,0,0",2185,4,2185,4,,True,T_pd_frc,3/4,0.75
50,21,"1/4,0,0,0,0,0,0,1/4,0,1/4,0,1/4,0,0,0,0,0,0",2689,4,2689,4,,True,T_pd_frc,3/4,0.75
50,22,"1/4,0,1/4,0,0,0,0,0,0,0,1/4,1/4,0,0,0,0,0,0",3077,4,3077,4,,True,T_pd_frc,3/4,0.75
50,23,"1/4,0,0,0,0,0,0,0,0,1/4,1/4,1/4,0,0,0,0,0,0",3585,4,3585,4,,True,T_pd_frc,3/4,0.75
50,24,"1/4,0,0,1/4,1/4,0,0,0,0,0,0,0,1/4,0,0,0,0,0",4121,4,4121,4,,True,T_pd_frc,3/4,0.75
50,25,"1/4,0,0,0,1/4,0,0,0,1/4,0,0,0,1/4,0,0,0,0,0",4369,4,4369,4,,True,T_pd_frc,3/4,0.75
50,26,"1/4,0,0,0,0,0,0,0,1/4,0,1/4,0,1/4,0,0,0,0,0",5377,4,5377,4,,True,T_pd_frc,3/4,0.75
50,27,"1/4,0,0,1/4,0,0,0,0,0,0,0,1/4,1/4,0,0,0,0,0",6153,4,6153,4,,True,T_pd_frc,3/4,0.75
50,28,"1/4,0,0,0,0,0,0,0,0,0,1/4,1/4,1/4,0,0,0,0,0",7169,4,7169,4,,True,T_pd_frc,3/4,0.75
50,29,"1/4,0,0,0,1/4,1/4,0,0,0,0,0,0,0,1/4,0,0,0,0",8241,4,8241,4,,True,T_pd_frc,3/4,0.75
50,30,"1/4,0,0,0,0,1/4,0,0,0,1/4,0,0,0,1/4,0,0,0,0",8737,4,8737,4,,True,T_pd_frc,3/4,0.75
50,31,"1/4,0,0,0,0,0,0,0,0,1/4,0,1/4,0,1/4,0,0,0,0",10753,4,10753,4,,True,T_pd_frc,3/4,0.75
50,32,"1/4,0,0,0,1/4,0,0,0,0,0,0,0,1/4,1/4,0,0,0,0",12305,4,12305,4,,True,T_pd_frc,3/4,0.75
50,33,"1/4,0,0,0,0,0,0,0,0,0,0,1/4,1/4,1/4,0,0,0,0",14337,4,14337,4,,True,T_pd_frc,3/4,0.75
50,34,"1/4,1/4,0,0,0,1/4,0,0,0,0,0,0,0,0,1/4,0,0,0",16419,4,16419,4,,True,T_pd_frc,3/4,0.75
50,35,"1/4,0,0,0,0,1/4,1/4,0,0,0,0,0,0,0,1/4,0,0,0",16481,4,16481,4,,True,T_pd_frc,3/4,0.75
50,36,"1/4,1/4,0,0,0,0,0,0,0,0,1/4,0,0,0,1/4,0,0,0",17411,4,17411,4,,True,T_pd_frc,3/4,0.75
50,37,"1/4,0,0,0,0,0,1/4,0,0,0,1/4,0,0,0,1/4,0,0,0",17473,4,17473,4,,True,T_pd_frc,3/4,0.75
50,38,"1/4,0,0,0,0,0,0,0,0,0,1/4,0,1/4,0,1/4,0,0,0",21505,4,21505,4,,True,T_pd_frc,3/4,0.75
50,39,"1/4,0,0,0,0,1/4,0,0,0,0,0,0,0,1/4,1/4,0,0,0",24609,4,24609,4,,True,T_pd_frc,3/4,0.75
50,40,"1/4,0,0,0,0,0,0,0,0,0,0,0,1/4,1/4,1/4,0,0,0",28673,4,28673,4,,True,T_pd_frc,3/4,0.75
50,41,"1/4,0,1/4,0,0,0,1/4,0,0,0,0,0,0,0,0,1/4,0,0",32837,4,32837,4,,True,T_pd_frc,3/4,0.75
50,42,"1/4,0,0,0,0,0,1/4,1/4,0,0,0,0,0,0,0,1/4,0,0",32961,4,32961,4,,True,T_pd_frc,3/4,0.75
50,43,"1/4,0,1/4,0,0,0,0,0,0,0,0,1/4,0,0,0,1/4,0,0",34821,4,34821,4,,True,T_pd_frc,3/4,0.75
50,44,"1/4,0,0,0,0,0,0,1/4,0,0,0,1/4,0,0,0,1/4,0,0",34945,4,34945,4,,True,T_pd_frc,3/4,0.75
50,45,"1/4,0,0,0,0,0,0,0,0,0,0,1/4,0,1/4,0,1/4,0,0",43009,4,43009,4,,True,T_pd_frc,3/4,0.75
50,46,"1/4,0,0,0,0,0,1/4,0,0,0,0,0,0,0,1/4,1/4,0,0",49217,4,49217,4,,True,T_pd_frc,3/4,0.75
50,47,"1/4,0,0,0,0,0,0,0,0,0,0,0,0,1/4,1/4,1/4,0,0",57345,4,57345,4,,True,T_pd_frc,3/4,0.75
50,48,"1/4,1/4,0,1/4,0,0,0,0,0,0,0,0,0,0,0,0,1/4,0",65547,4,65547,4,,True,T_pd_frc,3/4,0.75
50,49,"1/4,0,0,1/4,0,0,0,1/4,0,0,0,0,0,0,0,0,1/4,0",65673,4,65673,4,,True,T_pd_frc,3/4,0.75
50,50,"1/4,0,0,0,0,0,0,1/4,1/4,0,0,0,0,0,0,0,1/4,0",65921,4,65921,4,,True,T_pd_frc,3/4,0.75
50,51,"1/4,0,0,1/4,0,0,0,0,0,0,0,0,1/4,0,0,0,1/4,0",69641,4,69641,4,,True,T_pd_frc,3/4,0.75
50,52,"1/4,0,0,0,0,0,0,0,1/4,0,0,0,1/4,0,0,0,1/4,0",69889,4,69889,4,,True,T_pd_frc,3/4,0.75
50,53,"1/4,1/4,0,0,0,0,0,0,0,0,0,0,0,0,1/4,0,1/4,0",81923,4,81923,4,,True,T_pd_frc,3/4,0.75
50,54,"1/4,0,0,0,0,0,0,0,0,0,0,0,1/4,0,1/4,0,1/4,0",86017,4,86017,4,,True,T_pd_frc,3/4,0.75
50,55,"1/4,0,0,0,0,0,0,1/4,0,0,0,0,0,0,0,1/4,1/4,0",98433,4,98433,4,,True,T_pd_frc,3/4,0.75
50,56,"1/4,0,0,0,0,0,0,0,0,0,0,0,0,0,1/4,1/4,1/4,0",114689,4,114689,4,,True,T_pd_frc,3/4,0.75
50,57,"1/4,1/4,1/4,0,0,0,0,0,0,0,0,0,0,0,0,0,0,1/4",131079,4,131079,4,,True,T_pd_frc,3/4,0.75
50,58,"1/4,0,1/4,0,1/4,0,0,0,0,0,0,0,0,0,0,0,0,1/4",131093,4,131093,4,,True,T_pd_frc,3/4,0.75
50,59,"1/4,0,0,0,1/4,0,0,0,1/4,0,0,0,0,0,0,0,0,1/4",131345,4,131345,4,,True,T_pd_frc,3/4,0.75
50,60,"1/4,1/4,0,0,0,0,0,0,0,1/4,0,0,0,0,0,0,0,1/4",131587,4,131587,4,,True,T_pd_frc,3/4,0.75
50,61,"1/4,0,0,0,0,0,0,0,1/4,1/4,0,0,0,0,0,0,0,1/4",131841,4,131841,4,,True,T_pd_frc,3/4,0.75
50,62,"1/4,0,0,0,1/4,0,0,0,0,0,0,0,0,1/4,0,0,0,1/4",139281,4,139281,4,,True,T_pd_frc,3/4,0.75
50,63,"1/4,0,0,0,0,0,0,0,0,1/4,0,0,0,1/4,0,0,0,1/4",139777,4,139777,4,,True,T_pd_frc,3/4,0.75
50,64,"1/4,0,1/4,0,0,0,0,0,0,0,0,0,0,0,0,1/4,0,1/4",163845,4,163845,4,,True,T_pd_frc,3/4,0.75
50,65,"1/4,0,0,0,0,0,0,0,0,0,0,0,0,1/4,0,1/4,0,1/4",172033,4,172033,4,,True,T_pd_frc,3/4,0.75
50,66,"1/4,1/4,0,0,0,0,0,0,0,0,0,0,0,0,0,0,1/4,1/4",196611,4,196611,4,,True,T_pd_frc,3/4,0.75
50,67,"1/4,0,0,0,0,0,0,0,1/4,0,0,0,0,0,0,0,1/4,1/4",196865,4,196865,4,,True,T_pd_frc,3/4,0.75
50,68,"1/4,0,0,0,0,0,0,0,0,0,0,0,0,0,0,1/4,1/4,1/4",229377,4,229377,4,,True,T_pd_frc,3/4,0.75
51,1,"1,0,0,0,0,0,0,0,0,0,0,0,0,0,0,0,0,0,0,0",1,1,1048575,20,,False,F_not_copos,1,1.0
51,2,"0,1,0,0,0,0,0,0,0,0,0,0,0,0,0,0,0,0,0,0",2,1,1048574,19,,False,F_not_copos,2,2.0
51,3,"0,0,1,0,0,0,0,0,0,0,0,0,0,0,0,0,0,0,0,0",4,1,1048572,18,,False,F_not_copos,3,3.0
51,4,"0,0,0,1,0,0,0,0,0,0,0,0,0,0,0,0,0,0,0,0",8,1,1048568,17,,False,F_not_copos,4,4.0
51,5,"0,0,0,0,1,0,0,0,0,0,0,0,0,0,0,0,0,0,0,0",16,1,1048560,16,,False,F_not_copos,5,5.0
51,6,"0,0,0,0,0,1,0,0,0,0,0,0,0,0,0,0,0,0,0,0",32,1,1048544,15,,False,F_not_copos,6,6.0
51,7,"0,0,0,0,0,0,1,0,0,0,0,0,0,0,0,0,0,0,0,0",64,1,1048512,14,,False,F_not_copos,7,7.0
51,8,"0,0,0,0,0,0,0,1,0,0,0,0,0,0,0,0,0,0,0,0",128,1,1048448,13,,False,F_not_copos,8,8.0
51,9,"0,0,0,0,0,0,0,0,1,0,0,0,0,0,0,0,0,0,0,0",256,1,1048320,12,,False,F_not_copos,9,9.0
51,10,"0,0,0,0,0,0,0,0,0,1,0,0,0,0,0,0,0,0,0,0",512,1,1048064,11,,False,F_not_copos,10,10.0
51,11,"0,0,0,0,0,0,0,0,0,0,1,0,0,0,0,0,0,0,0,0",1024,1,1047552,10,,False,F_not_copos,11,11.0
51,12,"0,0,0,0,0,0,0,0,0,0,0,1,0,0,0,0,0,0,0,0",2048,1,1046528,9,,False,F_not_copos,12,12.0
51,13,"0,0,0,0,0,0,0,0,0,0,0,0,1,0,0,0,0,0,0,0",4096,1,1044480,8,,False,F_not_copos,13,13.0
51,14,"0,0,0,0,0,0,0,0,0,0,0,0,0,1,0,0,0,0,0,0",8192,1,1040384,7,,False,F_not_copos,14,14.0
51,15,"0,0,0,0,0,0,0,0,0,0,0,0,0,0,1,0,0,0,0,0",16384,1,1032192,6,,False,F_not_copos,15,15.0
51,16,"0,0,0,0,0,0,0,0,0,0,0,0,0,0,0,1,0,0,0,0",32768,1,1015808,5,,False,F_not_copos,16,16.0
51,17,"0,0,0,0,0,0,0,0,0,0,0,0,0,0,0,0,1,0,0,0",65536,1,983040,4,,False,F_not_copos,17,17.0
51,18,"0,0,0,0,0,0,0,0,0,0,0,0,0,0,0,0,0,1,0,0",131072,1,917504,3,,False,F_not_copos,18,18.0
51,19,"0,0,0,0,0,0,0,0,0,0,0,0,0,0,0,0,0,0,1,0",262144,1,786432,2,,False,F_not_pd_kay_0_1,19,19.0
51,20,"0,0,0,0,0,0,0,0,0,0,0,0,0,0,0,0,0,0,0,1",524288,1,524288,1,,True,T_pure_ess,20,20.0
52,1,"1/2,0,0,0,0,0,0,0,0,0,0,0,0,0,0,0,0,0,0,0,1/2",1048577,2,2097151,21,,True,T_pd_frc,10,10.0
53,1,"0,1,0,0,0,0,0,0,0,0,0,0,0,0,0,0,0,0,0,0,0,0,0",2,1,2097154,2,,True,T_pd_frc,9,9.0
53,2,"0,0,0,0,0,0,0,1,0,0,0,0,0,0,0,0,0,0,0,0,0,0,0",128,1,128,1,,True,T_pure_ess,8,8.0
53,3,"0,0,0,0,0,0,0,0,0,0,0,0,0,0,0,1,0,0,0,0,0,0,0",32768,1,33088,3,,True,T_copos,9,9.0
53,4,"0,0,0,0,0,0,0,0,0,0,0,0,0,0,0,0,0,1,0,0,0,0,0",131072,1,4588544,4,,False,F_not_copos,9,9.0
53,5,"0,0,0,0,0,0,0,0,0,0,0,0,0,0,0,0,0,0,1,0,0,0,0",262144,1,417801,6,,False,F_not_copos,9,9.0
53,6,"0,0,0,0,0,0,0,0,0,0,0,1/3,0,2/3,0,0,0,0,0,0,0,0,0",10240,2,272384,3,,False,F_not_pd_kay_0_1,16/3,5.333333
53,7,"0,0,0,0,0,0,0,0,0,0,0,0,0,0,0,0,0,0,0,2/9,7/9,0,0",1572864,2,1572864,2,,True,T_pd_frc,67/9,7.444444
53,8,"0,0,0,0,64/99,5/33,0,0,20/99,0,0,0,0,0,0,0,0,0,0,0,0,0,0",304,3,304,3,,True,T_pd_frc,571/99,5.767677
53,9,"0,0,0,20/71,33/71,0,0,0,0,0,0,0,0,0,0,0,18/71,0,0,0,0,0,0",65560,3,65560,3,,True,T_pd_frc,360/71,5.070423
53,10,"0,0,0,331/800,0,0,0,0,0,0,0,99/800,0,0,1/32,0,69/160,0,0,0,0,0,0",83976,4,83976,4,,False,F_not_pd_kay_0_1,3353/800,4.19125
53,11,"0,0,0,0,0,0,0,0,0,0,0,17/63,0,0,4/21,0,13/63,0,0,0,1/3,0,0",1132544,4,1132544,4,,False,F_not_pd_kay_0_1,296/63,4.698413
53,12,"0,0,0,0,0,1/21,0,0,0,0,0,10/21,0,0,3/7,0,0,0,0,0,0,0,1/21",4212768,4,4212768,4,,True,T_pd_frc,134/21,6.380952
54,1,"0,0,1,0,0,0,0,0,0,0,0,0,0,0,0,0,0,0,0,0,0,0,0,0",4,1,2229316,5,,True,T_copos,9,9.0
54,2,"0,0,0,0,0,0,0,0,1,0,0,0,0,0,0,0,0,0,0,0,0,0,0,0",256,1,1288,3,,True,T_pd_frc,9,9.0
54,3,"0,0,0,0,0,0,0,0,0,0,0,1,0,0,0,0,0,0,0,0,0,0,0,0",2048,1,2178,3,,True,T_pd_frc,9,9.0
54,4,"0,0,0,0,0,0,0,0,0,0,3/7,0,0,0,4/7,0,0,0,0,0,0,0,0,0",17408,2,17410,3,,False,F_not_pd_kay_0_1,51/7,7.285714
54,5,"0,0,0,0,0,0,0,0,0,0,0,0,0,0,0,1/6,0,0,0,0,5/6,0,0,0",1081344,2,1343490,4,,False,F_not_copos,43/6,7.166667
54,6,"0,0,0,0,0,0,0,0,0,0,0,0,0,0,1/2,0,0,0,0,0,0,0,1/2,0",4210688,2,4210688,2,,True,T_pd_frc,15/2,7.5
54,7,"0,0,0,0,10/29,0,0,0,0,8/29,0,0,0,0,11/29,0,0,0,0,0,0,0,0,0",16912,3,16912,3,,True,T_pd_frc,210/29,7.241379
54,8,"0,5/14,0,0,0,0,0,0,0,0,0,0,0,0,0,0,0,0,0,0,4/7,1/14,0,0",3145730,3,3145730,3,,True,T_pd_frc,103/14,7.357143
54,9,"0,0,0,0,0,0,0,1/5,0,0,0,0,0,2/5,0,0,0,0,0,0,0,0,2/5,0",4202624,3,4202624,3,,True,T_pd_frc,37/5,7.4
54,10,"0,0,0,0,0,11/29,0,0,0,0,12/29,0,0,0,0,0,0,0,0,0,0,0,0,6/29",8389664,3,8389664,3,,True,T_pd_frc,195/29,6.724138
54,11,"0,0,0,0,0,0,0,0,0,0,0,0,0,0,0,3/38,25/38,0,0,0,0,0,0,5/19",8486912,3,8486912,3,,True,T_pd_frc,289/38,7.605263
54,12,"0,0,0,0,0,5/23,7/23,10/23,0,0,0,0,0,1/23,0,0,0,0,0,0,0,0,0,0",8416,4,8928,5,,False,F_not_pd_kay_0_1,153/23,6.652174
54,13,"15/124,0,0,0,0,17/62,0,0,0,0,21/62,0,0,0,0,0,0,0,0,33/124,0,0,0,0",525345,4,525345,4,,True,T_pd_frc,867/124,6.991935
54,14,"0,0,0,0,0,10/37,0,15/37,0,0,0,0,0,3/37,0,0,0,0,0,9/37,0,0,0,0",532640,4,532640,4,,True,T_pd_frc,264/37,7.135135
54,15,"0,19/73,0,0,0,0,23/73,17/73,0,0,0,0,0,0,0,0,0,0,0,0,0,14/73,0,0",2097346,4,2097346,4,,False,F_not_pd_kay_0_1,468/73,6.410959
54,16,"0,0,0,0,0,10/37,9/37,15/37,0,0,0,0,0,0,0,0,0,0,0,0,0,0,0,3/37",8388832,4,8397024,5,,False,F_not_pd_kay_0_1,246/37,6.648649
54,17,"0,0,0,0,0,0,13/49,6/49,0,15/49,0,0,0,9/49,6/49,0,0,0,0,0,0,0,0,0",25280,5,25280,5,,False,F_not_pd_kay_0_1,316/49,6.44898
54,18,"95/439,0,0,0,126/439,0,50/439,0,0,145/439,0,0,0,0,0,0,0,0,0,0,0,23/439,0,0",2097745,5,2097745,5,,False,F_not_pd_kay_0_1,3034/439,6.911162
54,19,"373/1621,0,0,0,0,0,261/1621,0,0,0,0,0,0,0,0,0,0,0,156/1621,0,473/1621,358/1621,0,0",3407937,5,3407937,5,,False,F_not_pd_kay_0_1,10720/1621,6.613202
54,20,"0,0,0,0,1/2,0,0,0,0,1/5,0,0,1/10,0,0,0,1/10,0,0,0,0,0,0,1/10",8458768,5,8475152,6,,False,F_not_pd_kay_0_1,33/5,6.6
54,21,"2580/17197,0,0,0,0,4065/17197,2573/17197,2028/17197,0,3315/17197,0,0,0,0,0,0,0,0,0,2636/17197,0,0,0,0",525025,6,525025,6,,False,F_not_pd_kay_0_1,108294/17197,6.297261
54,22,"0,0,0,0,1858/8667,2035/8667,0,358/2889,0,1792/8667,0,0,0,553/8667,0,0,0,0,0,0,0,0,0,1355/8667",8397488,6,8397488,6,,False,F_not_pd_kay_0_1,54976/8667,6.343141
54,23,"189/2446,0,0,0,803/2446,0,0,0,0,0,0,0,0,0,0,0,256/1223,0,0,0,487/2446,224/1223,0,7/2446",11599889,6,11599889,6,,False,F_not_pd_kay_0_1,14997/2446,6.131235
55,1,"1/20,1/20,1/20,1/20,1/20,1/20,1/20,1/20,1/20,1/20,1/20,1/20,1/20,1/20,1/20,1/20,1/20,1/20,1/20,1/20",1048575,20,1048575,20,,True,T_pd_frc,-1/20,-0.050000
