# callgrind format
version: 1
creator: callgrind-3.15.0
pid: 3525777
cmd:  /home/reinhard/projects/fracessa/fracessa/cpp/build/fracessa 23#27478,22664,10976,25676,18552,18552,25676,10976,22664,27478,17939
part: 1


desc: I1 cache: 
desc: D1 cache: 
desc: LL cache: 

desc: Timerange: Basic block 0 - 817189512
desc: Trigger: Program termination

positions: line
events: Ir
summary: 5458156388


ob=(9) /usr/lib/x86_64-linux-gnu/libmpfr.so.6.0.2
fl=(163) ???
fn=(718) 0x0000000000017d50
0 11

fn=(2198) 0x0000000000017ca0
0 5

fn=(2188) 0x0000000000017d10
0 8
cob=(2) ???
cfi=(18) ???
cfn=(2194) 0x0000000004c58720
calls=1 0 
0 142
0 1
cfn=(2198)
calls=1 0 
0 5
0 3

ob=(4) /usr/lib/x86_64-linux-gnu/libm-2.31.so
fl=(114) /build/glibc-B3wQXB/glibc-2.31/math/../sysdeps/x86_64/fpu/multiarch/s_sinf.c
fn=(326) sinf
26 1
fi=(247) /build/glibc-B3wQXB/glibc-2.31/math/../sysdeps/x86_64/fpu/multiarch/ifunc-fma.h
+4 1
-1 1
+1 2
-1 3
fe=(114)
-3 1

fl=(107) /build/glibc-B3wQXB/glibc-2.31/math/../sysdeps/x86_64/fpu/multiarch/s_sincosf.c
fn=(312) sincosf
26 1
fi=(247)
+4 1
-1 1
+1 2
-1 3
fe=(107)
-3 1

fl=(106) /build/glibc-B3wQXB/glibc-2.31/math/../sysdeps/x86_64/fpu/multiarch/e_logf.c
fn=(310) logf@@GLIBC_2.27
27 1
fi=(247)
+3 1
-1 1
+1 2
-1 3
fe=(106)
-2 1

fl=(117) /build/glibc-B3wQXB/glibc-2.31/math/../sysdeps/x86_64/fpu/multiarch/s_ceil.c
fn=(338) ceil
31 1
fi=(248) /build/glibc-B3wQXB/glibc-2.31/math/../sysdeps/x86_64/fpu/multiarch/ifunc-sse4_1.h
-2 5
fe=(117)
+2 1

fl=(119) /build/glibc-B3wQXB/glibc-2.31/math/../sysdeps/x86_64/fpu/multiarch/s_tan.c
fn=(342) tan
26 1
fi=(249) /build/glibc-B3wQXB/glibc-2.31/math/../sysdeps/x86_64/fpu/multiarch/ifunc-avx-fma4.h
+7 5
-1 2
fe=(119)
-6 1

fl=(105) /build/glibc-B3wQXB/glibc-2.31/math/../sysdeps/x86_64/fpu/multiarch/s_sin.c
fn=(334) sin
27 1
fi=(249)
+6 5
-1 2
fe=(105)
-5 1

fn=(308) cos
34 2
fi=(249)
-1 10
-1 4
fe=(105)
+2 2

fl=(110) /build/glibc-B3wQXB/glibc-2.31/math/../sysdeps/x86_64/fpu/multiarch/e_log2f.c
fn=(318) log2f@@GLIBC_2.27
27 1
fi=(247)
+3 1
-1 1
+1 2
-1 3
fe=(110)
-2 1

fl=(103) /build/glibc-B3wQXB/glibc-2.31/math/../sysdeps/x86_64/fpu/multiarch/e_exp.c
fn=(304) __exp_finite@GLIBC_2.15
27 1
fi=(249)
+6 5
-1 2
fe=(103)
-5 1

fl=(108) /build/glibc-B3wQXB/glibc-2.31/math/../sysdeps/x86_64/fpu/multiarch/e_powf.c
fn=(314) powf@@GLIBC_2.27
30 2
fi=(247)
-1 1
+1 2
-1 3
fe=(108)
+1 1

fl=(112) /build/glibc-B3wQXB/glibc-2.31/math/../sysdeps/x86_64/fpu/multiarch/e_asin.c
fn=(328) __asin_finite@GLIBC_2.15
27 1
fi=(113) /build/glibc-B3wQXB/glibc-2.31/math/../sysdeps/x86_64/fpu/multiarch/ifunc-fma4.h
+5 5
-1 2
fe=(112)
-4 1

fn=(322) __acos_finite@GLIBC_2.15
35 1
fi=(113)
-3 5
-1 2
+4 1
fe=(112)

fl=(115) /build/glibc-B3wQXB/glibc-2.31/math/../sysdeps/x86_64/fpu/multiarch/e_exp2f.c
fn=(330) exp2f@@GLIBC_2.27
27 1
fi=(247)
+3 1
-1 1
+1 2
-1 3
fe=(115)
-2 1

fl=(111) /build/glibc-B3wQXB/glibc-2.31/math/../sysdeps/x86_64/fpu/multiarch/e_log.c
fn=(320) __log_finite@GLIBC_2.15
27 1
fi=(249)
+6 5
-1 2
fe=(111)
-5 1

fl=(102) /build/glibc-B3wQXB/glibc-2.31/math/../sysdeps/x86_64/fpu/multiarch/s_cosf.c
fn=(302) cosf
26 1
fi=(247)
+4 1
-1 1
+1 2
-1 3
fe=(102)
-3 1

fl=(109) /build/glibc-B3wQXB/glibc-2.31/math/../sysdeps/x86_64/fpu/multiarch/e_pow.c
fn=(316) __pow_finite@GLIBC_2.15
27 1
fi=(113)
+5 5
-1 2
fe=(109)
-4 1

fl=(147) ???
fn=(2280) 0x000000000000d3d0
0 5

fn=(460) 0x000000000000d480
0 12

fn=(2270) 0x000000000000d440
0 9
cob=(2)
cfi=(18)
cfn=(2276) 0x00000000048961f0
calls=1 0 
0 143
0 1
cfn=(2280)
calls=1 0 
0 5
0 3

fl=(116) /build/glibc-B3wQXB/glibc-2.31/math/../sysdeps/x86_64/fpu/multiarch/e_atan2.c
fn=(332) __atan2_finite@GLIBC_2.15
26 1
fi=(249)
+7 5
-1 2
fe=(116)
-6 1

fl=(124) /build/glibc-B3wQXB/glibc-2.31/math/../sysdeps/x86_64/fpu/multiarch/s_floor.c
fn=(352) floor
31 1
fi=(248)
-2 5
fe=(124)
+2 1

fl=(104) /build/glibc-B3wQXB/glibc-2.31/math/../sysdeps/x86_64/fpu/multiarch/e_expf.c
fn=(306) expf@@GLIBC_2.27
27 1
fi=(247)
+3 1
-1 1
+1 2
-1 3
fe=(104)
-2 1

ob=(6) /usr/lib/x86_64-linux-gnu/libgcc_s.so.1
fl=(146) ???
fn=(450) 0x0000000000003d10
0 12

fn=(2298) 0x0000000000003c60
0 5

fn=(1680) __popcountdi2
0 176168601

fn=(448) __cpu_indicator_init
0 160

fn=(2288) 0x0000000000003cd0
0 9
cob=(2)
cfi=(18)
cfn=(2294) 0x0000000004eb6300
calls=1 0 
0 143
0 1
cfn=(2298)
calls=1 0 
0 5
0 3

ob=(1) /usr/lib/x86_64-linux-gnu/ld-2.31.so
fl=(1) ???
fn=(0) 0x0000000000001100
0 2
cfi=(2) /build/glibc-B3wQXB/glibc-2.31/elf/rtld.c
cfn=(2) _dl_start
calls=1 463 
0 3301180
0 14
cfi=(125) /build/glibc-B3wQXB/glibc-2.31/elf/dl-init.c
cfn=(364) _dl_init
calls=1 79 
0 89625
0 3
cob=(11) /home/reinhard/projects/fracessa/fracessa/cpp/build/fracessa
cfi=(165) ???
cfn=(736) _start
calls=1 0 
0 5454765564

fl=(30) /build/glibc-B3wQXB/glibc-2.31/string/../sysdeps/x86_64/multiarch/memset-vec-unaligned-erms.S
fn=(80) memset
108 34
+1 170
+6 34
+1 34
+1 17
+1 17
+2 9
+1 9
+2 9
+65 8
+1 8
+10 8
+1 8
+1 8
+1 8
+1 8
+1 8
+1 8
+1 8
+1 8
+1 8
+1 8
+1 8
+1 8
+1 8
+2 221
+1 221
+1 221
+1 221
+1 221
+1 221
+1 221
+1 8
+15 17
+1 17
+1 17
+1 6
+1 6
+1 2
+1 2
+24 11
+1 11
+2 11
+3 4
+1 4
+2 4
+3 2
+1 2
+2 2

fl=(11) /build/glibc-B3wQXB/glibc-2.31/elf/../sysdeps/unix/sysv/linux/x86_64/brk.c
fn=(20) brk
28 1
+3 5
+2 2
+6 1
+1 1

fl=(16) /build/glibc-B3wQXB/glibc-2.31/elf/dl-environ.c
fn=(36) _dl_next_ld_env_entry
28 3
+1 3
+3 106
+13 96
-13 192
+2 196
+1 38
+5 2
-3 2
+3 2
+2 2
+7 1

fl=(33) /build/glibc-B3wQXB/glibc-2.31/elf/dl-debug.c
fn=(100) _dl_debug_state
73 2
+1 2

fn=(96) _dl_debug_initialize
46 10
+3 20
+5 18
+5 2
-1 1
+1 2
+1 2
-1 1
+5 1
-14 10
+4 20
+3 1
+1 11

fl=(21) /build/glibc-B3wQXB/glibc-2.31/elf/../sysdeps/x86/dl-prop.h
fn=(134) _dl_process_pt_note
153 140
+4 14
+2 56
53 22
+6 14
160 5
-98 5
+5 10
+89 6
-89 6
+89 12
-89 12
+70 24
-1 6
-69 18
+3 18
+1 12
+1 12
+4 18
+4 18
+3 18
+1 12
+4 6
+1 12
+11 6
+1 24
+5 12
-13 12
+1 6
+3 15
+66 6
+16 12
+3 14
+1 112
-19 45
+6 9
-6 3
+6 6
cfi=(53) /build/glibc-B3wQXB/glibc-2.31/io/../sysdeps/unix/sysv/linux/pread64_nocancel.c
cfn=(170) __pread64_nocancel
calls=3 29 
* 21
* 6
53 6
+6 2
+3 1
+5 2
+75 30
+1 6
+1 12
+1 12
-32 12
+3 12
+4 6

fl=(22) /build/glibc-B3wQXB/glibc-2.31/string/../sysdeps/x86_64/strcmp.S
fn=(58) strcmp
111 3628
+33 3628
+1 3628
+2 3628
+1 3628
+21 3628
+1 3628
+1 2748
+1 2748
+1 2471
+1 2471
+1 2471
+1 2471
+21 2471
+1 2471
+1 2471
+1 2471
+1 2471
+1 2471
+1 2471
+5 139
+1 417
+9 139
+1 139
+1 139
+1 139
+1 139
+1 139
+1 139
+1 139
-7 1157
+1 1157
+1 1157
+1 1157
+1 1157
+1 1157
+1 1157
+1 1157
+1 645
+1 343
+1 343
+1 343
+2 343
+1 343
+1 343
+1 343
+1 343
+1 343
-5 302
+1 302
+1 302
+1 302
+1 302
+1 302
+10 651
+1 651
+1 651
+2 651
+6 651
+1 651
+1 651
+1 651
+1 651
+5 651
+2 639
+1 639
+1 1278
+8 639
+1 639
+3 639
+1 639
+1 639
+1 639
+1 639
+1 639
-9 20
+1 20
+3 20
+1 20
+1 20
+1 20
+1 20
+1 20
+6 31
+1 31
+1 31
+3 31
+1 31
+1 31
+1 31
+1 31
+1 31
+5 20
+1 20
+9 23
+1 23
+1 23
+1 23
+1 23
+2 23
+1 23
+1 23
+1 23
+1 23
+1 23
+1 23
+1 7
+3 7
+1 7
+1 7
+6 7
+1 7
+1 14
+4 7
+1 7
+3 7
+1 7
+1 7
+3 7
+1 7
+1 7
+6 7
+1 7
+1 7
+1 7
+1 7
+1 7
+78 31
+1 31
+1 31
+1 31
+1 31
+2 31
+1 31
+1 31
+1 31
+1 31
+1 31
+1 31
+1 7
+3 7
+1 7
+1 7
+6 7
+1 7
+1 14
+4 7
+1 7
-1 1
+1 1
+3 8
+1 8
+1 8
+3 8
+1 8
+1 8
+6 8
+1 8
+1 8
+1 8
+1 8
+1 8
+7 2
+1 2
+2 2
+1 2
+2 2
+1 2
+1 2
+3 2
+1 2
+1 2
+6 2
+1 2
+1 2
+1 2
+1 2
+1 2
+7 1
+1 1
+1 1
+32 8
+1 8
+1 8
+1 8
+1 8
+2 8
+1 8
+1 8
+1 8
+1 8
+1 8
+1 8
+1 8
+4 8
+1 8
+1 8
+6 8
+1 8
+1 16
+4 8
+1 8
-1 1
+1 1
+3 9
+1 9
+1 9
+3 9
+1 9
+1 9
+6 9
+1 9
+1 9
+1 9
+1 9
+1 9
+7 4
+1 4
+2 4
+1 4
+2 4
+1 4
+1 4
+3 4
+1 4
+1 4
+6 4
+1 4
+1 4
+1 4
+1 4
+1 4
+7 1
+1 1
+1 1
+32 14
+1 14
+1 14
+1 14
+1 14
+2 14
+1 14
+1 14
+1 14
+1 14
+1 14
+1 14
+1 13
+4 13
+1 13
+1 13
+6 13
+1 13
+1 26
+4 13
+1 13
-1 4
+1 4
+3 17
+1 17
+1 17
+3 17
+1 17
+1 17
+6 17
+1 17
+1 17
+1 17
+1 17
+1 17
+7 4
+1 4
+2 4
+1 4
+2 4
+1 4
+1 4
+3 4
+1 4
+1 4
+6 4
+1 4
+1 4
+1 4
+1 4
+1 4
+7 4
+1 4
+1 4
+32 14
+1 14
+1 14
+1 14
+1 14
+2 14
+1 14
+1 14
+1 14
+1 14
+1 14
+1 14
+1 13
+4 13
+1 13
+1 13
+6 13
+1 13
+1 26
+4 13
+1 13
-1 6
+1 6
+3 19
+1 19
+1 19
+3 19
+1 19
+1 19
+6 19
+1 19
+1 19
+1 19
+1 19
+1 19
+7 8
+1 8
+2 8
+1 8
+2 8
+1 8
+1 8
+3 8
+1 8
+1 8
+6 8
+1 8
+1 8
+1 8
+1 8
+1 8
+7 6
+1 6
+1 6
+32 21
+1 21
+1 21
+1 21
+1 21
+2 21
+1 21
+1 21
+1 21
+1 21
+1 21
+1 21
+1 20
+4 20
+1 20
+1 20
+6 20
+1 20
+1 40
+4 20
+1 20
-1 5
+1 5
+3 25
+1 25
+1 25
+3 25
+1 25
+1 25
+6 25
+1 25
+1 25
+1 25
+1 25
+1 25
+7 12
+1 12
+2 12
+1 12
+2 12
+1 12
+1 12
+3 12
+1 12
+1 12
+6 12
+1 12
+1 12
+1 12
+1 12
+1 12
+7 5
+1 5
+1 5
+32 41
+1 41
+1 41
+1 41
+1 41
+2 41
+1 41
+1 41
+1 41
+1 41
+1 41
+1 41
+1 24
+4 24
+1 24
+1 24
+6 24
+1 24
+1 48
+4 24
+1 24
-1 3
+1 3
+3 27
+1 27
+1 27
+3 27
+1 27
+1 27
+6 27
+1 27
+1 27
+1 27
+1 27
+1 27
+7 6
+1 6
+2 6
+1 6
+2 6
+1 6
+1 6
+3 6
+1 6
+1 6
+6 6
+1 6
+1 6
+1 6
+1 6
+1 6
+7 3
+1 3
+1 3
+32 42
+1 42
+1 42
+1 42
+1 42
+2 42
+1 42
+1 42
+1 42
+1 42
+1 42
+1 42
+1 37
+4 37
+1 37
+1 37
+6 37
+1 37
+1 74
+4 37
+1 37
-1 2
+1 2
+3 39
+1 39
+1 39
+3 39
+1 39
+1 39
+6 39
+1 39
+1 39
+1 39
+1 39
+1 39
+7 2
+1 2
+2 2
+1 2
+2 2
+1 2
+1 2
+3 2
+1 2
+1 2
+6 2
+1 2
+1 2
+1 2
+1 2
+1 2
+7 2
+1 2
+1 2
+32 69
+1 69
+1 69
+1 69
+1 69
+2 69
+1 69
+1 69
+1 69
+1 69
+1 69
+1 69
+1 62
+4 62
+1 62
+1 62
+6 62
+1 62
+1 124
+4 62
+1 62
-1 3
+1 3
+3 65
+1 65
+1 65
+3 65
+1 65
+1 65
+6 65
+1 65
+1 65
+1 65
+1 65
+1 65
+7 5
+1 5
+2 5
+1 5
+2 5
+1 5
+1 5
+3 5
+1 5
+1 5
+6 5
+1 5
+1 5
+1 5
+1 5
+1 5
+7 3
+1 3
+1 3
+4 1
+1 1
+1 1
+1 1
+7 1
+1 1
+1 1
+16 43
+1 43
+1 43
+1 43
+1 43
+2 43
+1 43
+1 43
+1 43
+1 43
+1 43
+1 43
+1 36
+4 36
+1 36
+1 36
+6 36
+1 36
+1 72
+4 36
+1 36
-1 3
+1 3
+3 39
+1 39
+1 39
+3 39
+1 39
+1 39
+6 39
+1 39
+1 39
+1 39
+1 39
+1 39
+7 13
+1 13
+2 13
+1 13
+2 13
+1 13
+1 13
+3 13
+1 13
+1 13
+6 13
+1 13
+1 13
+1 13
+1 13
+1 13
+7 3
+1 3
+1 3
+32 39
+1 39
+1 39
+1 39
+1 39
+2 39
+1 39
+1 39
+1 39
+1 39
+1 39
+1 39
+1 32
+4 32
+1 32
+1 32
+6 32
+1 32
+1 64
+4 32
+1 32
-1 3
+1 3
+3 35
+1 35
+1 35
+3 35
+1 35
+1 35
+6 35
+1 35
+1 35
+1 35
+1 35
+1 35
+7 7
+1 7
+2 7
+1 7
+2 7
+1 7
+1 7
+3 7
+1 7
+1 7
+6 7
+1 7
+1 7
+1 7
+1 7
+1 7
+7 3
+1 3
+1 3
+32 55
+1 55
+1 55
+1 55
+1 55
+2 55
+1 55
+1 55
+1 55
+1 55
+1 55
+1 55
+1 22
+4 22
+1 22
+1 22
+6 22
+1 22
+1 44
+4 22
+1 22
-1 3
+1 3
+3 25
+1 25
+1 25
+3 25
+1 25
+1 25
+6 25
+1 25
+1 25
+1 25
+1 25
+1 25
+7 6
+1 6
+2 6
+1 6
+2 6
+1 6
+1 6
+3 6
+1 6
+1 6
+6 6
+1 6
+1 6
+1 6
+1 6
+1 6
+7 3
+1 3
+1 3
+32 52
+1 52
+1 52
+1 52
+1 52
+2 52
+1 52
+1 52
+1 52
+1 52
+1 52
+1 52
+1 42
+4 42
+1 42
+1 42
+6 42
+1 42
+1 84
+4 42
+1 42
-1 5
+1 5
+3 47
+1 47
+1 47
+3 47
+1 47
+1 47
+6 47
+1 47
+1 47
+1 47
+1 47
+1 47
+7 12
+1 12
+2 12
+1 12
+2 12
+1 12
+1 12
+3 12
+1 12
+1 12
+6 12
+1 12
+1 12
+1 12
+1 12
+1 12
+7 5
+1 5
+1 5
+32 73
+1 73
+1 73
+1 73
+1 73
+2 73
+1 73
+1 73
+1 73
+1 73
+1 73
+1 73
+1 37
+4 37
+1 37
+1 37
+6 37
+1 37
+1 74
+4 37
+1 37
-1 5
+1 5
+3 42
+1 42
+1 42
+3 42
+1 42
+1 42
+6 42
+1 42
+1 42
+1 42
+1 42
+1 42
+7 10
+1 10
+2 10
+1 10
+2 10
+1 10
+1 10
+3 10
+1 10
+1 10
+6 10
+1 10
+1 10
+1 10
+1 10
+1 10
+7 5
+1 5
+1 5
+32 120
+1 120
+1 120
+1 120
+1 120
+2 120
+1 120
+1 120
+1 120
+1 120
+1 120
+1 120
+2 92
+4 92
+1 92
+1 92
+6 92
+1 92
+2 184
+4 92
+1 92
-1 3
+1 3
+3 95
+1 95
+1 95
+3 95
+1 95
+1 95
+6 95
+1 95
+1 95
+1 95
+1 95
+1 95
+7 4
+1 4
+2 4
+1 4
+2 4
+1 4
+1 4
+3 4
+1 4
+1 4
+6 4
+1 4
+1 4
+1 4
+1 4
+1 4
+7 3
+1 3
+1 3
+34 1091
+2 1091
+1 1091
+1 1091
+1 1091
-3 205
+1 205
+1 205
+1 205
+1 686
+5 343
+6 343
+1 343
+8 343
+1 343
-16 3285
+6 3285
+1 3285
+8 3285
+1 3285

fl=(59) /build/glibc-B3wQXB/glibc-2.31/elf/../sysdeps/x86/dl-cet.c
fn=(198) dl_cet_check
97 7
+3 1
-1 1
+4 1
-4 1
+3 1
+4 2
+1 2
-1 2
+6 1
+5 2
326 8

fn=(196) _dl_cet_check
343 1
+1 1
cfn=(198)
calls=1 97 
* 29

fl=(35) /build/glibc-B3wQXB/glibc-2.31/string/../sysdeps/x86_64/strcspn.S
fn=(104) strcspn
28 1
+2 1
+7 1
+1 1
+2 1
+1 1
+1 1
+1 1
+1 33
+3 3
+7 1
+1 1
+1 1
+1 1
+2 1
+1 1
+1 1
+1 1
+2 1
+1 1
+1 1
+9 3
+12 1
+2 1
+1 1
+1 1
-4 16
+2 16
+1 16
+1 16
+2 16
+1 16
+1 16
+2 16
+1 16
+1 16
+2 16
+1 16
+1 16
+6 1
+7 1
+4 1

fl=(34) /build/glibc-B3wQXB/glibc-2.31/elf/../elf/dl-tls.c
fn=(388) _dl_get_tls_static_info
308 1
+1 2
+1 2
+1 1

fn=(98) _dl_count_modids
108 1
+5 2
+1 1
+15 2

fn=(300) _dl_add_to_slotinfo
887 32
+6 4
+3 4
+1 4
+4 12
+41 8
+3 16
-1 4
+1 4
+2 24

fn=(172) _dl_next_tls_modid
48 3
+3 12
+48 3
+4 3

fn=(194) _dl_allocate_tls_storage
332 2
+13 1
-13 2
+2 1
+12 2
cob=(2)
cfi=(18)
cfn=(44) 0x00000000040010a0
calls=1 0 
* 66
+1 3
+8 2
-69 1
+69 2
+1 1
+4 297
+19 1
-94 2
+1 2
cob=(2)
cfi=(18)
cfn=(40) 0x00000000040010c0
calls=1 0 
* 38
+1 2
+3 1
+6 2
+89 5

fn=(354) _dl_allocate_tls_init
437 9
+1 2
+4 1
+6 1
-6 1
+6 2
+12 1
-15 1
-1 2
+21 5
+9 12
+1 8
+6 12
+3 4
-2 4
+6 4
-6 4
+2 8
+4 4
-4 12
+3 8
+4 8
+1 16
+2 8
+1 8
+12 4
-3 4
+3 8
cfi=(20) /build/glibc-B3wQXB/glibc-2.31/string/../sysdeps/x86_64/multiarch/memmove-vec-unaligned-erms.S
cfn=(78) mempcpy
calls=4 114 
* 111
* 20
cfi=(30)
cfn=(80)
calls=4 108 
* 577
* 4
-42 12
+6 15
+50 2
+3 9

fn=(192) _dl_determine_tlsoffset
135 4
+6 1
-6 2
+6 2
+3 2
+36 3
+2 1
-2 1
-2 1
-40 1
-1 1
-1 2
+69 8
+3 4
-3 4
+3 4
-3 16
+2 8
+4 3
+6 1
-12 1
-25 6
+37 3
-12 3
-25 18
+2 8
+3 4
-1 4
+5 8
-5 4
+1 4
-1 4
+3 8
+2 12
+12 6
+20 1
+52 2
-1 1
-51 1
+52 2
-52 1
+52 2

fl=(55) /build/glibc-B3wQXB/glibc-2.31/malloc/scratch_buffer_set_array_size.c
fn=(176) __libc_scratch_buffer_set_array_size
30 8
+4 8
-4 8
+1 8
+3 8
-3 8
-1 8
+5 8
-5 16
+5 8
+11 8
-1 16
+18 32

fl=(26) /build/glibc-B3wQXB/glibc-2.31/posix/../sysdeps/unix/syscall-template.S
fn=(70) uname
78 5
+1 1

fl=(37) /build/glibc-B3wQXB/glibc-2.31/setjmp/../sysdeps/x86_64/setjmp.S
fn=(114) __sigsetjmp
30 22
+2 22
+9 22
+1 44
+1 22
+4 22
+1 22
+1 22
+1 22
+1 22
+2 44
+2 22
+1 22
+1 22
+2 44
+2 22
+8 22
+3 22
+1 22
+7 22
+1 22

fl=(243) /build/glibc-B3wQXB/glibc-2.31/elf/dl-fini.c
fn=(2122) _dl_fini
30 9
+20 3
-3 6
+3 4
+3 2
cob=(5) /usr/lib/x86_64-linux-gnu/libpthread-2.31.so
cfi=(155) /build/glibc-B3wQXB/glibc-2.31/nptl/../nptl/pthread_mutex_lock.c
cfn=(540) pthread_mutex_lock
calls=1 +11 
* 35
+2 1
+3 2
+2 6
+8 2
-3 1
+3 15
+5 2
+2 20
+2 20
+2 20
+1 10
+1 10
+4 10
-12 30
+14 6
+1 4
+6 3
cfi=(57) /build/glibc-B3wQXB/glibc-2.31/elf/dl-sort-maps.c
cfn=(180) _dl_sort_maps
calls=1 -66 
* 2068
+10 2
cob=(5)
cfi=(157) /build/glibc-B3wQXB/glibc-2.31/nptl/pthread_mutex_unlock.c
cfn=(550) pthread_mutex_unlock
calls=1 356 
* 31
+5 6
+2 1
+2 3
-2 9
+2 27
+3 20
+3 30
+4 16
+11 8
+1 8
-1 8
+2 8
-2 8
+2 8
-2 8
+3 40
+1 8
cob=(6)
cfi=(146)
cfn=(2288)
calls=1 0 
* 161
cob=(4)
cfi=(147)
cfn=(2270)
calls=1 0 
* 161
cob=(7) /usr/lib/x86_64-linux-gnu/libstdc++.so.6.0.28
cfi=(148) ???
cfn=(2224) 0x00000000000a7160
calls=1 0 
* 2390
cob=(8) /usr/lib/x86_64-linux-gnu/libgmp.so.10.4.0
cfi=(162) ???
cfn=(2206) 0x000000000000a2b0
calls=1 0 
* 160
cob=(9)
cfi=(163)
cfn=(2188)
calls=1 0 
* 159
cob=(5)
cfi=(137) ???
cfn=(2170) 0x0000000000006b80
calls=1 0 
* 161
cob=(10) /usr/lib/x86_64-linux-gnu/valgrind/vgpreload_core-amd64-linux.so
cfi=(164) ???
cfn=(2152) 0x00000000000010e0
calls=1 0 
* 161
cob=(11)
cfi=(165)
cfn=(2124) 0x000000000002dfa0
calls=1 0 
* 161
-1 40
+5 16
+1 24
cob=(2)
cfi=(18)
cfn=(2304) 0x0000000004ec7058
calls=1 0 
* 4
cob=(2)
cfi=(18)
cfn=(2286) 0x000000000493cfa8
calls=1 0 
* 4
cob=(2)
cfi=(18)
cfn=(2268) 0x0000000004e55334
calls=1 0 
* 4
cob=(2)
cfi=(18)
cfn=(2222) 0x0000000004c33ea4
calls=1 0 
* 4
cob=(2)
cfi=(18)
cfn=(2204) 0x0000000004cb903c
calls=1 0 
* 3
cob=(2)
cfi=(18)
cfn=(2186) 0x000000000487c538
calls=1 0 
* 4
cob=(2)
cfi=(18)
cfn=(2168) 0x000000000483129c
calls=1 0 
* 4
cob=(2)
cfi=(18)
cfn=(2150) 0x0000000000ceaa18
calls=1 0 
* 4
+6 60
+19 10
-59 32
+11 6
-26 7
+80 6
+6 2
+7 8

fl=(7) /build/glibc-B3wQXB/glibc-2.31/elf/../elf/dl-sysdep.c
fn=(12) _dl_sysdep_start
89 9
+25 1
-1 1
+1 304
+6 1
-3 1
+1 1
-4 1
+3 1
+3 8
-29 1
-1 2
+30 20
+1 111
+61 1
+1 1
-1 1
+1 1
-63 79
+34 1
-34 2
+35 1
-35 2
+46 1
-46 1
+47 1
-1 1
-46 3
+40 1
-40 1
+41 1
-1 1
-40 3
+37 1
-37 2
+38 1
-38 3
+13 1
-13 2
+14 1
-14 2
+10 1
-10 2
+11 1
-11 2
+7 1
-7 4
+4 1
-4 4
223 1
cfi=(8) /build/glibc-B3wQXB/glibc-2.31/elf/dl-tunables.c
cfn=(14) __GI___tunables_init
calls=1 +64 
* 46033
fi=(10) /build/glibc-B3wQXB/glibc-2.31/elf/../sysdeps/unix/sysv/linux/dl-sysdep.c
36 2
cfi=(11)
cfn=(20)
calls=1 -8 
* 10
fi=(12) /build/glibc-B3wQXB/glibc-2.31/elf/../sysdeps/x86/cpu-features.c
309 1
+13 1
-12 1
+1 1
+11 2
+3 6
476 3
+1 1
+3 2
+1 1
+6 1
+6 1
-5 1
+5 1
-3 1
+3 1
-4 1
+4 1
cfi=(8)
cfn=(26) __tunable_get_val
calls=1 368 
* 18
+2 4
cfi=(8)
cfn=(26)
calls=1 368 
* 20
* 1
+2 3
-2 1
+2 1
cfi=(8)
cfn=(26)
calls=1 368 
* 20
* 1
+2 3
-2 1
+2 1
cfi=(8)
cfn=(26)
calls=1 368 
* 20
* 1
+12 1
-1 1
-11 1
+12 1
+47 4
cfi=(8)
cfn=(26)
calls=1 368 
* 18
+2 4
cfi=(8)
cfn=(26)
calls=1 368 
* 18
fi=(13) /build/glibc-B3wQXB/glibc-2.31/elf/../sysdeps/unix/sysv/linux/x86/cpu-features.c
28 6
fe=(7)
234 3
+1 1
cfi=(14) /build/glibc-B3wQXB/glibc-2.31/string/../sysdeps/x86_64/multiarch/../strlen.S
cfn=(30) strlen
calls=1 41 
* 17
* 1
+2 2
cfi=(15) /build/glibc-B3wQXB/glibc-2.31/elf/../misc/sbrk.c
cfn=(32) sbrk
calls=1 32 
* 18
* 3
+12 3
+3 5
cfi=(2)
cfn=(34) dl_main
calls=1 1090 
* 3253029
+1 1
+1 8
fi=(12)
515 3
+28 2
-9 3
+2 4
+1 2
+2 4
+1 2
331 6
cfn=(24) get_common_indices.constprop.0
calls=1 71 
* 99
49 4
+1 2
+1 6
+5 2
+1 6
+5 2
+1 6
336 7
+89 4
-96 1
+96 2
-99 1
+12 10
+38 2
+14 1
+10 5
+14 2
+1 1
fe=(7)

fn=(356) _dl_sysdep_start_cleanup
258 1
+1 1

fl=(156) /build/glibc-B3wQXB/glibc-2.31/elf/dl-open.c
fn=(548) _dl_find_dso_for_object
201 9
+4 3
+1 4
+1 20
+1 2
-2 12
+5 2
+4 7

fl=(40) /build/glibc-B3wQXB/glibc-2.31/io/../sysdeps/unix/sysv/linux/read_nocancel.c
fn=(126) __read_nocancel
25 8
+1 32
+1 8

fl=(8)
fn=(14)
287 9
-9 5
67 299
+6 98
-3 98
+3 10052
+4 196
+5 196
fi=(9) /build/glibc-B3wQXB/glibc-2.31/elf/dl-tunables.h
+37 98
fe=(8)
-37 392
fi=(9)
+38 36
-1 126
+1 36
-1 98
+1 196
fe=(8)
328 392
-12 12740
fi=(9)
119 5292
+1 1918
-1 1344
+1 1918
fe=(8)
310 10192
70 98
-3 196
362 8

fn=(26)
368 32
+3 192
+9 32
-9 122
+9 9
+17 160
+2 32
-9 23
+1 23

fl=(57)
fn=(180)
28 26
+2 4
+4 38
+1 6
-1 2
+1 4
cfi=(30)
cfn=(80)
calls=2 +73 
* 26
* 16
-2 8
+6 8
+3 2
-3 4
+1 6
+2 2
-3 88
+3 22
-3 44
+1 66
+2 22
+12 114
+2 66
+1 44
-1 216
+1 144
+33 176
-36 352
+61 102
+7 16
-63 786
+1 588
+6 6
-1 18
+1 12
-1 12
+1 6
-1 18
cfi=(20)
cfn=(48) memcpy
calls=6 +62 
* 82
+4 12
-2 6
+2 36
+8 42
+41 96
cfi=(30)
cfn=(80)
calls=16 -10 
* 238
* 48
-34 36
cfi=(20)
cfn=(48)
calls=6 +43 
* 74
+1 18
+2 6
-2 6
+2 6
+3 132
-44 48

fl=(28) /build/glibc-B3wQXB/glibc-2.31/elf/dl-hwcaps.c
fn=(74) _dl_important_hwcaps
42 6
+1 1
-1 5
+1 1
-1 1
+1 1
-1 1
+1 2
-1 1
+1 1
cfi=(8)
cfn=(26)
calls=1 368 
* 20
* 1
+2 1
+1 2
-1 1
+1 1
+9 1
-12 1
+12 4
+1 6
+1 1
-1 2
-1 12
+10 3
193 3
+2 1
+1 2
+1 4
+3 1
+1 1
-1 1
+4 2
+3 5
+4 7
+1 2
+2 2
+1 2
+1 2
-1 1
+1 1
-1 2
+9 2
+6 10
+1 2
-1 1
+1 2
cob=(2)
cfi=(18)
cfn=(44)
calls=1 0 
* 27
+1 4
-1 1
+1 1
+31 10
+3 4
+7 3
+10 9
-4 2
-3 1
+3 1
cfi=(20)
cfn=(78)
calls=1 114 
* 17
* 2
-3 1
+3 1
cfi=(20)
cfn=(78)
calls=1 114 
* 17
+3 2
-3 6
+3 4
+1 12
+1 5
cfi=(20)
cfn=(78)
calls=1 114 
* 15
* 2
-2 2
+5 6
cfi=(20)
cfn=(78)
calls=2 114 
* 30
* 4
+2 6
-7 3
+13 1
-1 1
+1 2
-1 2
+1 7
-1 7
+1 14
-1 18
+5 9
+4 4
-4 12
+4 44
+1 24
-1 24
+1 24
-1 24
-1 24
+4 9
+3 1
+2 2
-1 1
-1 1
+2 1
-2 1
+2 3
-1 1
+1 2
+2 6
+1 2
+3 2
-6 5
+13 7
+1 1
-1 2
+3 2
-3 3
+1 3
-1 6
+3 6
+3 3
+3 9
148 7
+1 1
-1 2
+37 3
+5 2
-5 1
+5 5
-4 10
fi=(29) /build/glibc-B3wQXB/glibc-2.31/elf/../sysdeps/x86/dl-hwcap.h
57 6
fe=(28)
188 1
+1 1
cfi=(14)
cfn=(30)
calls=1 41 
* 17
+1 5
-5 1
+4 1
+1 1
-5 5
-37 10
+37 2
316 1
+1 2
-6 6
-94 4
-2 3

fl=(43) /build/glibc-B3wQXB/glibc-2.31/misc/../sysdeps/unix/sysv/linux/mmap64.c
fn=(136) mmap
48 39
+3 78
-3 156
+6 78
+5 234
+2 117
-7 24

fl=(19) /build/glibc-B3wQXB/glibc-2.31/elf/dl-minimal.c
fn=(94) free
109 11
+2 44

fn=(84) strsep
262 2
+3 4
+2 2
+1 4
+4 33
+7 84
-2 56
+13 1
+4 4
-22 14
+15 14
-15 30

fn=(46) malloc
49 275
+1 220
+11 110
+3 55
-3 55
+3 318
+18 55
+1 55
+2 220
-16 12
+1 6
+2 3
+1 21
cfi=(43)
cfn=(136)
calls=3 -25 
* 60
* 3
+2 6
+2 6
+2 12
-23 1
-1 1
+1 1
+1 2
-2 2

fn=(42) calloc
92 46
+4 23
+4 23
-1 46
+1 46
+3 23
cob=(2)
cfi=(18)
cfn=(44)
calls=23 0 
* 706

fl=(49) /build/glibc-B3wQXB/glibc-2.31/io/../sysdeps/unix/sysv/linux/wordsize-64/xstat.c
fn=(158) _xstat
33 32
+1 16
+1 32
+4 1
-4 28

fl=(20)
fn=(78)
114 53
+1 53
+1 53
+1 53
+17 53
+1 53
+1 19
+1 19
+5 12
+1 12
+1 12
+1 12
+5 12
280 34
+1 34
+1 16
+1 16
+1 11
+1 11
+1 9
+4 9
+22 18
+1 18
+1 18
+1 18
+1 18
+3 5
+1 5
+1 5
+1 5
+1 5
+3 2
+1 2
+1 2
+1 2
+1 2
+10 7
+1 7
+1 6
+1 6
+2 1
+1 1
+1 1
+1 1
+1 1
+1 1
+1 1
+1 1
+1 1
+1 1
+1 1
+1 1
+1 1
+1 1
+1 1
+1 1
+2 1
+3 5
+1 5
+1 5
+1 5
+1 5
+1 5
+1 5
+1 5
+2 5
+3 1
+1 1
+58 1
+1 1
+1 1
+1 1
+1 1
+2 1
+3 1
+1 1
+1 1
+1 1
+2 1
+2 1
+2 1
+8 1
+1 1
+1 1
+1 1
+1 1
+1 1
+1 1
+1 1
+1 1
+1 1
+1 1
+1 1
+1 1
-12 2
+1 2
+1 2
+1 2
+1 2
+1 2
+1 2
+1 2
+1 2
+1 2
+1 2
+1 2
+1 2
+2 1
+1 1
+1 1
+1 1
+2 1
+2 1

fn=(48)
127 59
+1 59
+6 59
+1 59
+1 37
+1 37
+5 19
+1 19
+1 19
+1 19
+5 19
280 22
+1 22
+1 3
+1 3
+1 3
+1 3
+1 1
+1 1
+1 1
+2 1
+22 19
+1 19
+1 19
+1 19
+1 19
+10 2
+1 2
+1 2
+1 2
+1 2
+10 18
+1 18
+1 18
+1 18
+2 4
+1 4
+1 4
+1 4
+1 4
+1 4
+1 4
+1 4
+1 4
+1 4
+1 4
+1 4
+1 4
+1 4
+1 4
+1 4
+2 4
+3 14
+1 14
+1 14
+1 14
+1 14
+1 14
+1 14
+1 14
+2 14

fl=(47) /build/glibc-B3wQXB/glibc-2.31/io/../sysdeps/unix/sysv/linux/access.c
fn=(146) access
25 1
+2 7
+4 1

fl=(12)
fn=(24)
71 2
+4 4
+3 3
+4 2
-4 1
+4 1
-4 1
+3 1
+1 1
+1 4
+1 4
+1 3
+1 2
+7 2
+1 3
+6 1
-6 4
+6 1
+1 7
+7 3
+4 2
+2 4
225 2
+4 3
+1 2
+3 1
-1 1
+4 1
+2 1
-2 1
+5 2
+50 3
118 2
+3 4
+3 2
+8 1
-5 3
+8 2
+2 2
+2 3
+4 2
+4 2
+7 3

fl=(27) /build/glibc-B3wQXB/glibc-2.31/elf/dl-load.c
fn=(86) expand_dynamic_string_token
378 14
234 2
378 2
234 2
378 2
234 2
cfi=(31) /build/glibc-B3wQXB/glibc-2.31/string/../sysdeps/x86_64/multiarch/../strchr.S
cfn=(88) index
calls=2 23 
* 114
+3 4
403 2
-11 2
+11 12
-11 2
cfi=(32) /build/glibc-B3wQXB/glibc-2.31/string/strdup.c
cfn=(90) strdup
calls=2 40 
* 206

fn=(82) fillin_rpath
447 7
+2 1
-2 9
+4 3
cfi=(19)
cfn=(84)
calls=1 262 
* 240
* 3
cfi=(19)
cfn=(84)
calls=1 262 
* 8
* 6
+7 2
+2 3
cfn=(86)
calls=1 -82 
* 120
* 1
+4 2
+5 2
cfi=(14)
cfn=(30)
calls=1 41 
* 17
* 1
+1 2
+7 5
+9 17
+1 8
+57 2
cob=(2)
cfi=(18)
cfn=(92) 0x0000000004001080
calls=1 0 
* 7
* 1
-39 2
+4 8
cob=(2)
cfi=(18)
cfn=(44)
calls=1 0 
* 27
+2 3
+5 1
+1 2
-2 2
+2 1
cfi=(20)
cfn=(78)
calls=1 114 
* 13
+1 1
+2 1
-3 1
+1 1
+2 1
+6 4
+1 10
+1 4
-1 2
+1 4
-1 6
+3 1
+1 1
-1 1
+1 1
+8 1
-1 1
+4 3
-60 4
+23 2
+43 1
+3 9
-15 2

fn=(128) _dl_map_object_from_fd
866 80
+10 8
-10 8
+10 8
-10 24
+10 8
cfi=(33)
cfn=(96)
calls=8 46 
* 72
* 8
+7 32
+61 32
+10 16
+7 32
+33 16
877 8
997 56
cfi=(17) /build/glibc-B3wQXB/glibc-2.31/elf/dl-object.c
cfn=(38) _dl_new_object
calls=8 59 
* 2944
* 8
+1 16
+11 16
+5 8
-5 8
+1 8
+5 8
-5 8
+1 8
+2 8
-2 8
+2 16
+1 24
+20 16
-2 8
+2 136
+8 8
-8 8
+8 8
-8 8
+8 24
+90 8
-96 8
+96 8
-97 8
-5 16
1132 16
-89 700
fi=(41) /build/glibc-B3wQXB/glibc-2.31/elf/../sysdeps/posix/dl-fileid.h
37 32
cfi=(42) /build/glibc-B3wQXB/glibc-2.31/io/../sysdeps/unix/sysv/linux/wordsize-64/fxstat.c
cfn=(132) _fxstat
calls=8 -4 
* 88
* 16
fe=(27)
901 16
fi=(41)
40 16
+1 8
fe=(27)
901 8
fi=(41)
40 8
fe=(27)
901 164
+1 88
fi=(41)
49 144
fe=(27)
1417 72
1018 9
-98 16
1066 160
+5 224
+8 32
+1 32
+1 32
-2 32
+1 64
+1 96
-1 32
+1 32
-1 64
+1 128
+3 32
-3 32
+1 64
+2 32
+4 64
+1 144
+5 48
-1 24
+1 24
-1 24
-14 24
+15 120
-52 144
+52 16
-1 8
+1 8
-1 8
-14 8
+15 40
-52 402
1157 16
1010 16
1170 16
+10 32
fi=(44) /build/glibc-B3wQXB/glibc-2.31/elf/./dl-map-segments.h
56 8
fe=(27)
1180 16
fi=(44)
56 16
fe=(27)
1180 24
fi=(44)
56 16
-6 8
+6 8
-6 8
+6 8
cfi=(43)
cfn=(136)
calls=8 -8 
* 160
* 8
+4 16
+3 16
+1 8
+2 8
-3 8
+1 8
+2 8
+7 20
cfi=(54) /build/glibc-B3wQXB/glibc-2.31/misc/../sysdeps/unix/syscall-template.S
cfn=(174) mprotect
calls=2 +5 
* 12
* 4
+7 8
+2 8
fi=(45) /build/glibc-B3wQXB/glibc-2.31/elf/./dl-load.h
+8 64
+1 24
+2 64
fi=(44)
+11 128
+6 8
+2 8
-2 8
+1 8
+2 16
-1 16
+3 16
+5 16
+3 16
+8 56
cfi=(30)
cfn=(80)
calls=8 -23 
* 1241
+1 16
+5 16
+12 32
-59 160
+2 120
+2 192
cfi=(43)
cfn=(136)
calls=24 -46 
* 432
* 48
fe=(27)
1107 9
+4 3
+1 6
+1 3
+3 15
+1 3
+3 3
-3 3
+8 12
-65 4
+1 2
+88 70
cfi=(21)
cfn=(134)
calls=14 153 
* 886
* 56
1049 16
+5 16
+1 32
-37 5
+1 2
-1 1
+1 2
cfi=(53)
cfn=(170)
calls=1 29 
* 7
* 2
+24 104
1144 32
+2 8
-6 16
+1 8
+51 32
+9 24
fi=(3) /build/glibc-B3wQXB/glibc-2.31/elf/get-dynamic-info.h
42 8
+6 8
-2 8
+2 16
+15 8
+5 8
+3 8
-2 8
-2 8
-3 16
-1 196
+1 123
-16 41
+26 41
-26 250
+26 168
-26 336
+2 418
+23 336
-8 40
+3 32
+3 32
+1 32
+9 16
+20 27
+1 32
+1 32
+1 32
+2 32
+5 32
+1 31
+1 32
+5 24
+5 16
+7 16
+1 24
+18 24
+5 6
+2 6
+2 6
+2 6
+3 24
+2 6
+1 4
+9 4
+5 4
+3 16
fe=(27)
1208 16
+2 16
+19 24
+19 16
+2 40
+48 24
+1 6
+3 6
cfi=(46) /build/glibc-B3wQXB/glibc-2.31/io/../sysdeps/unix/sysv/linux/close_nocancel.c
cfn=(144) __GI___close_nocancel
calls=3 25 
* 18
* 10
cfi=(46)
cfn=(144)
calls=5 25 
* 30
* 16
+9 16
+2 32
+2 16
+16 16
cfi=(6) /build/glibc-B3wQXB/glibc-2.31/elf/dl-lookup.c
cfn=(10) _dl_setup_hash
calls=8 961 
* 192
+4 16
+1 16
+17 16
+4 8
+5 8
-5 8
+5 8
+10 16
+9 16
+1 12
+5 3
cfi=(34)
cfn=(172)
calls=3 48 
* 21
* 3
+7 9
cfi=(17)
cfn=(50) _dl_add_to_namespace_list
calls=3 31 
* 188
* 15
cfi=(17)
cfn=(50)
calls=5 31 
* 276
+4 24
fi=(45)
94 30
+2 6
-1 12
+1 6
-1 6
+1 6
-1 6
+1 6
-1 12
+3 24
fe=(27)
1354 4
fi=(44)
141 24
cfi=(43)
cfn=(136)
calls=3 -93 
* 54
+3 6
fe=(27)
1018 2
fi=(3)
167 2
fi=(41)
49 12
fe=(27)

fn=(118) _dl_map_object
1927 220
+8 44
+1 88
+3 470
+5 784
+2 336
cfi=(38) /build/glibc-B3wQXB/glibc-2.31/elf/dl-misc.c
cfn=(120) _dl_name_match_p
calls=112 282 
* 11059
* 224
+4 196
+1 294
+3 60
+1 60
+1 60
-1 60
+1 60
cfi=(22)
cfn=(58)
calls=60 111 
* 2075
* 120
2238 198
1972 48
-43 8
+53 24
+36 16
-2 8
+2 8
cfi=(31)
cfn=(88)
calls=8 23 
* 192
* 16
2169 2
-1 3
cfn=(86)
calls=1 378 
* 246
+2 1
-3 1
+1 1
+2 2
+4 4
cfn=(122) open_verify.constprop.1
calls=1 1466 
* 285
* 1
+3 2
+12 4
+46 1
+1 3
-1 1
+1 9
cfn=(128)
calls=1 866 
* 1851
-1 7
+1 21
-1 7
+1 63
cfn=(128)
calls=7 866 
* 14043
* 24
2022 14
cfi=(14)
cfn=(30)
calls=7 41 
* 119
* 14
+2 14
+7 28
+36 84
cfn=(154) open_path
calls=7 1779 
* 2984
+6 7
-6 7
+6 28
659 7
2074 7
659 14
2161 14
+28 28
+2 28
2035 35
+8 28
-3 21
659 7
2041 7
659 14
2082 7
+14 14
+2 21
+4 14
cfi=(50) /build/glibc-B3wQXB/glibc-2.31/elf/dl-cache.c
cfn=(160) _dl_load_cache_lookup
calls=7 187 
* 9982
* 7
+2 14
+4 14
+8 21
+23 42
cfn=(156) open_verify.constprop.0
calls=7 1466 
* 2057
+4 14
-4 7
+4 7
+1 14
-89 28
+1 56
659 7
2057 7
659 14
2066 14
+1 14

fn=(150) _dl_dst_count
231 42
+3 21
-3 42
+7 21
-7 42
+3 21
cfi=(31)
cfn=(88)
calls=21 23 
* 624
+3 42
+20 147

fn=(72) _dl_init_paths
681 2
+13 2
-13 8
+13 3
cfi=(28)
cfn=(74)
calls=1 42 
* 747
+5 1
-5 1
+5 1
cob=(2)
cfi=(18)
cfn=(44)
calls=1 0 
* 27
-1 1
+2 2
+7 2
+1 4
-1 3
+4 4
cob=(2)
cfi=(18)
cfn=(44)
calls=1 0 
* 27
* 2
+2 2
+7 1
+10 1
-2 2
+2 1
+3 2
+9 1
-7 1
+7 2
-3 1
-20 1
+12 1
+3 1
+8 1
-3 17
cfi=(30)
cfn=(80)
calls=4 108 
* 52
+3 18
-14 9
+14 3
-12 6
+4 3
+4 3
-7 3
+3 3
+1 3
-2 3
+5 3
+1 3
-4 3
+4 3
+14 1
-11 1
+6 1
+1 1
+5 2
+2 4
+2 3
+38 5
-19 1
-2 1
+2 2
+21 2
cfi=(14)
cfn=(30)
calls=1 41 
* 17
* 10
-7 2
+7 9
cfi=(20)
cfn=(48)
calls=1 127 
* 11
* 1
+5 4
-1 2
+2 56
-1 57
+5 1
cob=(2)
cfi=(18)
cfn=(44)
calls=1 0 
* 27
-1 1
+1 1
+1 2
+6 6
cfn=(82)
calls=1 447 
* 588
+3 3
+6 1
+4 8
-30 2

fn=(122)
1466 1
+70 1
-70 4
+70 1
-70 6
+70 1
cfi=(39) /build/glibc-B3wQXB/glibc-2.31/io/../sysdeps/unix/sysv/linux/open64_nocancel.c
cfn=(124) __open_nocancel
calls=1 34 
* 19
* 1
+2 2
+11 2
+6 1
-6 1
+1 2
+5 5
cfi=(40)
cfn=(126)
calls=1 25 
* 6
+2 2
+2 3
+2 2
+6 2
+16 9
1761 2
cob=(2)
cfi=(18)
cfn=(92)
calls=1 0 
* 7
+4 9
1583 7
+74 2
+5 2
+2 4
+6 2
+6 1
+1 1
-1 3
+1 1
-1 1
+1 2
+1 2
+20 4
1543 2
1698 66
+1 28
+1 8
+4 8
+17 4
+8 12
+3 18
+3 2
-4 2
+4 4
+6 4
-36 6

fn=(154)
1779 56
+1 7
-1 42
+1 7
+6 14
+5 119
-7 7
1443 14
1791 7
-8 7
+8 14
+3 14
+9 42
+7 21
+1 7
-1 7
cfi=(20)
cfn=(78)
calls=7 114 
* 91
-12 7
+12 7
+55 14
-22 56
-32 63
+3 56
-3 56
+3 56
+4 98
cfi=(20)
cfn=(78)
calls=14 114 
* 193
* 56
cfi=(20)
cfn=(78)
calls=14 114 
* 182
+3 28
+3 42
+3 84
cfn=(156)
calls=14 1466 
* 742
* 14
+2 42
+2 16
+62 7
+27 63
1811 126
+85 56
+7 14
-2 14
+2 14
+3 21
-51 24
+2 12
-46 28
+25 16
+1 56
+6 16
+2 24
-2 16
+2 8
cfi=(49)
cfn=(158)
calls=8 33 
* 109
* 8
+3 8
-3 16
+1 1
+2 1
-2 1
+2 23
-57 14

fn=(156)
1466 231
+39 63
+31 84
cfi=(39)
cfn=(124)
calls=21 34 
* 441
* 21
+2 42
+11 14
+6 7
-6 7
+1 14
+5 35
cfi=(40)
cfn=(126)
calls=7 25 
* 42
+2 14
+2 21
+2 14
+6 14
+16 63
-65 14
1765 189
1583 49
+74 14
+5 14
+2 28
+6 14
+6 7
+1 7
-1 21
+1 7
-1 7
+1 14
+1 12
+20 28
1543 14
1698 384
+1 170
+1 48
+4 48
+6 6
+1 48
+10 21
cfi=(53)
cfn=(170)
calls=3 29 
* 21
* 27
+8 90
+15 6
+6 9
-3 3
+1 3
+3 3
-3 6
+1 3
-1 3
-1 3
+4 6
1583 9
1761 14
cob=(2)
cfi=(18)
cfn=(92)
calls=7 0 
* 49
* 7
-29 108
+3 12
-4 12
+4 24
+5 3
+1 24
-60 15
+1 2
-1 1
+1 3
cfi=(53)
cfn=(170)
calls=1 29 
* 7
* 8
+23 27

fl=(129) /build/glibc-B3wQXB/glibc-2.31/elf/../sysdeps/x86_64/dl-trampoline.h
fn=(382) _dl_runtime_resolve_xsave
67 33
+5 33
+3 33
+2 33
+10 33
+6 33
+1 33
+1 33
+1 33
+1 33
+1 33
+1 33
+4 33
+1 33
+3 33
+1 33
+2 33
+1 33
+1 33
+1 33
+1 33
+1 33
+2 33
+7 33
+1 33
+1 33
cfi=(130) /build/glibc-B3wQXB/glibc-2.31/elf/../elf/dl-runtime.c
cfn=(384) _dl_fixup
calls=33 -60 
* 31883
+1 33
+5 33
+1 33
+1 33
+2 33
+1 33
+1 33
+1 33
+1 33
+1 33
+1 33
+2 33
+2 33
+4 33
+3 33

fn=(383) _dl_runtime_resolve_xsave'2
67 72
+5 72
+3 72
+2 72
+10 72
+6 72
+1 72
+1 72
+1 72
+1 72
+1 72
+1 72
+4 72
+1 72
+3 72
+1 72
+2 72
+1 72
+1 72
+1 72
+1 72
+1 72
+2 72
+7 72
+1 72
+1 72
cfi=(130)
cfn=(384)
calls=72 -60 
* 79577
+1 72
+5 72
+1 72
+1 72
+2 72
+1 72
+1 72
+1 72
+1 72
+1 72
+1 72
+2 72
+2 72
+4 72
+3 72

fl=(31)
fn=(88)
23 31
+1 31
+1 31
+1 31
+1 31
+1 31
+1 31
+1 31
+1 31
+1 31
+1 31
+1 31
+1 31
+1 31
+1 31
+1 31
+1 31
+1 31
+1 25
+4 25
+1 25
+1 25
+1 25
+2 25
+4 6
+1 6
+1 6
+1 6
+1 6
+1 6
+1 6
+1 6
+1 6
+1 6
+1 6
+1 6
+1 6
+1 6
+1 6
+1 6
+1 6
+1 6
+1 6
+1 6
+1 6
+1 6
+1 6
+1 8
+5 1
+1 1
+3 1
+1 1
+1 1
+1 1
+1 1
+1 1
+1 1
+1 1
+1 1
+1 1
+1 1
+1 1
+1 1
+1 1
+1 1
+1 1
+1 1
+1 1
+2 1
+1 1
+2 1
+1 1
+1 1
+1 1
+1 1
+1 1
+1 1
+1 1
+2 1
+1 1
+1 1
+1 1
+1 1
+1 1
+1 1
+1 1
+1 1
+1 1
+3 1
+4 1
+1 1
+1 1
+1 1
+2 1
-9 5
+4 5
+1 5
+1 5
+1 5
+2 5

fl=(58) /build/glibc-B3wQXB/glibc-2.31/elf/dl-version.c
fn=(186) _dl_check_all_versions
362 6
+4 5
-2 2
+4 60
cfn=(188) _dl_check_map_versions
calls=10 156 
* 30930
-2 10
+2 40
-2 20
+5 7

fn=(188)
156 80
+15 10
-15 20
+15 20
+2 10
+3 20
-3 10
+2 10
+1 10
-1 10
+3 20
+3 16
-16 8
-8 8
+28 8
-4 8
+4 48
+16 8
37 16
201 8
37 40
201 10
37 20
201 10
37 50
+1 104
-1 208
+2 366
cfi=(38)
cfn=(120)
calls=122 282 
* 11416
* 244
209 54
+5 18
-71 36
+71 36
-71 54
+79 18
-2 18
-2 36
+4 18
-4 108
+4 53
-2 53
-2 106
+4 53
-4 448
57 78
+8 78
-8 135
+8 135
+6 213
+16 71
+1 142
+2 71
+5 497
+14 1466
+12 1986
+4 662
-30 1324
225 284
+3 213
+5 53
-11 53
111 71
+3 284
cfi=(22)
cfn=(58)
calls=71 -3 
* 3061
* 302
237 72
+5 20
-44 10
+1 10
+11 8
+41 32
+3 24
+10 232
-7 464
+3 348
-3 24
+3 18
+8 18
+89 90
165 2
+86 2
-94 2
+94 3
+23 36
cob=(2)
cfi=(18)
cfn=(40)
calls=9 0 
* 342
-1 9
+1 9
+1 18
+13 9
-3 9
+3 18
+2 27
+3 32
+4 54
+7 71
+1 71
-1 142
+1 71
-1 71
+1 71
+1 71
-2 71
+2 142
+1 213
+3 213
+5 53
-15 53
+2 53
-2 53
+2 53
-2 53
+2 106
-2 18
+2 18
-2 18
+2 18
-2 18
+2 36
+16 54
+5 10
-28 10
+33 27
+3 24
+4 116
+6 116
+1 116
+1 116
-1 348
+1 116
-1 116
+1 116
+1 116
+3 348
+4 116
-14 244
+10 18

fl=(50)
fn=(160)
187 70
+8 14
+3 21
+66 18
+6 35
+11 7
-2 7
fi=(52) /build/glibc-B3wQXB/glibc-2.31/elf/../sysdeps/x86/dl-procinfo.h
39 14
+3 21
cfi=(22)
cfn=(58)
calls=7 +69 
* 175
* 28
fe=(50)
285 28
cfi=(8)
cfn=(26)
calls=7 +83 
* 140
* 14
+8 14
+15 759
cfn=(168) _dl_cache_libcmp
calls=58 141 
* 4729
* 452
cfn=(168)
calls=13 141 
* 1683
* 84
-14 7
-1 14
+1 14
-1 14
+15 154
+16 14
+4 14
+8 21
cfi=(14)
cfn=(30)
calls=7 41 
* 245
* 91
+1 14
-1 7
+1 7
cfi=(20)
cfn=(48)
calls=7 127 
* 117
* 7
+1 7
cfi=(32)
cfn=(90)
calls=7 40 
* 677
+1 56
-3 14
201 4
cfi=(38)
cfn=(162) _dl_sysdep_read_whole_file
calls=1 44 
* 99
* 1
+8 5
+1 8
+3 1
fi=(51) /build/glibc-B3wQXB/glibc-2.31/elf/../sysdeps/generic/dl-cache.h
-60 5
fe=(50)
320 49
218 1
+1 2

fn=(168)
141 71
+1 310
+2 1744
+20 846
+2 846
+5 730
-1 365
+1 365
-29 730
+32 39
-28 26
+6 13
+2 13
-2 13
+1 26
-1 13
+2 40
+1 3
-1 4
+2 39
-3 13
+3 14
+1 3
-1 4
+2 26
+9 116

fn=(358) _dl_unload_cache
348 1
+1 4
-1 1
+3 2
cfi=(54)
cfn=(360) munmap
calls=1 78 
* 6
+1 1
+2 2

fl=(48) /build/glibc-B3wQXB/glibc-2.31/elf/dl-deps.c
fn=(152) openaux
61 63
+7 21
-4 42
+1 21
-1 168
cfi=(27)
cfn=(118)
calls=21 1927 
* 46440
* 21
+5 42

fn=(148) _dl_map_object_deps
159 2
+1 3
-1 2
+1 1
-1 1
+1 1
-1 5
+1 3
-1 1
+1 1
-1 1
+1 7
-15 1
+15 2
-8 1
-6 1
-1 1
+15 1
-16 1
+8 3
-6 1
+6 1
+24 3
-28 3
-2 1
+31 1
-33 2
+2 5
-1 4
+7 4
+24 7
+4 1
fi=(56) /build/glibc-B3wQXB/glibc-2.31/elf/../include/scratch_buffer.h
77 3
fe=(48)
198 1
fi=(56)
78 1
fe=(48)
200 2
+87 1
-89 1
+4 1
+7 1
+4 4
-4 9
+4 36
+11 24
-18 2
+18 4
433 30
+2 8
+3 8
-3 16
+3 16
cob=(2)
cfi=(18)
cfn=(44)
calls=8 0 
* 216
* 8
+1 16
+6 8
+1 40
cfi=(20)
cfn=(48)
calls=8 127 
* 96
+1 40
cfi=(20)
cfn=(48)
calls=8 127 
* 96
+4 8
-1 8
+5 40
202 27
458 27
-1 10
+1 20
199 3
+27 8
+11 8
-5 8
-6 16
+5 8
+2 16
+1 16
+3 32
+66 8
-97 8
+97 8
-66 8
+66 16
-65 24
+6 32
cfi=(27)
cfn=(150)
calls=8 -13 
* 360
* 52
cfi=(27)
cfn=(150)
calls=13 -13 
* 642
* 63
+4 63
-2 21
+2 21
cob=(2)
cfi=(18)
cfn=(110) 0x0000000004001090
calls=21 0 
* 48099
+1 42
+9 21
+2 42
+5 40
+6 8
+2 8
-8 16
+3 8
+1 8
+1 8
+1 8
+4 40
+4 63
+1 42
-43 884
+1 426
+44 600
-38 42
fi=(56)
85 3
fe=(48)
464 6
+1 1
+3 5
+11 4
cob=(2)
cfi=(18)
cfn=(44)
calls=1 0 
* 27
* 1
+2 2
+5 6
+1 1
+2 4
+2 1
+4 3
+4 2
-10 3
+2 9
+4 27
+4 18
-10 27
+13 2
+51 3
+2 1
-1 1
+1 2
+35 5
cfi=(20)
cfn=(48)
calls=1 127 
* 27
+4 5
cfi=(57)
cfn=(180)
calls=1 28 
* 1888
+3 1
+2 1
+1 1
-1 1
+2 2
+7 3
+3 3
+3 8
214 67
+3 8
fi=(56)
-86 24
cfi=(55)
cfn=(176)
calls=8 30 
* 144
fe=(48)
+86 16
+4 24
-61 2
380 18

fl=(2)
fn=(190) init_tls
699 1
+2 1
+4 1
-4 1
+4 1
+11 1
-1 3
cob=(2)
cfi=(18)
cfn=(40)
calls=1 0 
* 38
-4 1
+15 1
-12 1
+6 1
-9 1
+11 1
+4 1
+2 3
-1 2
+3 30
+4 4
+2 4
-2 4
-5 12
-1 8
+10 2
+3 1
cfi=(34)
cfn=(192)
calls=1 135 
* 172
+7 1
cfi=(34)
cfn=(194)
calls=1 332 
* 433
* 1
+1 2
+6 1
+3 1
-3 1
+3 6
+6 1
-3 1
+3 2
-35 6
-1 13

fn=(34)
1090 2
+12 1
-12 10
+12 1
+4 2
-16 1
+22 1
-22 1
+16 1
+6 1
-6 1
2533 1
+7 1
1106 1
2535 1
-2 1
+7 3
1106 1
2540 1
-4 1
+4 1
+2 4
cfi=(16)
cfn=(36)
calls=1 28 
* 105
* 4
cfi=(16)
cfn=(36)
calls=2 28 
* 538
* 9
+4 6
-2 2
+2 42
+1 19
-1 57
+9 12
2704 3
+32 3
1122 3
2631 3
+1 3
-56 2
+7 2
1330 7
cfi=(17)
cfn=(38)
calls=1 59 
* 231
* 1
+2 2
+1 1
+1 1
+5 2
-5 1
+1 2
+4 1
cfi=(17)
cfn=(50)
calls=1 31 
* 35
+1 2
1099 1
1369 1
-5 1
-2 1
+4 1
+3 1
-5 1
+5 5
+56 1
1096 1
1425 1
-15 2
-22 1
+22 1
+15 3
-55 112
fi=(21)
142 4
+1 1
+1 2
+1 1
fe=(2)
1369 24
1478 7
+2 2
+1 2
+2 2
+2 3
+13 3
+3 2
-2 1
+2 1
-2 2
cfi=(22)
cfn=(58)
calls=1 111 
* 25
* 2
+7 1
+3 1
-5 1
+3 1
+2 1
+1 2
+4 2
+2 2
fi=(3)
33 1
+9 2
+6 1
-2 1
+2 2
+15 1
+5 1
+4 1
-1 1
-2 1
-5 2
-1 24
+1 15
-16 5
+26 5
-26 10
+2 64
+23 27
-25 27
+26 27
-26 54
+33 3
+20 3
+1 4
+1 4
+1 4
+2 4
+5 4
+1 4
+1 4
+5 3
+5 2
+7 2
+1 3
+18 3
+5 2
+2 2
+2 2
+2 2
+3 3
+2 3
+1 2
+9 2
+5 2
+3 2
fe=(2)
1521 2
cfi=(6)
cfn=(10)
calls=1 961 
* 24
+3 2
fi=(23) /build/glibc-B3wQXB/glibc-2.31/elf/./setup-vdso.h
24 2
fe=(2)
1439 3
+6 1
+1 2
+1 1
+4 4
-82 2
+83 1
+1 1
-1 1
+4 2
-87 2
fi=(21)
59 6
190 2
67 2
189 1
67 1
189 1
64 1
+3 1
-2 1
+2 2
+70 5
-1 1
-69 4
+3 4
+1 2
+1 2
+4 3
+4 3
+3 3
+1 2
+4 1
+1 3
+11 1
+1 4
+5 2
-12 2
-1 1
+1 2
+3 2
fe=(2)
1398 1
-9 1
+27 1
-27 1
+2 1
-3 1
+10 2
-19 2
-10 1
+10 1
-10 2
+56 8
-1 4
+1 4
-1 4
+2 8
+1 1
+3 2
+1 2
-1 6
+1 6
+1 4
+1 10
+1 1
-65 3
+5 2
-5 1
+5 1
-5 2
+1 14
+95 2
-96 1
+96 2
-96 3
fi=(24) /build/glibc-B3wQXB/glibc-2.31/elf/../sysdeps/unix/sysv/linux/dl-vdso.h
40 1
+1 2
fi=(25) /build/glibc-B3wQXB/glibc-2.31/elf/../sysdeps/unix/sysv/linux/dl-vdso-setup.h
+4 1
fe=(2)
1549 2
cfi=(10)
cfn=(68) _dl_discover_osversion
calls=1 46 
* 88
* 8
fi=(3)
65 5
fe=(2)
1461 1
-92 1
+92 1
-92 2
fi=(3)
68 4
+3 4
+1 4
fe=(2)
1554 2
cfi=(27)
cfn=(72)
calls=1 681 
* 1823
+3 3
cfi=(33)
cfn=(96)
calls=1 46 
* 18
+7 1
-7 1
+2 1
+5 1
+4 1
+3 1
-3 3
+1 2
+3 1
+5 1
-7 1
+7 1
+18 2
+1 2
+5 1
-3 2
+2 1
+1 2
+5 3
+1 5
-1 2
+15 3
+1 1
-2 1
+2 3
+18 1
cfi=(34)
cfn=(98)
calls=1 108 
* 6
* 1
+8 3
+3 2
+4 3
+5 2
+1 1
cfi=(33)
cfn=(100)
calls=1 73 
* 2
+1 1
+4 3
+16 3
+2 1
+2 2
+8 2
+15 3
cfi=(47)
cfn=(146)
calls=1 25 
* 9
* 2
+76 4
66 1
1805 1
66 2
1805 1
66 1
1805 6
cfi=(48)
cfn=(148)
calls=1 159 
* 55153
73 1
1810 1
73 2
+9 2
1810 2
+1 5
-1 4
+1 18
-1 36
+4 3
+1 3
+1 1
+2 3
+1 4
-1 24
+1 36
+12 1
+1 1
-1 2
+1 2
+2 1
+2 3
+2 1
-4 1
+5 1
-1 2
+14 2
+1 2
+1 3
1609 2
+6 1
-6 2
+6 1
-37 6
fi=(3)
181 3
-20 2
fe=(2)
1567 4
1865 1
+1 1
-1 1
+2 4
-2 3
+2 1
cfi=(36) /build/glibc-B3wQXB/glibc-2.31/elf/dl-error-skeleton.c
cfn=(182) _dl_receive_error
calls=1 238 
* 31108
+10 1
+1 1
-1 1
+1 1
+3 2
817 1
fi=(250) /build/glibc-B3wQXB/glibc-2.31/elf/../sysdeps/unix/sysv/linux/dl-osinfo.h
64 2
fe=(2)
819 1
fi=(250)
77 1
fe=(2)
828 1
+7 1
-5 1
1886 3
2116 3
+60 1
+6 1
-10 1
+10 1
-6 1
+9 2
+8 1
fi=(21)
33 3
cfi=(59)
cfn=(196)
calls=1 343 
* 31
fe=(2)
2239 3
+3 1
66 2
2246 1
66 2
2247 34
+2 20
+5 20
+2 20
+6 10
+2 20
+1 72
cfi=(60) /build/glibc-B3wQXB/glibc-2.31/elf/dl-reloc.c
cfn=(200) _dl_relocate_object
calls=9 148 
* 3149941
+4 28
+1 12
cfi=(34)
cfn=(300)
calls=4 887 
* 112
* 4
+13 4
+2 1
+7 3
cfi=(34)
cfn=(354)
calls=1 437 
* 911
+3 2
-37 1
+1 1
-3 2
73 3
+1 1
2278 1
74 1
2278 1
1829 5
2304 3
+2 2
+24 1
cfi=(7)
cfn=(356)
calls=1 258 
* 2
+4 3
+21 3
cfi=(33)
cfn=(96)
calls=1 46 
* 9
+1 1
-1 1
+2 1
cfi=(33)
cfn=(100)
calls=1 73 
* 2
+1 1
+4 1
cfi=(50)
cfn=(358)
calls=1 348 
* 17
+5 8
2583 4
+2 2
+1 1
+46 2
+2 2
+1 1
fi=(25)
30 5
+3 1
+3 1
+3 1
fi=(24)
+16 2
fe=(2)
+11 1
2319 1
+1 3
66 3
2320 2
cfi=(60)
cfn=(200)
calls=1 148 
* 7133
73 3
+9 3
fi=(21)
+31 2
+3 1
+4 1
fe=(2)
1879 1
cfn=(190)
calls=1 699 
* 765
* 2
66 1
1690 1
66 2
1690 1
66 1
1690 2
cfn=(102) handle_preload_list
calls=1 858 
* 3223
* 1
73 3
+9 3
1789 17
+1 1
-1 1
+4 3
+1 1
+1 2
+1 2
-7 2

fn=(2)
463 10
66 3
fi=(5) /build/glibc-B3wQXB/glibc-2.31/elf/../sysdeps/x86_64/dl-machine.h
-7 1
fe=(2)
+7 1
fi=(3)
-18 1
fi=(5)
+11 2
fe=(2)
507 1
-3 1
fi=(3)
48 2
+15 1
+5 1
+3 1
+1 1
+1 1
-4 1
-2 1
-3 2
-1 20
+1 12
-16 4
+26 4
-26 8
+2 36
+23 13
-25 13
+26 13
-26 27
+26 1
-26 2
+33 2
+20 4
+1 4
+1 4
+1 4
+2 4
+5 4
+1 4
+1 4
+5 3
+5 2
+7 3
+1 3
+8 3
+3 3
+4 2
+1 2
fe=(2)
518 2
+7 1
66 1
430 1
66 3
430 1
cfi=(6)
cfn=(10)
calls=1 961 
* 24
+1 1
+18 2
-18 1
+1 2
+1 2
+1 2
+9 1
+6 1
cfi=(7)
cfn=(12)
calls=1 89 
* 3300096
* 1
+2 2
+99 9
fi=(3)
65 5
+3 4
fe=(2)
523 25
fi=(4) /build/glibc-B3wQXB/glibc-2.31/elf/do-rel.h
84 1
-1 1
+28 3
+1 2
fi=(5)
541 2
fi=(4)
112 82
fi=(5)
541 82
+1 42
fi=(4)
111 42
fi=(5)
542 84
fi=(4)
111 84
+5 2
fi=(5)
421 1
fi=(4)
124 2
fi=(5)
333 18
fi=(4)
124 27
+12 9
+3 9
-3 9
fi=(5)
301 9
fi=(4)
139 9
-3 9
+1 18
fi=(5)
301 18
+8 90
+3 18
+21 45
fi=(3)
71 4
+1 3
+1 2
fi=(5)
353 18
+1 9
fe=(2)

fn=(52) rtld_lock_default_lock_recursive
801 131
+1 131
+1 131

fn=(184) version_check_doit
639 3
+2 4
cfi=(58)
cfn=(186)
calls=1 362 
* 31080
* 2
+4 2

fn=(116) map_doit
606 2
+2 1
-2 1
+2 1
+1 2
-1 2
+1 3
cfi=(27)
cfn=(118)
calls=1 1927 
* 2754
* 1
+2 2

fn=(102)
858 10
+5 5
-4 1
+10 2
-3 3
cfi=(35)
cfn=(104)
calls=1 28 
* 273
* 1
+1 3
+9 1
168 1
878 2
168 2
880 2
780 2
-10 1
+8 1
+2 2
-6 1
+6 1
-5 1
+1 1
+4 1
cob=(2)
cfi=(18)
cfn=(106) 0x00000000040010f0
calls=1 0 
* 2855
+1 3
+8 4
+74 2
+21 9
-15 4
cfi=(20)
cfn=(48)
calls=1 127 
* 27
+1 2

fn=(54) rtld_lock_default_unlock_recursive
807 131
+1 131
+1 131

fl=(32)
fn=(90)
40 45
+1 9
cfi=(14)
cfn=(30)
calls=9 * 
* 323
* 9
+1 18
cob=(2)
cfi=(18)
cfn=(44)
calls=9 -42 
* 243
+2 18
+4 9
-1 27
+1 18
-1 9
cfi=(20)
cfn=(48)
calls=9 +80 
* 155

fl=(46)
fn=(144)
25 9
+1 36
+1 9

fl=(125)
fn=(366) call_init.part.0
28 80
+8 10
-8 10
+11 10
-3 20
+3 30
+5 27
+5 16
+9 48
cob=(2)
cfi=(18)
cfn=(724) 0x0000000004831000
calls=1 -58 
* 7
cob=(2)
cfi=(18)
cfn=(714) 0x0000000004c58000
calls=1 -58 
* 6
cob=(2)
cfi=(18)
cfn=(704) 0x0000000004bd4000
calls=1 -58 
* 7
cob=(2)
cfi=(18)
cfn=(466) 0x0000000004d65000
calls=1 -58 
* 7
cob=(2)
cfi=(18)
cfn=(456) 0x0000000004896000
calls=1 -58 
* 7
cob=(2)
cfi=(18)
cfn=(444) 0x0000000004eb6000
calls=1 -58 
* 7
cob=(3) /usr/lib/x86_64-linux-gnu/libc-2.31.so
cfi=(139) /build/glibc-B3wQXB/glibc-2.31/csu/init-first.c
cfn=(424) _init
calls=1 -6 
* 130
cob=(2)
cfi=(18)
cfn=(368) 0x000000000486c000
calls=1 -58 
* 4628
* 8
+4 16
+6 8
+2 16
-2 16
+3 40
+1 32
cob=(10)
cfi=(164)
cfn=(728) 0x0000000000001120
calls=1 -72 
* 12
cob=(9)
cfi=(163)
cfn=(718)
calls=1 -72 
* 11
cob=(8)
cfi=(162)
cfn=(708) 0x000000000000a2f0
calls=1 -72 
* 12
cob=(7)
cfi=(148)
cfn=(470) 0x00000000000a71a0
calls=1 -72 
* 12
cob=(4)
cfi=(147)
cfn=(460)
calls=1 -72 
* 12
cob=(6)
cfi=(146)
cfn=(448)
calls=1 -72 
* 160
cob=(3)
cfi=(143) /build/glibc-B3wQXB/glibc-2.31/libio/vtables.c
cfn=(434) check_stdfiles_vtables
calls=1 +11 
* 12
cob=(5)
cfi=(137)
cfn=(416) 0x0000000000006bc0
calls=1 -72 
* 12
* 56
cob=(7)
cfi=(148)
cfn=(698) 0x00000000000a7090
calls=1 -72 
* 237
cob=(7)
cfi=(148)
cfn=(672) 0x00000000000a6fd0
calls=1 -72 
* 50
cob=(7)
cfi=(148)
cfn=(646) 0x00000000000a6f10
calls=1 -72 
* 50
cob=(7)
cfi=(148)
cfn=(628) 0x00000000000a6e90
calls=1 -72 
* 34
cob=(7)
cfi=(148)
cfn=(610) 0x00000000000a6e10
calls=1 -72 
* 34
cob=(7)
cfi=(148)
cfn=(606) 0x00000000000a6dd0
calls=1 -72 
* 159
cob=(7)
cfi=(148)
cfn=(604) 0x00000000000a6bc0
calls=1 -72 
* 52
cob=(7)
cfi=(148)
cfn=(578) 0x00000000000a6ab0
calls=1 -72 
* 74
cob=(7)
cfi=(148)
cfn=(524) 0x00000000000a6a30
calls=1 -72 
* 76406
cob=(7)
cfi=(148)
cfn=(502) 0x00000000000a6a10
calls=1 -72 
* 2964
cob=(7)
cfi=(148)
cfn=(476) 0x00000000000a6980
calls=1 -72 
* 1962
cob=(6)
cfi=(146)
cfn=(450)
calls=1 -72 
* 12
cob=(3)
cfi=(144) /build/glibc-B3wQXB/glibc-2.31/string/../sysdeps/x86/cacheinfo.c
cfn=(436) init_cacheinfo
calls=1 488 
* 1688
cob=(5)
cfi=(138) /build/glibc-B3wQXB/glibc-2.31/nptl/../sysdeps/unix/sysv/linux/x86/elision-conf.c
cfn=(422) elision_init
calls=1 +33 
* 142
-1 66
+3 60
-29 3
-5 3

fn=(364)
79 12
+1 1
+1 1
+3 3
+8 2
+25 1
+1 5
+1 2
-89 2
+89 18
-89 54
cfn=(366)
calls=9 -2 
* 84639
+88 30
+7 8
-95 3
cfn=(366)
calls=1 -2 
* 4842
+57 2

fl=(6)
fn=(208) _dl_lookup_symbol_x
841 28380
582 2838
841 11352
582 8514
-1 5676
+2 5676
-1 2838
+1 8514
-1 8514
+1 206076
-1 103038
+1 309114
-1 311952
847 2838
-4 2838
+1 2838
+7 2838
-8 2838
+1 2838
+7 7676
+3 14190
+6 5676
-7 17028
+7 150
+1 36894
cfn=(210) do_lookup_x
calls=2838 368 
* 1541571
* 11327
+5 5676
+24 22504
+40 11252
+14 8439
+3 11252
+5 2813
+2 25542
-86 150
+17 25
+1 50
+59 2

fn=(212) check_match
75 36738
+3 5652
+13 11272
-13 11272
+13 5636
+3 7774
cfi=(22)
cfn=(58)
calls=535 +17 
* 28986
* 1070
+4 2817
+1 5634
+2 4846
+19 4846
+1 19384
+2 8
+37 2811
+7 16866
-18 788
+2 788
+1 394
-1 788
+1 1182
-1 788
+4 4
+1 14
+2 6
+2 2
+7 12
-7 5
+7 78
-45 7257
cfi=(22)
cfn=(58)
calls=2419 -11 
* 81369
* 4838
-44 34
+82 16

fn=(10)
961 10
+3 30
+2 10
+2 20
+2 10
-1 10
+3 30
+1 10
+4 10
-3 10
+7 10
-7 10
+3 10
-1 10
+3 10
+2 10
-7 10
+7 10
+5 10

fn=(210)
368 22704
+1 2838
-1 17028
+48 2838
+35 8514
-65 2838
-11 2838
+41 2838
-30 5676
+65 5676
-51 64110
+4 21370
+4 21370
-3 21370
+3 42740
+1 64110
+3 21370
+1 42740
+7 42740
-3 42740
-2 21370
+5 64110
+3 149590
571 55680
379 42746
+3 42746
+4 42776
+4 42740
+4 42740
+88 5626
fi=(61) /build/glibc-B3wQXB/glibc-2.31/elf/../sysdeps/generic/ldsodefs.h
126 8439
fe=(6)
533 5626
+3 15924
+16 13455
+2 5626
427 10824
-1 7216
+2 7216
+2 3356
+6 10068
-6 3356
+6 30204
+7 14016
-10 37415
+3 2826
-1 5652
+1 5652
-1 2826
+2 5652
-1 33912
cfn=(212)
calls=2826 75 
* 263975
+4 8508
574 25
+1 22704
-35 4752
227 244
-1 122
+3 244
-2 122
+2 244
+2 122
-2 366
cfi=(2)
cfn=(52)
calls=122 801 
* 366
+2 122
+1 122
+1 244
-2 122
+2 122
+2 242
+1 121
-1 363
+1 121
-1 121
+1 242
-1 363
+1 242
-1 1232
+24 426
+3 132
+1 396
-24 1012
+1 80
cfi=(22)
cfn=(58)
calls=40 111 
* 2815
* 80
+2 200
+10 40
+1 160
+2 160
cfi=(2)
cfn=(54)
calls=40 807 
* 120
+1 40
474 1092
+2 4
267 1215
+61 656
+19 574
+5 328
cfi=(2)
cfn=(54)
calls=82 807 
* 246
+2 328
181 518
-2 84
+1 252
-3 332
+8 164
-1 82
+1 82
+2 82
-2 82
336 328
-72 132
+46 2
+9 4
cob=(2)
cfi=(18)
cfn=(40)
calls=1 0 
* 38
* 1
+1 2
+3 1
+1 2
-6 1
+7 1
-1 1
+1 1
-7 1
+7 3296
-51 8
cfi=(38)
cfn=(336) _dl_higher_prime_number
calls=2 +26 
* 159
+2 4
-2 2
+2 2
cob=(2)
cfi=(18)
cfn=(40)
calls=2 0 
* 76
* 2
+1 4
+7 296
+1 276
+1 140
175 70
286 140
175 70
286 70
175 70
+1 70
-1 70
+1 210
+1 440
+2 14
+1 42
-3 168
+8 70
-1 70
+1 70
+2 70
-2 70
+3 70
-7 10
290 18
cfi=(19)
cfn=(94)
calls=2 109 
* 10
+1 2
+2 2
-19 2
+20 4
-3 2
+2 2
+1 19697

fl=(14)
fn=(30)
41 43
+38 43
+1 43
+1 43
+1 43
+1 43
+1 43
+1 43
+2 43
+2 43
+31 43
+1 43
+1 43
+1 43
+1 43
+1 19
+2 19
+4 24
+1 24
+1 24
+1 24
+1 24
+1 24
+1 24
+1 24
+1 24
+1 24
+1 24
+1 24
+5 186
+74 3
+1 3
+1 3
+1 3
+1 3
+1 3
+1 3
+1 3
+16 3
+2 3
+1 42
+2 3
+1 3
+1 3
+2 3

fl=(36)
fn=(108) _dl_catch_error
225 10
+2 2
cob=(2)
cfi=(18)
cfn=(110)
calls=1 0 
* 2830
+1 2
+1 1
+1 1
-1 1
+1 1
+2 5

fn=(182)
238 6
+1 1
+1 1
+3 1
+1 1
+2 1
cfi=(2)
cfn=(184)
calls=1 639 
* 31091
+2 1
+1 1
+1 4

fn=(112) _dl_catch_exception
175 176
+3 44
+22 22
-1 22
+7 44
-6 22
+3 44
+3 22
cfi=(37)
cfn=(114)
calls=22 30 
* 528
* 88
+2 66
cfi=(48)
cfn=(152)
calls=21 61 
* 46818
cfi=(2)
cfn=(116)
calls=1 606 
* 2769
+2 22
-1 22
+1 22
-1 22
+1 44
+9 88

fl=(15)
fn=(32)
32 5
+8 6
+4 2
+16 5

fl=(54)
fn=(174)
78 60
+1 12

fn=(360)
78 5
+1 1

fl=(39)
fn=(124)
34 23
+3 23
-3 69
+3 138
+8 161
+2 9
-2 42
+2 14

fl=(42)
fn=(132)
33 36
+1 18
+1 36
+4 9

fl=(17)
fn=(50)
31 18
+2 9
-2 18
+2 9
-2 18
+2 9
cfi=(2)
cfn=(52)
calls=9 801 
* 27
+2 62
+3 176
+2 8
+2 8
+4 8
+4 8
+1 8
-5 16
+1 16
+1 8
+3 8
-3 8
+3 8
-1 8
cfi=(2)
cfn=(54)
calls=8 807 
* 24
-4 1
+4 1
+1 1
-5 2
+1 2
+1 1
+3 1
-3 1
+3 1
-1 1
cfi=(2)
cfn=(54)
calls=1 807 
* 3
-5 2

fn=(38)
59 99
+3 9
-3 18
+3 18
+15 32
cfi=(14)
cfn=(30)
calls=8 -36 
* 180
* 40
+12 32
cob=(2)
cfi=(18)
cfn=(40)
calls=8 -89 
* 382
* 4
cob=(2)
cfi=(18)
cfn=(40)
calls=1 -89 
* 45
* 9
+3 18
+4 9
+5 9
-6 9
+6 9
-5 9
+5 9
-5 9
+5 9
-1 9
+1 9
-1 9
+1 9
cfi=(20)
cfn=(48)
calls=9 +26 
* 118
* 9
+15 18
-15 9
+15 9
-13 9
+13 34
+6 1
+2 7
+3 2
-3 56
+3 16
+2 9
+4 9
+3 26
+2 1
-2 3
+2 15
-2 45
+16 18
-5 9
+5 9
-6 9
+6 9
-6 9
+6 18
+2 16
+3 16
-3 16
+7 32
+4 16
+2 1
+6 1
+3 1
+10 2
-10 1
+10 1
-10 8
+10 16
-10 8
+10 8
+2 8
+21 8
-21 8
cfi=(14)
cfn=(30)
calls=8 41 
* 306
+4 8
-4 24
+17 8
-13 24
+50 24
cfi=(20)
cfn=(78)
calls=8 114 
* 160
* 8
+5 16
+1 16
-1 242
+1 242
+2 16
+3 8
+3 8
+4 81
128 18
+37 24
-15 1
+7 4
-21 16
+60 16
cob=(2)
cfi=(18)
cfn=(44)
calls=8 0 
* 216
* 8
+1 32
64 2
+1 6
+9 1
-5 2

fl=(10)
fn=(68)
46 5
+2 3
+85 5
-45 2
cfi=(26)
cfn=(70)
calls=1 -10 
* 6
+15 1
-15 2
+20 1
-1 1
+3 12
+4 3
-2 6
+2 10
+2 1
+1 2
-3 4
+7 3
-1 3
+4 3
-2 3
+2 10
+5 2

fl=(60)
fn=(200)
148 110
+15 10
-15 20
+15 10
+1 50
+6 20
+6 50
-18 18
+22 18
+7 40
+40 10
fi=(5)
76 10
fe=(60)
227 20
fi=(5)
76 30
+6 16
+4 24
+14 8
-8 8
+8 16
+20 16
+11 32
fe=(60)
255 372
-96 8
fi=(5)
481 24
fe=(60)
159 16
+96 8
fi=(4)
48 8
fe=(60)
255 8
fi=(4)
47 8
+11 8
-11 16
+11 16
fe=(60)
255 2
-96 2
fi=(5)
481 6
fe=(60)
159 4
+96 2
fi=(4)
48 2
fe=(60)
255 2
fi=(4)
47 2
+11 2
-11 4
+11 4
fe=(60)
255 10
fi=(4)
48 10
fe=(60)
255 10
fi=(4)
47 10
+11 10
-11 20
+11 20
-7 8
-1 16
+11 16
fi=(5)
552 2622
+4 2622
+3 3933
+1 1311
fi=(4)
61 4095
+2 5468
+2 170
-4 6
+13 16
+1 14
+1 112
fi=(5)
552 56
+25 112
+2 56
cob=(4)
cfi=(105)
cfn=(334)
calls=1 27 
* 9
cob=(4)
cfi=(116)
cfn=(332)
calls=1 26 
* 9
cob=(4)
cfi=(115)
cfn=(330)
calls=1 27 
* 9
cob=(4)
cfi=(112)
cfn=(328)
calls=1 27 
* 9
cob=(4)
cfi=(114)
cfn=(326)
calls=1 26 
* 9
cob=(4)
cfi=(112)
cfn=(322)
calls=1 35 
* 9
cob=(4)
cfi=(111)
cfn=(320)
calls=1 27 
* 9
cob=(4)
cfi=(110)
cfn=(318)
calls=1 27 
* 9
cob=(4)
cfi=(109)
cfn=(316)
calls=1 27 
* 9
cob=(4)
cfi=(108)
cfn=(314)
calls=1 30 
* 9
cob=(4)
cfi=(107)
cfn=(312)
calls=1 26 
* 9
cob=(4)
cfi=(106)
cfn=(310)
calls=1 27 
* 9
cob=(4)
cfi=(105)
cfn=(308)
calls=1 34 
* 9
cob=(4)
cfi=(104)
cfn=(306)
calls=1 27 
* 9
cob=(4)
cfi=(103)
cfn=(304)
calls=1 27 
* 9
cob=(4)
cfi=(102)
cfn=(302)
calls=1 26 
* 9
cob=(3)
cfi=(101) /build/glibc-B3wQXB/glibc-2.31/string/../sysdeps/x86_64/multiarch/strncase_l.c
cfn=(298) strncasecmp_l
calls=1 31 
* 6
cob=(3)
cfi=(100) /build/glibc-B3wQXB/glibc-2.31/string/../sysdeps/x86_64/multiarch/strchrnul.c
cfn=(296) strchrnul
calls=1 31 
* 10
cob=(3)
cfi=(98) /build/glibc-B3wQXB/glibc-2.31/wcsmbs/../sysdeps/x86_64/multiarch/wmemcmp.c
cfn=(292) wmemcmp
calls=1 29 
* 13
cob=(3)
cfi=(97) /build/glibc-B3wQXB/glibc-2.31/string/../sysdeps/x86_64/multiarch/stpcpy.c
cfn=(290) stpcpy
calls=1 33 
* 9
cob=(3)
cfi=(96) /build/glibc-B3wQXB/glibc-2.31/string/../sysdeps/x86_64/multiarch/stpncpy.c
cfn=(288) stpncpy
calls=1 31 
* 9
cob=(3)
cfi=(95) /build/glibc-B3wQXB/glibc-2.31/string/../sysdeps/x86_64/multiarch/strspn.c
cfn=(286) strspn
calls=1 29 
* 7
cob=(3)
cfi=(94) /build/glibc-B3wQXB/glibc-2.31/wcsmbs/../sysdeps/x86_64/multiarch/wcslen.c
cfn=(284) wcslen
calls=1 29 
* 10
cob=(3)
cfi=(93) /build/glibc-B3wQXB/glibc-2.31/string/../sysdeps/x86_64/multiarch/memchr.c
cfn=(282) memchr
calls=1 29 
* 10
cob=(3)
cfi=(92) /build/glibc-B3wQXB/glibc-2.31/string/../sysdeps/x86_64/multiarch/strcasecmp_l.c
cfn=(280) strcasecmp_l
calls=1 31 
* 6
cob=(3)
cfi=(91) /build/glibc-B3wQXB/glibc-2.31/string/../sysdeps/x86_64/multiarch/memrchr.c
cfn=(278) memrchr
calls=1 29 
* 10
cob=(3)
cfi=(90) /build/glibc-B3wQXB/glibc-2.31/string/../sysdeps/x86_64/multiarch/strlen.c
cfn=(276) strlen
calls=1 29 
* 10
cob=(3)
cfi=(89) /build/glibc-B3wQXB/glibc-2.31/string/../sysdeps/x86_64/multiarch/strchr.c
cfn=(274) index
calls=1 49 
* 9
cob=(3)
cfi=(88) /build/glibc-B3wQXB/glibc-2.31/string/../sysdeps/x86_64/multiarch/strpbrk.c
cfn=(272) strpbrk
calls=1 29 
* 7
cob=(3)
cfi=(87) /build/glibc-B3wQXB/glibc-2.31/wcsmbs/../sysdeps/x86_64/multiarch/wcscpy.c
cfn=(270) wcscpy
calls=1 43 
* 7
cob=(3)
cfi=(85) /build/glibc-B3wQXB/glibc-2.31/wcsmbs/../sysdeps/x86_64/multiarch/wmemset.c
cfn=(266) wmemset
calls=2 31 
* 34
cob=(3)
cfi=(84) /build/glibc-B3wQXB/glibc-2.31/wcsmbs/../sysdeps/x86_64/multiarch/wcsnlen.c
cfn=(264) wcsnlen
calls=1 49 
* 9
cob=(3)
cfi=(83) /build/glibc-B3wQXB/glibc-2.31/string/../sysdeps/x86_64/multiarch/memcpy.c
cfn=(260) memcpy@@GLIBC_2.14
calls=1 29 
* 17
cob=(3)
cfi=(82) /build/glibc-B3wQXB/glibc-2.31/string/../sysdeps/x86_64/multiarch/strcpy.c
cfn=(258) strcpy
calls=1 29 
* 9
cob=(3)
cfi=(81) /build/glibc-B3wQXB/glibc-2.31/string/../sysdeps/x86_64/multiarch/strncase.c
cfn=(256) strncasecmp
calls=1 31 
* 6
cob=(3)
cfi=(80) /build/glibc-B3wQXB/glibc-2.31/string/../sysdeps/x86_64/multiarch/strcspn.c
cfn=(254) strcspn
calls=1 29 
* 7
cob=(3)
cfi=(79) /build/glibc-B3wQXB/glibc-2.31/string/../sysdeps/x86_64/multiarch/strnlen.c
cfn=(252) strnlen
calls=2 31 
* 20
cob=(3)
cfi=(78) /build/glibc-B3wQXB/glibc-2.31/wcsmbs/../sysdeps/x86_64/multiarch/wcschr.c
cfn=(250) wcschr
calls=2 31 
* 20
cob=(3)
cfi=(76) /build/glibc-B3wQXB/glibc-2.31/string/../sysdeps/x86_64/multiarch/memset.c
cfn=(246) memset
calls=1 29 
* 19
cob=(3)
cfi=(75) /build/glibc-B3wQXB/glibc-2.31/string/../sysdeps/x86_64/multiarch/strcmp.c
cfn=(244) strcmp
calls=1 53 
* 9
cob=(3)
cfi=(74) /build/glibc-B3wQXB/glibc-2.31/string/../sysdeps/x86_64/multiarch/strncmp.c
cfn=(242) strncmp
calls=1 54 
* 9
cob=(3)
cfi=(72) /build/glibc-B3wQXB/glibc-2.31/string/../sysdeps/x86_64/multiarch/memcmp.c
cfn=(238) bcmp
calls=1 29 
* 13
cob=(3)
cfi=(71) /build/glibc-B3wQXB/glibc-2.31/string/../sysdeps/x86_64/multiarch/mempcpy.c
cfn=(234) mempcpy
calls=1 33 
* 17
cob=(3)
cfi=(70) /build/glibc-B3wQXB/glibc-2.31/wcsmbs/../sysdeps/x86_64/multiarch/wcscmp.c
cfn=(232) wcscmp
calls=1 30 
* 10
cob=(3)
cfi=(69) /build/glibc-B3wQXB/glibc-2.31/wcsmbs/../sysdeps/x86_64/multiarch/wmemchr.c
cfn=(230) wmemchr
calls=2 31 
* 20
cob=(3)
cfi=(68) /build/glibc-B3wQXB/glibc-2.31/string/../sysdeps/x86_64/multiarch/rawmemchr.c
cfn=(228) rawmemchr
calls=1 31 
* 10
cob=(3)
cfi=(67) /build/glibc-B3wQXB/glibc-2.31/string/../sysdeps/x86_64/multiarch/strrchr.c
cfn=(226) rindex
calls=1 28 
* 10
cob=(3)
cfi=(66) /build/glibc-B3wQXB/glibc-2.31/string/../sysdeps/x86_64/multiarch/strcat.c
cfn=(224) strcat
calls=1 29 
* 9
cob=(3)
cfi=(65) /build/glibc-B3wQXB/glibc-2.31/string/../sysdeps/x86_64/multiarch/strcasecmp.c
cfn=(222) strcasecmp
calls=1 31 
* 6
cob=(3)
cfi=(64) /build/glibc-B3wQXB/glibc-2.31/string/../sysdeps/x86_64/multiarch/strncpy.c
cfn=(220) strncpy
calls=1 29 
* 9
cob=(3)
cfi=(62) /build/glibc-B3wQXB/glibc-2.31/string/../sysdeps/x86_64/multiarch/memmove.c
cfn=(216) memmove
calls=2 29 
* 34
-27 56
+28 56
fi=(4)
75 170
fe=(60)
255 80
+3 40
+24 10
+3 20
+17 30
+2 80
177 20
+3 3
fi=(4)
-96 12
-1 12
+3 12
-3 12
+3 12
+12 12
-12 12
+12 24
+10 20
+10 9
+3 22
+3 22
-73 9
-1 9
fi=(5)
491 27
fi=(4)
127 16584
+9 8292
+1 4146
-1 8292
+1 4146
+2 4146
-2 4146
+2 8292
-1 8292
fi=(5)
276 8292
+21 8292
+4 8292
+7 16584
fi=(61)
126 12381
fi=(5)
308 56862
fi=(4)
138 2725
fi=(5)
308 2725
fi=(4)
138 2725
fi=(5)
308 2725
fi=(4)
138 2725
fi=(5)
308 5450
fi=(4)
138 3
fi=(5)
308 3
fi=(4)
138 3
fi=(5)
308 3
fi=(4)
138 3
fi=(5)
308 32742
cfi=(6)
cfn=(208)
calls=2728 841 
* 2644830
* 16368
+1 12381
+24 24830
457 12294
+1 4098
fi=(4)
124 12438
+19 45
fi=(5)
367 26
+1 52
+61 63
+4 84
+5 21
+9 21
-9 42
+9 42
-72 33
+11 11
-9 22
+9 22
497 9
+4 18
cfi=(20)
cfn=(48)
calls=3 127 
* 33
+2 9
+1 3
fi=(4)
111 29
+1 9
fi=(5)
536 9
fi=(4)
112 9
fi=(5)
536 18
fi=(4)
112 6534
fi=(5)
536 6534
fi=(4)
112 6534
fi=(5)
536 13068
+5 13086
+1 6543
fi=(4)
111 6543
fi=(5)
542 13086
fi=(4)
111 13086
+7 27
-67 1
160 5
+2 20
+9 15
-1 30
fi=(5)
276 10
+21 10
+4 10
+7 20
fi=(61)
126 15
fi=(5)
308 165
cfi=(6)
cfn=(208)
calls=5 841 
* 3915
* 35
+1 15
+24 68
-24 4181
+3 4124
-3 4124
+3 8248
+2 115
+3 46
+1 69
+1 46
+4 23
+7 23
cob=(4)
cfi=(105)
cfn=(308)
calls=1 34 
* 9
cob=(3)
cfi=(66)
cfn=(224)
calls=1 29 
* 9
cob=(4)
cfi=(124)
cfn=(352)
calls=1 31 
* 7
cob=(3)
cfi=(122) /build/glibc-B3wQXB/glibc-2.31/debug/../sysdeps/x86_64/multiarch/memcpy_chk.c
cfn=(348) __memcpy_chk
calls=1 29 
* 17
cob=(3)
cfi=(62)
cfn=(216)
calls=1 29 
* 17
cob=(3)
cfi=(121) /build/glibc-B3wQXB/glibc-2.31/time/../sysdeps/unix/sysv/linux/gettimeofday.c
cfn=(346) gettimeofday
calls=1 41 
* 7
cob=(3)
cfi=(75)
cfn=(244)
calls=1 53 
* 9
cob=(3)
cfi=(93)
cfn=(282)
calls=1 29 
* 10
cob=(3)
cfi=(67)
cfn=(226)
calls=1 28 
* 10
cob=(3)
cfi=(82)
cfn=(258)
calls=1 29 
* 9
cob=(3)
cfi=(120) /build/glibc-B3wQXB/glibc-2.31/time/../sysdeps/unix/sysv/linux/time.c
cfn=(344) time
calls=1 38 
* 7
cob=(3)
cfi=(83)
cfn=(260)
calls=1 29 
* 17
cob=(4)
cfi=(119)
cfn=(342)
calls=1 26 
* 9
cob=(3)
cfi=(76)
cfn=(246)
calls=1 29 
* 19
cob=(3)
cfi=(64)
cfn=(220)
calls=1 29 
* 9
cob=(3)
cfi=(74)
cfn=(242)
calls=1 54 
* 9
cob=(3)
cfi=(72)
cfn=(238)
calls=1 29 
* 13
cob=(3)
cfi=(90)
cfn=(276)
calls=1 29 
* 10
cob=(3)
cfi=(95)
cfn=(286)
calls=1 29 
* 7
cob=(3)
cfi=(89)
cfn=(274)
calls=1 49 
* 9
cob=(3)
cfi=(118) /build/glibc-B3wQXB/glibc-2.31/string/../sysdeps/x86_64/multiarch/strstr.c
cfn=(340) strstr
calls=1 44 
* 7
cob=(4)
cfi=(117)
cfn=(338)
calls=1 31 
* 7
cob=(3)
cfi=(80)
cfn=(254)
calls=1 29 
* 7
* 46
+3 46
-25 1302
+1 16420
fe=(60)
+1 50
+3 10
-3 10
+3 10
+4 20
+1 40
cfi=(54)
cfn=(174)
calls=10 78 
* 60
* 20
fi=(5)
124 32
-2 16
fe=(60)
255 6
fi=(5)
+53 13263
457 15
+1 5
fi=(4)
160 16
+14 3
fi=(5)
309 2
+3 2
-3 2
+3 4
-3 8
-1 35180
fe=(60)

fl=(130)
fn=(384)
66 315
+6 210
-6 105
+3 210
+3 315
-4 105
+5 105
+2 105
-2 525
+2 105
-2 105
+2 105
+5 210
+4 210
+4 315
+4 210
+1 420
-7 420
+16 105
-1 105
+1 210
+10 1050
cfi=(6)
cfn=(208)
calls=105 841 
* 102982
* 105
+4 525
+10 945
+7 105
+8 420
+4 315
fi=(5)
+97 105
fe=(130)
-93 315
fi=(180) /build/glibc-B3wQXB/glibc-2.31/elf/../sysdeps/x86_64/dl-irel.h
32 5
cob=(3)
cfi=(76)
cfn=(246)
calls=1 -3 
* 19
cob=(3)
cfi=(93)
cfn=(282)
calls=1 -3 
* 10
cob=(3)
cfi=(72)
cfn=(238)
calls=1 -3 
* 13
cob=(3)
cfi=(83)
cfn=(260)
calls=1 -3 
* 17
cob=(3)
cfi=(75)
cfn=(244)
calls=1 +21 
* 9
* 5
fe=(130)

fl=(53)
fn=(170)
29 16
+1 32
+1 8

fl=(38)
fn=(336)
300 2
+38 2
-1 2
+3 2
+2 80
+1 37
-3 24
+18 2
+1 2
-15 6

fn=(120)
282 1404
+1 468
cfi=(22)
cfn=(58)
calls=234 111 
* 7175
* 234
+1 234
-1 468
+3 234
+2 468
+4 229
-4 458
+1 783
cfi=(22)
cfn=(58)
calls=261 111 
* 8628
* 522
-5 32
+11 330
-1 202
+1 606

fn=(162)
44 2
+3 1
-3 6
+3 1
-3 1
+3 1
cfi=(39)
cfn=(124)
calls=1 -13 
* 19
+1 2
+23 7
-21 5
cfi=(42)
cfn=(132)
calls=1 -17 
* 11
* 2
+2 2
+3 2
+13 2
cfi=(46)
cfn=(144)
calls=1 -43 
* 6
* 1
-11 6
cfi=(43)
cfn=(136)
calls=1 -9 
* 20
* 2

ob=(3)
fl=(139)
fn=(424)
52 4
+3 3
+14 1
+8 1
-10 1
+1 1
+1 1
+8 1
cfi=(140) /build/glibc-B3wQXB/glibc-2.31/misc/init-misc.c
cfn=(426) __init_misc
calls=1 -47 
* 91
+8 2
-5 1
cfi=(142) /build/glibc-B3wQXB/glibc-2.31/ctype/ctype-info.c
cfn=(432) __ctype_init
calls=1 -51 
* 17
-18 1
-7 1
+7 4

fl=(89)
fn=(274)
49 2
-9 6
-2 2
+2 2
-2 4
+11 2

fl=(169) /build/glibc-B3wQXB/glibc-2.31/locale/newlocale.c
fn=(816) newlocale
44 14
+12 2
+8 2
+3 3
+6 2
278 12
76 1
-2 4
-17 2
+17 2

fl=(72)
fn=(238)
29 3
fi=(73) /build/glibc-B3wQXB/glibc-2.31/string/../sysdeps/x86_64/multiarch/ifunc-memcmp.h
+3 3
+1 9
-1 6
+2 9
+1 6
fe=(72)
-6 3

fl=(152) /build/glibc-B3wQXB/glibc-2.31/malloc/hooks.c
fn=(1762) realloc_hook_ini
37 10
+1 1
+1 1
-1 1
fi=(153) /build/glibc-B3wQXB/glibc-2.31/malloc/arena.c
291 1
fe=(152)
39 1
fi=(153)
291 2
fi=(151) /build/glibc-B3wQXB/glibc-2.31/malloc/malloc.c
3143 2
+7 2
+6 1
-2 1
+5 1
-3 2
+2 2
+4 3
+1 3
+9 4
+1 2
1208 2
+2 6
3183 2
fe=(152)
42 10
fi=(151)
3139 2
+85 3
+2 4
cfn=(1766) _int_realloc
calls=1 4540 
* 53
* 1
+1 10
fe=(152)

fn=(532) malloc_hook_ini
29 2
fi=(153)
291 1
fe=(152)
29 3
+1 2
fi=(153)
291 3
cfn=(536) ptmalloc_init.part.0
calls=1 -2 
* 74917
* 1
fi=(151)
3032 2
1208 2
+2 4
3044 4
+12 3
+2 3
cfn=(564) _int_malloc
calls=1 1208 
* 148
* 1
+1 7
fe=(152)
33 5
fi=(151)
1210 4
2978 4
cfn=(560) tcache_init.part.0
calls=1 +3 
* 476
+69 2
fe=(152)

fl=(141) /build/glibc-B3wQXB/glibc-2.31/string/../sysdeps/x86_64/multiarch/strrchr-avx2.S
fn=(430) __strrchr_avx2
42 1
+1 1
+1 1
+2 1
+1 1
+3 1
+1 1
+1 1
+33 1
+1 1
+1 1
+1 1
+1 1
+1 1
+1 1
+1 1
+1 1
+1 1
+3 1
+1 1
+9 1
+1 1
+3 1
+1 2
+4 1
+1 1
+1 1
+1 1
+1 1
+1 1
+1 1
+1 1
-7 1
+1 1
+1 1
+1 1
+1 1
+1 1
+1 1
+1 1
+32 2
+1 2
+19 2
+1 2
+1 2
+3 1
+1 1
+1 1
+10 1
+1 1
+1 1
+1 1
+1 1
+2 1
+1 1
+1 1
+1 1
+1 1

fl=(66)
fn=(224)
29 2
fi=(251) /build/glibc-B3wQXB/glibc-2.31/string/../sysdeps/x86_64/multiarch/ifunc-strcpy.h
+7 6
-2 2
+2 2
-2 4
fe=(66)
-5 2

fl=(244) /build/glibc-B3wQXB/glibc-2.31/stdlib/cxa_finalize.c
fn=(2132) __cxa_finalize
30 72
+3 8
fi=(150) /build/glibc-B3wQXB/glibc-2.31/stdlib/../sysdeps/unix/sysv/linux/x86/lowlevellock.h
+14 8
fe=(244)
-14 16
fi=(150)
+14 16
+4 8
fe=(244)
-15 24
+4 48
+1 128
-1 168
+1 144
+2 8
+36 8
-3 8
-31 8
+34 16
+3 32
+1 24
cob=(7)
cfi=(148)
cfn=(2258) 0x00000000000a8270
calls=1 -83 
* 8
cob=(7)
cfi=(148)
cfn=(2250) 0x00000000000a8230
calls=1 -83 
* 990
cob=(7)
cfi=(148)
cfn=(2248) 0x00000000000d48f0
calls=1 -83 
* 8
cob=(7)
cfi=(148)
cfn=(2246) 0x00000000000d6d00
calls=1 -83 
* 8
cob=(7)
cfi=(148)
cfn=(2238) 0x00000000000d6cc0
calls=1 -83 
* 1032
cob=(7)
cfi=(148)
cfn=(2236) 0x00000000001705d0
calls=1 -83 
* 2
cob=(7)
cfi=(148)
cfn=(2234) 0x00000000001705e0
calls=1 -83 
* 2
cob=(7)
cfi=(148)
cfn=(2232) 0x00000000001705f0
calls=1 -83 
* 2
+1 24
fi=(150)
-37 16
fe=(244)
+41 16
-48 25
-4 24
+58 32
+4 48
-4 24
+12 16
+1 16
cfi=(133) /build/glibc-B3wQXB/glibc-2.31/nptl/register-atfork.c
cfn=(2136) __unregister_atfork
calls=8 -28 
* 224
+2 32
+1 64

fl=(181) /build/glibc-B3wQXB/glibc-2.31/string/../sysdeps/x86_64/multiarch/strcmp-avx2.S
fn=(1220) __strcmp_avx2
79 14
+23 14
+1 14
+2 14
+1 14
+1 14
+1 14
+1 14
+2 14
+1 14
+1 14
+1 14
+1 14
+1 14
+1 14
+1 14
+18 14
+1 14
+1 14
+2 14
+1 14

fl=(62)
fn=(216)
29 3
fi=(63) /build/glibc-B3wQXB/glibc-2.31/string/../sysdeps/x86_64/multiarch/ifunc-memmove.h
+16 9
-1 6
+5 6
-1 6
+12 6
+2 15
fe=(62)

fl=(166) /build/glibc-B3wQXB/glibc-2.31/csu/../csu/libc-start.c
fn=(738) (below main)
137 11
+4 1
-4 3
+4 3
+96 2
+1 3
cfi=(149) /build/glibc-B3wQXB/glibc-2.31/stdlib/cxa_atexit.c
cfn=(492) __cxa_atexit
calls=1 69 
* 72
+22 4
+3 2
+1 5
cob=(11)
cfi=(165)
cfn=(740) __libc_csu_init
calls=1 0 
* 121207
+4 4
+15 2
+12 2
cfi=(182) /build/glibc-B3wQXB/glibc-2.31/setjmp/../sysdeps/x86_64/bsd-_setjmp.S
cfn=(1304) _setjmp
calls=1 28 
* 34
* 1
+1 2
+5 2
+1 2
+3 2
+3 6
cob=(11)
cfi=(165)
cfn=(1310) main
calls=1 0 
* 5454635319
+34 2
cfi=(241) /build/glibc-B3wQXB/glibc-2.31/stdlib/exit.c
cfn=(2104) exit
calls=1 138 
* 8861

fl=(70)
fn=(232)
30 1
fi=(252) /build/glibc-B3wQXB/glibc-2.31/wcsmbs/../sysdeps/x86_64/multiarch/ifunc-avx2.h
+2 3
-2 6
fe=(70)

fl=(133)
fn=(2136)
79 24
+1 24
fi=(134) /build/glibc-B3wQXB/glibc-2.31/nptl/../sysdeps/unix/sysv/linux/x86/lowlevellock.h
-33 16
fe=(133)
+35 8
-14 16
fi=(135) /build/glibc-B3wQXB/glibc-2.31/nptl/../malloc/dynarray-skeleton.c
250 8
fe=(133)
68 32
fi=(135)
239 8
fe=(133)
68 16
fi=(135)
250 8
fe=(133)
71 16
+35 32
+1 16

fn=(402) __register_atfork
39 6
+1 3
fi=(134)
+7 2
fe=(133)
-5 2
fi=(135)
195 1
fe=(133)
45 1
fi=(135)
197 2
fe=(133)
45 1
fi=(135)
195 1
319 1
+1 1
-1 1
-1 1
+2 1
fe=(133)
49 2
+2 1
+2 1
+1 1
-3 2
+7 4
+2 2
+1 1
-1 1
+1 2

fl=(172) /build/glibc-B3wQXB/glibc-2.31/wcsmbs/wctob.c
fn=(898) wctob
31 1024
+9 384
+5 384
+37 1024

fl=(121)
fn=(346)
41 1
fi=(253) /build/glibc-B3wQXB/glibc-2.31/time/../sysdeps/unix/sysv/linux/dl-vdso.h
-1 2
+1 2
fe=(121)
* 2

fl=(132) /build/glibc-B3wQXB/glibc-2.31/nptl/libc_pthread_init.c
fn=(400) __libc_pthread_init
43 2
+5 1
-5 1
+5 1
-3 1
+3 3
cfi=(133)
cfn=(402)
calls=1 -9 
* 41
+19 3
+3 3
+1 1
-4 3
+3 123
+1 41
-4 123
+12 2
-6 1
+6 1

fl=(118)
fn=(340)
44 7

fl=(98)
fn=(292)
29 1
fi=(99) /build/glibc-B3wQXB/glibc-2.31/wcsmbs/../sysdeps/x86_64/multiarch/ifunc-memcmp.h
+3 1
+1 3
-1 2
+2 3
+1 2
fe=(98)
-6 1

fl=(90)
fn=(276)
29 2
fi=(254) /build/glibc-B3wQXB/glibc-2.31/string/../sysdeps/x86_64/multiarch/ifunc-avx2.h
+3 6
-2 10
fe=(90)
-1 2

fl=(76)
fn=(246)
29 3
fi=(77) /build/glibc-B3wQXB/glibc-2.31/string/../sysdeps/x86_64/multiarch/ifunc-memset.h
+13 15
+4 6
-1 6
+12 12
+2 15
fe=(76)

fl=(241)
fn=(2106) __run_exit_handlers
40 11
+5 3
+11 3
fi=(150)
-9 1
fe=(241)
+9 3
fi=(150)
-9 1
fe=(241)
+9 2
fi=(150)
-9 2
fe=(241)
+12 2
+2 5
+16 16
+35 10
fi=(150)
-65 10
fe=(241)
+65 20
fi=(150)
-65 10
fe=(241)
+67 20
-44 33
+2 10
+1 10
-1 10
+4 40
+1 80
+29 2
+2 2
-5 2
+5 2
-2 4
+2 2
cob=(1)
cfi=(243)
cfn=(2122)
calls=1 -78 
* 6294
cob=(7)
cfi=(148)
cfn=(2112) std::ios_base::Init::~Init()
calls=1 0 
* 1770
+1 2
+11 2
+1 2
+5 5
-61 1
+1 4
+63 2
+1 10
cfi=(231) /build/glibc-B3wQXB/glibc-2.31/libio/genops.c
cfn=(2306) _IO_cleanup
calls=1 863 
* 420
* 3
+2 2
cfi=(246) /build/glibc-B3wQXB/glibc-2.31/posix/../sysdeps/unix/sysv/linux/_exit.c
cfn=(2326) _Exit
calls=1 27 
* 6
-86 1
cfi=(242) /build/glibc-B3wQXB/glibc-2.31/stdlib/cxa_thread_atexit_impl.c
cfn=(2108) __call_tls_dtors
calls=1 +99 
* 12
* 1

fn=(2104)
138 3
+1 3
-1 1
+1 1
cfn=(2106)
calls=1 -99 
* 8853

fl=(64)
fn=(220)
29 2
fi=(251)
+7 6
-2 2
+2 2
-2 4
fe=(64)
-5 2

fl=(80)
fn=(254)
29 2
fi=(255) /build/glibc-B3wQXB/glibc-2.31/string/../sysdeps/x86_64/multiarch/ifunc-sse4_2.h
+1 10
fe=(80)
-1 2

fl=(78)
fn=(250)
31 2
fi=(252)
+1 6
-2 10
fe=(78)
+1 2

fl=(182)
fn=(1304)
28 1
+2 1
+2 1
cfi=(183) /build/glibc-B3wQXB/glibc-2.31/setjmp/../sysdeps/x86_64/setjmp.S
cfn=(1306) __sigsetjmp
calls=1 -2 
* 31

fl=(67)
fn=(226)
28 2
fi=(254)
+4 6
-2 10
fe=(67)
-2 2

fl=(151)
fn=(1688) unlink_chunk.isra.0
1451 278811
+2 1394055
+3 278811
+1 278811
+2 1115244
+3 278811
+1 278811
+1 1061664
+2 278732
+1 418098
+3 278732
+14 139366
+1 278732
+3 557622

fn=(564)
1208 572362
3513 286181
1210 286181
3513 2289448
1210 572362
3553 6
+24 6
+61 4391
+2 4391
-2 4391
+2 8782
+2 50
+1 100
+6 50
-4 50
+1 50
+1 50
+2 100
+7 200
-1 100
+1 150
+5 315
+1 28
+4 5
+1 5
+1 10
2926 5
3670 5
2920 5
+8 5
3671 5
2924 5
+2 5
-6 5
+9 5
-1 5
+1 5
1210 572356
3553 572356
1637 572356
3577 572356
+58 563608
+62 9017281
+1 845298
+1 6
cfn=(1924) malloc_consolidate
calls=3 4441 
* 3486
* 3
3577 6
1210 6
3582 6
+2 6
-2 8748
+2 8748
-4 24
+6 96
+1 24
+5 48
+1 48
+7 96
-1 48
+1 48
+5 144
-16 13173
1868 74
3678 74
1868 148
4147 2597433
3637 13023
+3 47751
+77 4341
+1 4341
-1 8682
-1 8682
+2 8682
-1 281766
+1 281766
-1 563532
-1 563532
+2 563532
-2 858318
+6 572212
+73 858318
-67 858318
-6 2
+73 3
-67 3
3892 146240
-91 146240
+91 292480
-91 146240
-74 146240
+74 292480
-42 877440
-28 292480
+1 146240
+2 292480
-3 308
+1 154
+2 308
+1 439182
+2 146394
+1 585576
+2 585576
-10 146394
+12 292788
+1 292788
+2 292788
+11 294916
+31 145367
+1 145367
+4 290734
+29 279264
+2 528
+1 792
+1 264
-1 264
+57 264
+2 528
-2 528
+2 264
+7 264
-9 792
+9 264
-7 264
+1 264
+1 264
+6 528
-10 139368
+2 278736
-2 278736
+2 139368
+7 139368
-9 418104
+9 139368
-7 139368
+1 139368
+1 139368
+6 278736
3728 10
1868 17190
3794 5735
+1 5735
-1 5735
+1 11470
+5 17205
+1 11505
+28 696995
+1 418104
+1 139368
-1 139368
+4 278736
+66 418896
3728 418896
3917 558690
+2 828120
+3 276040
-3 276040
+3 552080
+1 212
+67 558478
+1 279239
+1 279239
-1 279239
+1 279239
+1 558478
+1 837717
+5 837551
+16 1586027
+2 3172054
-4 3450976
+8 139461
+3 278922
+2 134
+1 134
+1 134
-2 536
-27 134
2926 5
+2 5
-4 5
+2 10
3805 5
2927 5
+1 5
3805 5
3697 72
3878 696840
3757 2128
+1 2118
+5 3081
-1 1027
+1 2054
+1 2054
-1 1027
+2 1027
+1 3081
+1 2054
+2 1684
+4 842
+6 842
-6 5894
+2 2526
+1 842
1868 2526
3773 185
+6 185
-6 1295
+2 555
+1 185
1868 555
4003 419916
+3 557468
-3 417969
+3 12924
-3 6442
+3 9639
+97 139912
+1 279824
+2 279824
+3 419754
+17 54
-93 417981
+3 278654
+2 139327
+3 278654
-3 139327
+3 278654
cfn=(1688)
calls=139327 1451 
* 4318227
+3 557308
+15 139307
-5 139307
+6 278614
+3 557228
+1 139307
+1 139307
+3 278614
+1 63
+1 278614
+2 57308
+3 229232
+2 85962
+1 28654
1868 28654
4081 28654
1868 57308
4075 885224
+2 331959
+1 110653
1868 110653
4081 110653
1868 221326
4081 20
1868 40
4006 54
+2 216
+1 108
-1 24
+1 12
+38 20
-1 20
+1 40
-41 12
4114 139894
-3 139894
+1 279788
+2 139894
-1 139894
+1 139894
+2 139894
+3 139894
-5 699470
+2 139894
1868 419687
2936 15
+1 10
+1 5
+1 5
3908 5
4141 72
cfn=(566) sysmalloc
calls=18 2255 
* 1924
* 18
+1 36
1868 160
3926 106
+1 636
+6 212
+5 106
+1 318
cfn=(1688)
calls=106 1451 
* 3286
-1 106
+4 318
1868 106
3973 106
1868 212
3945 106
-1 106
+1 212

fn=(1346) free
3087 1500184
+5 1500184
+1 1500184
+6 1500184
+5 750092
-2 750092
+2 1500184
+18 2250234
+2 2250234
+1 750078
+1 750078
-1 750078
cfn=(1348) _int_free
calls=750078 4155 
* 59861296
-17 42
+2 44
+8 14
+8 14
-8 14
cfn=(2074) munmap_chunk
calls=14 2809 
* 546
-7 32
+2 8
+1 8
-1 8
+1 8
+1 16

fn=(1348)
4155 8253960
+10 2251080
+6 3751800
+1 1500720
+4 3001440
+8 3751800
-1 1500720
+1 1500720
+3 468613
+6 937226
+13 2343065
+14 564092
+11 1184
+2 888
1875 888
4254 296
+1 296
+4 888
+2 888
+4 592
+2 296
+1 296
+18 1018
+1 720
4428 8253960
4295 563500
+3 281750
+3 845250
+7 281750
-4 281750
+4 563500
+3 563500
+5 845250
+3 563500
+1 563500
+1 563500
1875 845250
4327 563500
+1 10
+2 10
-1 10
+2 40
+2 20
cfn=(1688)
calls=10 1451 
* 224
+3 563500
+5 290202
+4 5861
+9 5861
-1 5861
+2 11722
-1 139240
-1 139240
+2 278480
+2 580404
+2 290202
+5 145101
+1 145101
+2 435303
+1 145101
+30 563500
+20 845250
2924 936628
+4 468314
-2 936628
+1 468314
+1 468314
4209 468314
4361 435294
+38 84372
+3 84372
-23 136649
+1 409947
+1 273298
-39 139240
+1 139240
-1 139240
cfn=(1688)
calls=139240 1451 
* 2592259
+1 139240
-30 845250
-2 563500
+89 100
cfn=(1924)
calls=50 +41 
* 12016
* 50
+4 140620

fn=(1760) realloc
3131 6850
+7 1370
+1 1370
+4 1368
+7 1368
+6 684
-2 684
+5 684
-3 1368
+2 1368
+4 2052
+1 2052
+9 2736
+1 1368
1208 1368
+2 4104
3183 1368
+71 6156
-30 2052
+2 2736
cfn=(1766)
calls=684 4540 
* 136296
* 684
+1 6840
-87 1
3254 7
3140 1
cfi=(152)
cfn=(1762)
calls=1 37 
* 133

fn=(1766)
4540 5480
+11 2740
+1 2740
+6 2055
+2 1370
+1 2055
+2 2740
+3 1370
+10 600
+12 600
+12 801
cfn=(564)
calls=267 1208 
* 40320
* 267
+1 534
+3 267
+6 534
+19 1254
+2 836
+2 2821
+1 403
+14 403
+1 3627
-1 15
+1 2538
-10 15
-1 15
+1 45
+1 15
+4 15
-5 15
+5 15
-5 30
+1 15
+3 15
+1 15
cfn=(1348)
calls=15 4155 
* 1185
* 15
-54 33
-1 66
+5 99
cfn=(1688)
calls=33 1451 
* 594
* 165
+23 1335
cob=(2)
cfi=(18)
cfn=(1768) 0x00000000049fa4d0
calls=267 0 
* 32768
+1 1068
cfn=(1348)
calls=267 4155 
* 21907
+2 534

fn=(560)
2981 1
-9 1
+9 6
fi=(158) /build/glibc-B3wQXB/glibc-2.31/malloc/../sysdeps/unix/sysv/linux/x86/lowlevellock.h
47 2
fe=(151)
2982 3
cfn=(564)
calls=1 1208 
* 362
* 1
+1 2
+8 4
+7 2
+2 1
+1 2
-1 1
+1 86
+3 2

fn=(566)
2255 144
+20 36
+11 36
+1 62
fi=(153)
536 12
fe=(151)
2302 16
+66 4
+1 12
+1 4
+9 31
+6 12
+3 12
2705 8
+1 4
+5 8
+3 8
+2 8
+1 4
-1 4
+2 12
+1 4
+1 4
+2 4
-3 8
+1 4
+8 162
2288 42
+14 56
+6 28
+19 42
+16 14
-1 14
+1 28
+5 42
+1 70
+3 42
+1 70
+96 36
+11 4
+8 12
+2 20
cfi=(159) /build/glibc-B3wQXB/glibc-2.31/malloc/morecore.c
cfn=(568) __default_morecore
calls=4 46 
* 206
* 4
+1 4
+3 16
+3 8
+1 8
+46 27
+2 3
+6 6
-6 1
+6 8
+1 15
-8 2
2661 1
-1 1
+1 3
+1 1
+11 2
2535 4
+40 3
+22 1
+1 1
-1 1
+1 5
+2 2
+1 2
cfi=(159)
cfn=(568)
calls=1 46 
* 27
+12 2
+8 2
+1 9
2310 98
cfi=(201) /build/glibc-B3wQXB/glibc-2.31/misc/../sysdeps/unix/sysv/linux/mmap64.c
cfn=(1676) mmap
calls=14 48 
* 280
+2 28

fn=(1924)
4441 53
+17 53
-17 159
+28 53
-28 212
+15 53
+2 53
+13 106
+1 106
-1 954
+1 954
+58 1590
+1 424
-31 470
+4 200
+2 200
+1 200
+1 200
+2 400
-4 35
+1 35
+1 35
+2 70
+5 235
+2 235
-2 235
+2 235
-2 235
+2 235
+1 235
+9 632
-52 486
+1 648
-1 219
+1 292
+8 235
-3 235
+3 235
+1 235
+1 470
+2 470
+1 60
+2 60
-1 60
+2 240
+2 180
cfn=(1688)
calls=60 1451 
* 1080
* 60
+3 470
+5 35
-1 70
+1 35
cfn=(1688)
calls=35 1451 
* 630
* 105

fn=(2074)
2809 14
+2 14
-1 14
+1 14
-1 14
+1 14
+2 28
+4 28
+4 28
+7 14
-8 14
+9 14
-8 14
+1 14
+6 42
+1 56
+3 14
+1 42
+5 14
+1 14
-1 14
cfi=(240) /build/glibc-B3wQXB/glibc-2.31/misc/../sysdeps/unix/syscall-template.S
cfn=(2076) munmap
calls=14 78 
* 84
-21 28

fn=(530) malloc
3023 754160
+8 754160
-8 3016640
+8 754160
+1 1508320
1208 1508318
+2 3016636
3044 3016636
+3 1508318
+9 857736
+2 857736
cfn=(564)
calls=285912 1208 
* 67850175
* 285912
+1 2001356
+23 3770795
1210 3012392
3048 472400
+1 1417200
2936 468247
+2 468247
-2 468247
+1 936494
+1 468247
+1 468247
3051 468247
-18 1
+49 3
-49 1
cfi=(152)
cfn=(532)
calls=1 29 
* 75594

fl=(81)
fn=(256)
31 1
fi=(256) /build/glibc-B3wQXB/glibc-2.31/string/../sysdeps/x86_64/multiarch/ifunc-strcasecmp.h
+1 4
fe=(81)
-1 1

fl=(94)
fn=(284)
29 1
fi=(252)
+3 3
-2 5
fe=(94)
-1 1

fl=(140)
fn=(426)
30 1
+1 2
-1 4
+1 3
+2 3
cob=(2)
cfi=(18)
cfn=(428) 0x00000000049fa5e0
calls=1 -33 
* 66
+4 5
+1 3
+2 4

fl=(154) /build/glibc-B3wQXB/glibc-2.31/elf/dl-addr.c
fn=(538) _dl_addr
126 7
+2 1
-2 4
+5 1
-5 1
+5 2
cob=(5)
cfi=(155)
cfn=(540)
calls=1 -67 
* 35
+2 2
cob=(2)
cfi=(18)
cfn=(542) 0x00000000049fa510
calls=1 0 
* 1159
+2 2
30 4
+4 2
+5 1
+6 1
-7 1
+2 2
+2 1
-2 1
+2 2
+3 2
+4 5
-5 4
+5 4043
+2 1010
+1 2020
-1 1
+1 2
+2 2757
+10 9308
+1 14980
+5 7074
-10 7074
+1 14148
+2 7043
+37 2
+1 1
+1 3
+3 2
+36 2
cob=(5)
cfi=(157)
cfn=(550)
calls=1 356 
* 31
+3 9
-79 2016
+52 1
+21 1
-21 2

fl=(88)
fn=(272)
29 1
fi=(255)
+1 5
fe=(88)
-1 1

fl=(120)
fn=(344)
38 1
fi=(253)
+2 2
+1 2
fe=(120)
-3 2

fl=(142)
fn=(432)
29 1
+2 7
+2 4
+2 4
+1 1

fl=(96)
fn=(288)
31 1
fi=(251)
+5 3
-2 1
+2 1
-2 2
fe=(96)
-3 1

fl=(160) /build/glibc-B3wQXB/glibc-2.31/misc/sbrk.c
fn=(570) sbrk
32 15
+8 5
-8 10
+8 27
+4 10
+4 24
+12 5
-19 2
cfi=(161) /build/glibc-B3wQXB/glibc-2.31/misc/../sysdeps/unix/sysv/linux/x86_64/brk.c
cfn=(572) brk
calls=1 -13 
* 11
* 4
+15 8
cfi=(161)
cfn=(572)
calls=4 -28 
* 44
* 8
+4 20

fl=(194) /build/glibc-B3wQXB/glibc-2.31/string/../sysdeps/x86_64/multiarch/memset-vec-unaligned-erms.S
fn=(1620) __memset_avx2_unaligned_erms
147 7
+1 7
+1 7
+1 7
+1 21695
+1 7
+1 7
+14 393711
+1 1181133
+5 393711
+1 393711
+1 393031
+1 393031
+2 16974
+1 16974
+1 16974
+1 16974
+3 376057
+1 376057
+3 376050
+1 376050
+1 327753
+1 327753
+1 327753
+1 327753
+2 327753
+1 327753
-1 48286
+1 48286
+3 48297
+1 48297
+1 48297
+1 48297
+1 48297
+1 48297
+1 48297
+1 48297
+1 48297
+1 48297
+1 48297
+1 48297
+1 48297
+1 48297
+2 70
+1 70
+1 70
+1 70
+1 70
+1 70
+1 70
+1 11
+1 11
+11 680
+1 680
+2 1
+1 1
+1 1
+21 679
+1 679
+1 679
+1 679
+4 1
+1 1
+1 1
+1 1

fl=(228) /build/glibc-B3wQXB/glibc-2.31/libio/iofwrite.c
fn=(1996) fwrite
31 5
+1 1
-1 1
+1 1
-1 2
+4 3
+2 13
fi=(229) /build/glibc-B3wQXB/glibc-2.31/libio/../sysdeps/unix/sysv/linux/x86/lowlevellock.h
+10 2
fe=(228)
-10 3
+1 4
+1 1
fi=(236) /build/glibc-B3wQXB/glibc-2.31/libio/libioP.h
941 3
+2 2
+1 2
fe=(228)
39 4
cfi=(230) /build/glibc-B3wQXB/glibc-2.31/libio/fileops.c
cfn=(2000) _IO_file_xsputn@@GLIBC_2.2.5
calls=1 1198 
* 720
* 2
fi=(236)
884 3
+1 8
fe=(228)
45 2
+1 1
+3 9

fl=(159)
fn=(568)
46 10
+1 5
cfi=(160)
cfn=(570)
calls=5 -15 
* 193
+2 15
+3 10

fl=(161)
fn=(572)
28 5
+3 30
+2 10
+6 5
+1 5

fl=(233) /build/glibc-B3wQXB/glibc-2.31/io/../sysdeps/unix/sysv/linux/wordsize-64/fxstat.c
fn=(2010) _fxstat
33 4
+1 2
+1 4
+4 1

fl=(173) /build/glibc-B3wQXB/glibc-2.31/wcsmbs/btowc.c
fn=(904) btowc
33 512
+5 256
-5 1792
+5 1536
+5 512
+4 384
fi=(174) /build/glibc-B3wQXB/glibc-2.31/wcsmbs/./wcsmbsload.h
+23 384
fe=(173)
-22 128
+2 128
-2 128
+2 128
+5 512
+3 256
cfi=(175) /build/glibc-B3wQXB/glibc-2.31/elf/dl-profstub.c
cfn=(908) _dl_mcount_wrapper_check
calls=128 -21 
* 768
* 384
cfi=(176) /build/glibc-B3wQXB/glibc-2.31/iconv/gconv_simple.c
cfn=(910) __gconv_btwoc_ascii
calls=128 -8 
* 768
+41 2304
fi=(174)
-27 128
+1 128
-1 256
fe=(173)

fl=(179) /build/glibc-B3wQXB/glibc-2.31/string/../sysdeps/x86_64/multiarch/memcmp-avx2-movbe.S
fn=(930) __memcmp_avx2_movbe
59 222
+7 222
+1 222
+3 1
+1 1
+1 1
+1 1
+1 1
+2 1
+1 1
+2 1
+2 1
+1 1
+1 1
+1 1
+3 1
+1 1
+2 1
+1 1
+2 1
+1 1
+2 1
+1 1
+2 1
+1 1
+1 1
+2 1
+1 1
+2 1
+1 1
+1 1
+1 1
+2 1
+1 1
+1 1
+2 1
+1 1
+1 1
+2 1
+1 1
+1 1
+2 1
+1 1
+1 1
+1 1
+1 1
+26 27
+10 27
+1 27
+1 27
+2 27
+1 27
+14 108
+1 108
+1 108
+1 108
+1 108
+1 108
+1 108
+1 108
+1 108
+1 108
+1 92
+1 92
+1 92
+4 16
+5 76
+1 76
+1 76
+1 76
+1 76
+1 76
+1 76
+1 76
+2 76
+1 76
+23 221
+1 221
+1 221
+1 221
+1 221
+1 145
+1 145
+2 37
+1 37
+2 37
+1 37
+1 37
+1 37
+1 37
+1 37
+2 10
+1 10
+1 10
+1 10
+1 10
+1 10
+1 10
+1 10
+1 10

fl=(201)
fn=(1676)
48 14
+3 28
-3 56
+6 28
+5 84
+2 42
-7 28

fl=(246)
fn=(2326)
27 3
+4 1
+2 2

fl=(144)
fn=(436)
488 8
+14 6
758 2
+2 1
+1 1
+2 1
-3 1
+5 1
-5 1
+4 3
+4 2
+3 2
+2 1
+1 1
+2 1
-3 1
+5 1
-5 1
+4 3
+15 1
+2 6
-2 1
+3 8
500 1
+4 1
-4 1
+4 1
cfn=(438) handle_intel.constprop.0
calls=1 259 
* 446
+2 1
-2 1
+2 1
cfn=(438)
calls=1 259 
* 487
+5 1
-5 1
+5 1
cfn=(438)
calls=1 259 
* 512
* 1
+8 2
-9 1
+20 1
+5 2
+4 2
+8 6
+3 4
+6 2
-6 9
+6 6
+3 26
+14 2
+4 1
+3 1
+1 1
-4 1
+3 1
-3 1
+3 1
+6 4
-39 6
691 4
+1 4
+4 2
+59 2
564 2
+4 1
+1 1
-1 2
+1 1
+23 2
+8 2
+2 1
-2 6
+2 4
-2 1
+4 1
+23 2
-25 2
+2 6
+2 6
+3 2
+1 8
+2 4
+3 2
+5 1
+2 2
+1 1
+1 1
-2 2
+1 1
+1 1
+27 2
+1 2
+2 2
-1 2
-23 2
+3 1
+1 2
+3 1
+2 4
+1 1
+5 2

fn=(440) intel_check_word.isra.0
132 12
-4 36
+10 24
-10 6
+10 18
+2 60
+2 15
+2 30
+8 30
+51 24
+22 12
fi=(145) /build/glibc-B3wQXB/glibc-2.31/string/../bits/stdlib-bsearch.h
28 12
-1 12
+4 24
+1 12
fe=(144)
+87 24
fi=(145)
-88 18
+1 9
fe=(144)
+87 18
+3 81
fi=(145)
-93 192
+2 120
+1 60
fe=(144)
+87 120
+15 3
255 36
fi=(145)
37 15
-8 36
fe=(144)
164 9
+3 9
-6 13
+3 4
+9 4
+23 5
-32 15
+3 15
+4 14
+2 28
+2 14
+2 10
+4 3
+2 6
+2 3
+2 3
-1 3
-1 3
+2 6
-2 3
+3 9
-2 9
+2 6
-10 6
+1 2
-15 1
+7 2
+2 4

fn=(438)
259 21
+2 3
-2 9
+5 6
+8 6
+3 6
-2 3
+2 3
-5 6
+11 15
+5 6
+2 3
+1 3
-1 3
+5 18
cfn=(440)
calls=3 132 
* 960
+2 6
+3 21
cfn=(440)
calls=3 132 
* 308
+2 6
+19 33

fl=(177) /build/glibc-B3wQXB/glibc-2.31/wctype/wctype_l.c
fn=(922) wctype_l
27 70
+7 10
-7 30
+3 10
cob=(2)
cfi=(18)
cfn=(924) 0x00000000049fa460
calls=10 -30 
* 200
+3 10
-3 10
+3 10
+1 10
+7 48
+1 96
-8 48
+2 96
cob=(2)
cfi=(18)
cfn=(924)
calls=48 -36 
* 920
* 20
cob=(2)
cfi=(18)
cfn=(924)
calls=10 -36 
* 180
* 58
+2 312
cob=(2)
cfi=(18)
cfn=(928) 0x00000000049fa590
calls=49 -38 
* 1205
* 98
+8 10
+1 10
+1 80

fl=(69)
fn=(230)
31 2
fi=(252)
+1 6
-2 10
fe=(69)
+1 2

fl=(85)
fn=(266)
31 2
fi=(86) /build/glibc-B3wQXB/glibc-2.31/wcsmbs/../sysdeps/x86_64/multiarch/ifunc-wmemset.h
+1 4
-2 2
+2 6
-2 4
+5 2
-1 2
+1 2
-1 6
fe=(85)
-3 4

fl=(235) /build/glibc-B3wQXB/glibc-2.31/termios/../sysdeps/unix/sysv/linux/tcgetattr.c
fn=(2014) tcgetattr
34 3
+4 1
-4 3
+4 5
+39 6
-39 4
+2 1

fl=(184) /build/glibc-B3wQXB/glibc-2.31/setjmp/sigjmp.c
fn=(1308) __sigjmp_save
28 3
+2 2
-1 1
+5 3

fl=(185) /build/glibc-B3wQXB/glibc-2.31/string/../sysdeps/x86_64/multiarch/memmove-vec-unaligned-erms.S
fn=(1320) __memcpy_avx_unaligned_erms
225 355570
+1 355570
+6 355570
+1 355570
+1 355204
+1 355204
+3 123
+1 123
+1 123
+1 123
+2 123
+1 123
+3 3
+1 3
+1 3
+1 3
+2 3
+1 3
+1 3
+5 3
+2 3
+1 28699
+2 3
+13 366
+1 366
+2 171
+1 171
+1 48
+1 48
+1 13
+1 13
+1 1
+1 1
+1 1
+2 1
+14 195
+1 195
+1 195
+1 195
+1 195
+4 123
+1 123
+1 123
+1 123
+1 123
+3 35
+1 35
+1 35
+1 35
+1 35
+3 12
+1 12
+1 12
+1 12
+1 12
+4 355081
+1 355081
+5 355078
+1 355078
+1 485
+1 485
+2 464
+1 464
+1 464
+1 464
+1 464
+1 464
+1 464
+1 464
+1 464
+1 464
+1 464
+1 464
+1 464
+1 464
+1 464
+1 464
+1 464
+1 464
+3 21
+1 21
+1 21
+1 21
+1 21
+1 21
+1 21
+1 21
+1 21
+1 21
+3 354593
+1 354593
+2 95175
+3 95175
+1 95175
+1 95175
+1 95175
+1 95175
+2 95175
+1 95175
+3 95175
+1 95175
+2 95175
+2 95175
+2 95175
+2 95175
+3 95175
+1 95175
+4 1187186
+1 1187186
+1 1187186
+1 1187186
+1 1187186
+1 1187186
+1 1187186
+1 1187186
+1 1187186
+1 1187186
+1 1187186
+1 1187186
+1 1187186
+2 95175
+1 95175
+1 95175
+1 95175
+2 95175
+1 95175
+1 95175
+5 259418
+1 259418
+1 259418
+1 259418
+1 259418
+2 259418
+3 259418
+1 259418
+1 259418
+1 259418
+2 259418
+2 259418
+2 259418
+3 259418
+1 259418
+4 2348427
+1 2348427
+1 2348427
+1 2348427
+1 2348427
+1 2348427
+1 2348427
+1 2348427
+1 2348427
+1 2348427
+1 2348427
+1 2348427
+1 2348427
+2 259418
+1 259418
+1 259418
+1 259418
+2 259418
+1 259418
+1 259418

fl=(237) /build/glibc-B3wQXB/glibc-2.31/libio/putc.c
fn=(2042) putc
25 6
+3 2
+1 7
+5 5

fl=(82)
fn=(258)
29 2
fi=(251)
+7 6
-2 2
+2 2
-2 4
fe=(82)
-5 2

fl=(234) /build/glibc-B3wQXB/glibc-2.31/io/../sysdeps/posix/isatty.c
fn=(2012) isatty
24 5
+3 2
cfi=(235)
cfn=(2014)
calls=1 +7 
* 23
* 2
+1 6

fl=(171) /build/glibc-B3wQXB/glibc-2.31/locale/uselocale.c
fn=(892) uselocale
30 2
+1 6
+2 4
+3 4
+1 2
+28 6
+1 6
+2 6
+4 6
+1 2

fl=(97)
fn=(290)
33 1
fi=(251)
+3 3
-2 1
+2 1
-2 2
fe=(97)
-1 1

fl=(175)
fn=(908)
37 128
+1 128
-1 128
+1 256
+2 128

fl=(240)
fn=(2076)
78 70
+1 14

fl=(149)
fn=(496) __new_exitfn
82 10
+6 20
-6 40
+11 40
-10 20
+12 20
+1 45
-1 20
-2 1
+10 1
-10 3
+13 18
+25 9
+1 18
-1 18
+7 9
+5 9
-4 9
+4 36
-5 1
+5 1
-4 1
+4 4
-18 1
-1 1
+1 1

fn=(492)
69 60
-28 30
+2 10
fi=(150)
+4 10
fe=(149)
-4 20
fi=(150)
+4 20
fe=(149)
-3 20
cfn=(496)
calls=10 +38 
* 356
+2 20
+10 10
-3 10
+5 10
-5 20
+3 10
-1 10
+1 10
+3 40
+12 50

fl=(122)
fn=(348)
29 1
fi=(123) /build/glibc-B3wQXB/glibc-2.31/debug/../sysdeps/x86_64/multiarch/ifunc-memmove.h
+16 3
-1 2
+5 2
-1 2
+12 2
+2 5
fe=(122)

fl=(74)
fn=(242)
54 2
-13 6
-2 2
+2 2
-2 4
+15 2

fl=(95)
fn=(286)
29 2
fi=(255)
+1 10
fe=(95)
-1 2

fl=(178) /build/glibc-B3wQXB/glibc-2.31/string/../sysdeps/x86_64/multiarch/strlen-avx2.S
fn=(926) __strlen_avx2
42 111
+13 111
+1 111
+1 111
+3 111
+1 111
+1 111
+3 64
+1 64
+1 64
+8 64
+4 3
+1 3
+1 3
+9 3
+4 47
+1 47
+1 47
+1 47
+2 47
+1 47
+1 47
+1 35
+6 35
+1 35
+1 35
+4 35
+1 35
+16 12
+10 12
+1 12
+1 12
+1 12
-3 3
+1 3
+1 3
+1 3
+2 9
+1 9
+1 9
+1 9
+2 5
+1 5
+1 5
+1 5
+2 2
+1 2
+1 2
+1 2
+2 1
+8 1
+1 1
+1 2
+10 1
+1 1
+1 1
+1 1
+1 1
+1 1
+1 1
+2 1
+1 1
+1 1
+1 1
335 67
+1 67
+1 67
+4 67
+1 67
+4 4
+1 4
+1 4
+1 4
+4 4
+1 4
+4 3
+1 3
+1 3
+1 3
+4 3
+1 3
+4 1
+1 1
+1 1
+1 1
+1 1
+1 1
+1 1
+1 1
+1 1
+1 1
+1 1
+1 1
+1 1
+1 1
+2 1
+1 1
+1 1
+1 1
+4 1
+1 1
-8 1
+1 1
+1 1
+1 1
+4 1
+1 1

fl=(93)
fn=(282)
29 3
fi=(254)
+3 9
-2 15
fe=(93)
-1 3

fl=(176)
fn=(910)
50 128
+2 512
+3 128

fl=(100)
fn=(296)
31 1
fi=(254)
+1 3
-2 5
fe=(100)
+1 1

fl=(232) /build/glibc-B3wQXB/glibc-2.31/libio/filedoalloc.c
fn=(2006) _IO_file_doallocate
78 9
+6 4
fi=(236)
941 3
+2 2
+1 2
fe=(232)
84 3
cfi=(230)
cfn=(2008) _IO_file_stat
calls=1 1147 
* 16
* 2
+2 4
+11 4
+4 2
cob=(2)
cfi=(18)
cfn=(2016) 0x00000000049fa310
calls=1 0 
* 348
* 1
+1 2
+2 4
cfi=(231)
cfn=(2018) _IO_setb
calls=1 329 
* 25
+1 1
+1 8
-15 1
fi=(257) /build/glibc-B3wQXB/glibc-2.31/libio/../include/sys/sysmacros.h
-44 6
fe=(232)
+44 1
-2 2
-21 1
+1 1
-1 1
+1 1
cfi=(234)
cfn=(2012)
calls=1 -45 
* 38
+1 1
+21 3

fl=(131) /build/glibc-B3wQXB/glibc-2.31/resource/../sysdeps/unix/sysv/linux/getrlimit64.c
fn=(394) getrlimit
37 2
+1 7
+1 1

fl=(143)
fn=(434)
83 1
+1 4
+1 3
+1 3
+2 1

fl=(239) /build/glibc-B3wQXB/glibc-2.31/io/../sysdeps/unix/sysv/linux/write.c
fn=(2066) write
25 1
+1 7
+1 1

fl=(91)
fn=(278)
29 1
fi=(254)
+3 3
-2 5
fe=(91)
-1 1

fl=(101)
fn=(298)
31 1
fi=(256)
+1 4
fe=(101)
-1 1

fl=(215) /build/glibc-B3wQXB/glibc-2.31/nptl/pthread_self.c
fn=(1748) pthread_self
24 1162286
+1 1162286
+1 1162286

fl=(83)
fn=(260)
29 3
fi=(63)
+16 9
-1 6
+5 6
-1 6
+12 6
+2 15
fe=(83)

fl=(186) /build/glibc-B3wQXB/glibc-2.31/string/../sysdeps/x86_64/multiarch/memchr-avx2.S
fn=(1334) __memchr_avx2
40 168
+3 168
+1 168
+2 168
+2 168
+9 168
+3 168
+1 168
+1 168
+3 30
+1 30
+1 30
+3 30
+2 14
+1 14
+6 4
+1 4
+1 4
+4 4
+2 4
+1 4
+6 138
+1 138
+1 138
+1 138
+2 138
+1 138
+1 138
+1 3
+3 3
+1 3
+2 3
+1 3
+1 3
+1 3
+8 135
+1 135
+3 135
+1 135
+3 4
+3 4
+1 4
+69 8
+1 8
+31 8
+1 8
+1 8
+1 8
+2 8
+1 7
+1 7
+2 4
+1 4
+1 4
+1 4
+1 4
+1 4
+1 4
+4 17
+2 17
+1 17
+1 17
+1 17
+1 17
+37 144
+2 144
+1 144

fl=(213) /build/glibc-B3wQXB/glibc-2.31/misc/../sysdeps/unix/sysv/linux/getpagesize.c
fn=(1738) getpagesize
27 1
+1 4
+2 1

fl=(71)
fn=(234)
33 1
fi=(63)
+12 3
-1 2
+5 2
-1 2
+12 2
+2 5
fe=(71)

fl=(189) /build/glibc-B3wQXB/glibc-2.31/stdlib/../stdlib/strtol_l.c
fn=(1588) ____strtol_l_internal
226 33
+54 11
-54 33
+19 11
-19 44
+26 22
+31 44
+9 66
+2 22
+5 22
-1 11
+6 22
+4 22
+10 22
+10 44
-82 22
434 55
+16 11
+10 33
-10 11
+10 11
+12 22
-5 55
+5 55
+1 165
-41 110
+2 220
+2 165
+28 165
+3 110
+11 22
+5 33
+1 11
+5 22
325 22
492 33
-2 22
+17 55
+18 88

fn=(1574) ____strtoul_l_internal
226 3
+54 1
-54 3
+19 1
-19 4
+26 2
+31 4
+9 6
+2 2
+5 2
-1 1
+6 2
+4 2
+10 2
+10 4
-82 1
373 3
+1 3
+60 5
+16 1
+10 3
-10 1
+10 1
+12 2
-5 2
+5 2
+1 6
-41 4
+2 6
+2 6
+28 6
+3 4
+11 2
+5 3
+1 1
+12 2
+11 5
+18 8
325 2

fl=(65)
fn=(222)
31 1
fi=(256)
+1 4
fe=(65)
-1 1

fl=(79)
fn=(252)
31 2
fi=(254)
+1 6
-2 10
fe=(79)
+1 2

fl=(92)
fn=(280)
31 1
fi=(256)
+1 4
fe=(92)
-1 1

fl=(68)
fn=(228)
31 1
fi=(254)
+1 3
-2 5
fe=(68)
+1 1

fl=(183)
fn=(1306)
30 1
+2 1
+9 1
+1 2
+1 1
+4 1
+1 1
+1 1
+1 1
+1 1
+2 2
+2 1
+1 1
+1 1
+2 2
+2 1
+5 1
+1 1
+17 1
cfi=(184)
cfn=(1308)
calls=1 -56 
* 9

fl=(230)
fn=(2008)
1147 2
+1 3
cfi=(233)
cfn=(2010)
calls=1 33 
* 11

fn=(2020) _IO_do_write@@GLIBC_2.2.5
424 2
+2 6
+1 1
-3 16
+10 2
+7 4
fi=(236)
944 2
fe=(230)
449 4
cfn=(2064) _IO_file_write@@GLIBC_2.2.5
calls=1 1174 
* 46
* 1
+1 5
+2 1
+4 1
-4 3
+1 2
+3 3
-2 1
-28 4
+1 8
+28 3

fn=(2064)
1174 7
+2 6
+5 1
cfi=(239)
cfn=(2066)
calls=1 25 
* 9
+1 2
+5 1
+1 1
-12 2
+2 1
+2 2
+1 2
+10 3
+3 9

fn=(2002) _IO_file_overflow@@GLIBC_2.2.5
732 5
+1 4
+7 3
+35 2
-32 2
+12 2
+9 4
+5 2
+2 1
-2 1
+2 1
-2 2
+2 1
+1 1
-3 4
+3 4
+16 1
-12 1
+1 1
+11 2
-12 1
cfn=(2020)
calls=1 424 
* 5
-31 2
cfi=(231)
cfn=(2004) _IO_doallocbuf
calls=1 343 
* 522
+1 6

fn=(2000)
1198 4
+7 1
-7 4
+6 6
+7 4
+17 3
+40 9
-36 1
+12 1
fi=(236)
941 3
+2 2
+1 2
fe=(230)
1244 3
cfn=(2002)
calls=1 732 
* 580
* 2
+6 2
+1 7
+2 2
+11 3
+1 4
cfi=(231)
cfn=(2022) _IO_default_xsputn
calls=1 371 
* 74
* 3

fn=(2060) _IO_file_sync@@GLIBC_2.2.5
793 40
+5 32
+1 5
+1 8
+1 16
+11 16
+4 32
-17 2
cfn=(2020)
calls=1 424 
* 110
* 3

fn=(2322) _IO_file_setbuf@@GLIBC_2.2.5
382 3
+1 1
cfi=(231)
cfn=(2324) _IO_default_setbuf
calls=1 +69 
* 70
* 2
+5 1
+2 2
-2 3
+3 2

fl=(231)
fn=(2004)
343 1
+1 2
-1 3
+3 4
+1 1
fi=(236)
941 3
+2 2
+1 2
fe=(231)
347 2
cfi=(232)
cfn=(2006)
calls=1 78 
* 496
* 2
+3 4

fn=(2306)
863 2
+3 1
-3 9
+3 1
cfn=(2308) _IO_flush_all_lockp
calls=1 686 
* 150
-80 1
+80 1
-80 9
cob=(5)
cfi=(245) /build/glibc-B3wQXB/glibc-2.31/nptl/cleanup_defer_compat.c
cfn=(2310) _pthread_cleanup_push_defer
calls=1 25 
* 17
+1 6
fi=(229)
47 2
fe=(231)
787 2
+3 1
-3 2
+3 2
fi=(236)
941 2
fe=(231)
807 1
fi=(236)
941 1
fe=(231)
807 2
+31 3
-48 9
+9 9
+2 6
+6 9
fi=(229)
47 2
fe=(231)
807 2
+8 5
+9 1
fi=(236)
943 2
+1 2
fe=(231)
824 4
cfi=(230)
cfn=(2322)
calls=1 382 
* 84
+2 3
+4 5
+1 12
+11 8
+1 8
cob=(5)
cfi=(245)
cfn=(2316) _pthread_cleanup_pop_restore
calls=1 62 
* 10
+35 12
-59 1
-2 1
+3 1
-3 1
+2 3
-12 5

fn=(2022)
371 1
+3 2
-3 7
fi=(236)
941 1
fe=(231)
371 1
fi=(236)
941 1
fe=(231)
371 1
fi=(236)
941 1
fe=(231)
371 2
+18 2
+8 1
+2 2
-20 4
+2 1
+1 2
+2 2
+20 1
-11 1
+11 7
-11 7
+2 4
-2 2
+1 2
-1 3
+1 6
-1 10

fn=(2324)
452 2
fi=(236)
941 1
fe=(231)
452 2
fi=(236)
941 1
fe=(231)
452 1
fi=(236)
941 1
fe=(231)
452 4
+1 1
fi=(236)
943 2
+1 2
fe=(231)
453 2
cfi=(230)
cfn=(2060)
calls=1 793 
* 18
* 2
+2 2
+7 1
-7 2
+11 1
+1 1
-1 3
+2 6
-11 1
+1 2
-1 1
330 4
+2 2
+5 1
-5 1
+5 1
-5 1
+5 1

fn=(2018)
329 6
+1 2
-1 2
+1 2
+5 1
-3 1
+3 4
-3 2
+2 1
+4 4

fn=(2308)
686 12
+5 11
cob=(5)
cfi=(245)
cfn=(2310)
calls=1 25 
* 17
+1 6
fi=(229)
47 2
fe=(231)
692 2
+3 1
-8 1
+5 2
+3 2
fi=(236)
941 3
fe=(231)
699 2
+10 6
+2 3
-16 9
+2 3
+1 6
+3 23
+14 8
+1 9
cob=(5)
cfi=(245)
cfn=(2316)
calls=1 62 
* 10
+4 12

fl=(75)
fn=(244)
53 3
-12 9
-2 3
+2 3
-2 6
+14 3

fl=(238) /build/glibc-B3wQXB/glibc-2.31/libio/iofflush.c
fn=(2056) fflush
32 7
+1 14
-1 28
+7 70
fi=(229)
+8 14
fe=(238)
-8 21
+1 7
fi=(236)
941 21
+2 14
+1 14
fe=(238)
40 14
cfi=(230)
cfn=(2060)
calls=7 793 
* 246
* 28
fi=(236)
884 14
+1 70
fe=(238)
44 35

fl=(210) /build/glibc-B3wQXB/glibc-2.31/posix/../sysdeps/unix/sysv/linux/x86/sysconf.c
fn=(1732) sysconf
32 10
+1 3
fi=(211) /build/glibc-B3wQXB/glibc-2.31/posix/../sysdeps/unix/sysv/linux/x86/../sysconf.c
+11 7
fe=(210)
-7 9
fi=(212) /build/glibc-B3wQXB/glibc-2.31/posix/../sysdeps/posix/sysconf.c
+17 6
215 1
cfi=(213)
cfn=(1738)
calls=1 27 
* 6
* 2
fe=(210)

fl=(153)
fn=(536)
289 5
+13 1
-8 1
+8 1
+6 4
fi=(151)
1795 3
+3 4
-3 2
+3 504
-3 252
+11 1
fe=(153)
313 2
fi=(151)
1807 1
+2 1
fe=(153)
313 3
cob=(2)
cfi=(18)
cfn=(554) 0x00000000049fa450
calls=1 0 
* 1056
+1 4
cob=(2)
cfi=(18)
cfn=(554)
calls=1 0 
* 22
+1 4
cob=(2)
cfi=(18)
cfn=(554)
calls=1 0 
* 21
+1 4
cob=(2)
cfi=(18)
cfn=(554)
calls=1 0 
* 22
+1 4
cob=(2)
cfi=(18)
cfn=(554)
calls=1 0 
* 22
+1 4
cob=(2)
cfi=(18)
cfn=(554)
calls=1 0 
* 21
+1 4
cob=(2)
cfi=(18)
cfn=(554)
calls=1 0 
* 22
+1 4
cob=(2)
cfi=(18)
cfn=(554)
calls=1 0 
* 22
+2 4
cob=(2)
cfi=(18)
cfn=(554)
calls=1 0 
* 22
+1 4
cob=(2)
cfi=(18)
cfn=(554)
calls=1 0 
* 22
+1 4
cob=(2)
cfi=(18)
cfn=(554)
calls=1 0 
* 22
+3 4
cob=(2)
cfi=(18)
cfn=(554)
calls=1 0 
* 22
+69 2
+1 2
+3 1
+1 6
-98 5
cfi=(154)
cfn=(538)
calls=1 126 
* 72770
* 2
+1 4

fl=(87)
fn=(270)
43 1
-6 5
+6 1

fl=(84)
fn=(264)
49 1
-9 3
-2 1
+2 1
-2 2
+11 1

fl=(188) /build/glibc-B3wQXB/glibc-2.31/stdlib/../stdlib/strtol.c
fn=(1586) strtol
105 11
+1 44
cfi=(189)
cfn=(1588)
calls=11 226 
* 1947

fn=(1572) strtoul
105 1
+1 4
cfi=(189)
cfn=(1574)
calls=1 226 
* 118

fl=(242)
fn=(2108)
145 4
+1 4
+18 4

ob=(8)
fl=(162)
fn=(1778) __gmp_default_reallocate
0 5384
cob=(3)
cfi=(151)
cfn=(1760)
calls=672 3131 
0 153322
cob=(1)
cfi=(129)
cfn=(382)
calls=1 67 
0 895
0 677
0 4038

fn=(1824) __gmpz_sub_ui
0 129841
cfn=(1776) __gmpz_realloc
calls=66 0 
0 11484
0 25216

fn=(1852) __gmpz_gcd
0 11836142
cfn=(1854) __gmpn_rshift
calls=103683 0 
0 3714949
0 5249822
cfn=(1854)
calls=71018 0 
0 2105546
0 2645528
cfn=(1856) __gmpn_gcd
calls=23951 0 
0 22251830
0 2087858
cfn=(1860) __gmpn_lshift
calls=61480 0 
0 1501284
0 786526
cfn=(1794) __gmpn_gcd_1
calls=1515 0 
0 348999
0 754575
cfn=(1666) __gmpn_copyi
calls=83505 0 
0 1042332
0 601274
cfn=(1666)
calls=73967 0 
0 1073536
0 502378
cfn=(1666)
calls=41302 0 
0 635404
0 1050876
cfn=(1856)
calls=121034 0 
0 154616179
0 509282
cfn=(1794)
calls=2794 0 
0 1002707
0 875498

fn=(1872) __gmpn_bdiv_q
0 2565585
cfn=(1666)
calls=171039 0 
0 2221360
0 5131170
cfn=(1874) __gmpn_sbpi1_bdiv_q
calls=171039 0 
0 10800282

fn=(1904) __gmpz_ui_sub
0 123154
cfn=(1776)
calls=1 0 
0 174
0 35786
cfn=(1776)
calls=12 0 
0 2633
0 24

fn=(1918) __gmpz_add
0 2712353
cfn=(1820) __gmpn_add_n
calls=38047 0 
0 703755
0 85024
cfn=(1784) __gmpn_sub_n
calls=415 0 
0 6667
0 112862
cfn=(1784)
calls=8540 0 
0 153635
0 42784
cfn=(1776)
calls=21 0 
0 5593
0 8690
cfn=(1784)
calls=11 0 
0 188
0 267

fn=(1946) 0x000000000003bda0
0 78384
cfn=(1666)
calls=9798 0 
0 156768
0 48990

fn=(2206)
0 9
cob=(2)
cfi=(18)
cfn=(2212) 0x0000000004bd4220
calls=1 0 
0 142
0 1
cfn=(2216) 0x000000000000a240
calls=1 0 
0 5
0 3

fn=(1644) __gmpq_get_d
0 43056
cob=(3)
cfi=(194)
cfn=(1620)
calls=666 167 
0 7992
cob=(1)
cfi=(129)
cfn=(382)
calls=1 67 
0 774
0 671
0 4002
cfn=(1666)
calls=667 0 
0 8532
0 6003
cfn=(1668) __gmpn_div_q
calls=667 0 
0 193764
0 5336
cfn=(1674) __gmpn_get_d
calls=667 0 
0 32683
0 9637

fn=(1656) __gmp_default_free
0 2116
cob=(3)
cfi=(151)
cfn=(1346)
calls=1057 3087 
0 86674
cob=(1)
cfi=(129)
cfn=(382)
calls=1 67 
0 838
0 1062

fn=(1670) __gmpn_divrem_1
0 158858
cfn=(1672) __gmpn_invert_limb
calls=2926 0 
0 117040
0 237069
cfn=(1672)
calls=4542 0 
0 181680
0 5885
cfn=(1672)
calls=535 0 
0 21400
0 380558

fn=(1806) __gmpz_divexact_ui
0 6477225
cfn=(1808) __gmpn_divexact_1
calls=231327 0 
0 12102851
0 12
cfn=(1808)
calls=3 0 
0 186
0 3701289
cfn=(1776)
calls=3 0 
0 522
0 9

fn=(1634) __gmp_default_allocate
0 20488
cob=(3)
cfi=(151)
cfn=(530)
calls=5121 3023 
0 828543
cob=(1)
cfi=(129)
cfn=(382)
calls=1 67 
0 974
0 5126
0 20488

fn=(1654) __gmpz_clear
0 8464
cfn=(1656)
calls=1058 0 
0 90690

fn=(1866) __gmpz_divexact
0 7449467
cfn=(1868) __gmpn_divexact
calls=122485 0 
0 35826848
0 211168
cfn=(1868)
calls=52792 0 
0 15309569
0 1660259
cfn=(1666)
calls=52790 0 
0 641664
0 4561348
cfn=(1776)
calls=2 0 
0 771
0 8

fn=(1894) __gmpn_submul_1
0 3315269

fn=(1934) __gmpz_set_ui
0 52016

fn=(1752) __gmpz_init2
0 65024
cfn=(1634)
calls=4064 0 
0 824809
0 28448

fn=(1776)
0 12114
cfn=(1778)
calls=673 0 
0 164316
0 9422

fn=(1796) __gmpn_modexact_1_odd
0 7395949

fn=(1808)
0 12308526

fn=(1820)
0 1441645

fn=(1854)
0 13233816

fn=(1868)
0 8072845
cfn=(1854)
calls=116208 0 
0 3377804
0 2788992
cfn=(1854)
calls=116208 0 
0 3830197
0 929664
cfn=(1870) __gmpn_bdiv_q_itch
calls=116208 0 
0 581040
0 274155
cfn=(1870)
calls=54831 0 
0 274155
0 3933897
cfn=(1872)
calls=171039 0 
0 20718397
0 4183699
cfn=(1878) __gmpn_com
calls=67728 0 
0 1188771
0 422520
cfn=(1808)
calls=4238 0 
0 205489
0 354792

fn=(1870)
0 855195

fn=(708)
0 12

fn=(1632) __gmpz_init_set_si
0 10580
cfn=(1634)
calls=1058 0 
0 50810
0 12696

fn=(1674)
0 32683

fn=(1784)
0 1781958

fn=(1828) __gmpz_mul_si
0 9368003
cfn=(1830) __gmpn_mul_1
calls=275312 0 
0 9669312
0 1020
cfn=(1830)
calls=255 0 
0 9729
0 5787672
cfn=(1776)
calls=255 0 
0 65168
0 765

fn=(1830)
0 12677712

fn=(1878)
0 1188771

fn=(1892) __gmpn_sbpi1_div_qr
0 1272984
cfn=(1894)
calls=20532 0 
0 369576
0 425028

fn=(1896) __gmpn_hgcd2
0 52638123

fn=(1914) __gmpz_add_ui
0 95603
cfn=(1776)
calls=13 0 
0 4598
0 20848

fn=(1858) __gmpn_tdiv_qr
0 2853060
cfn=(1860)
calls=7325 0 
0 158878
0 351600
cfn=(1860)
calls=7325 0 
0 240071
0 429746
cfn=(1666)
calls=3817 0 
0 61072
0 29958
cfn=(1820)
calls=5 0 
0 95
0 3293851
cfn=(1860)
calls=70068 0 
0 2266425
0 770748
cfn=(1862) __gmpn_divrem_2
calls=70068 0 
0 11814310
0 1436009
cfn=(1670)
calls=7497 0 
0 1015458
0 1028488
cfn=(1666)
calls=130 0 
0 2496
0 910
cfn=(1862)
calls=130 0 
0 20485
0 233476
cfn=(1860)
calls=6844 0 
0 184788
0 177944
cfn=(1860)
calls=6844 0 
0 338016
0 47908
cfn=(1672)
calls=6844 0 
0 273760
0 188512
cfn=(1854)
calls=6844 0 
0 205320
0 33545
cfn=(1820)
calls=195 0 
0 2325
0 1644
cfn=(1860)
calls=54 0 
0 1415
0 918
cfn=(1894)
calls=54 0 
0 1093
0 53724
cfn=(1784)
calls=3508 0 
0 38588
0 56128
cfn=(1666)
calls=3508 0 
0 42096
0 21048
cfn=(1784)
calls=3508 0 
0 38588
0 60572
cfn=(1888) __gmpn_mul
calls=3508 0 
0 249068
0 94872
cfn=(1892)
calls=6844 0 
0 2067588
0 37380
cfn=(1862)
calls=3817 0 
0 627417
0 69619
cfn=(1860)
calls=7271 0 
0 157861
0 109065
cfn=(1894)
calls=7271 0 
0 172744
0 99094

fn=(1860)
0 4860523

fn=(1862)
0 1779648
cfn=(1672)
calls=74044 0 
0 2961760
0 7726578

fn=(1890) __gmpn_mul_basecase
0 2539244

fn=(1666)
0 8051316

fn=(1672)
0 3560920

fn=(1720) __gmpn_gcd_11
0 67835832

fn=(1774) __gmpz_sub
0 5953879
cfn=(1820)
calls=34586 0 
0 735470
0 89538
cfn=(1784)
calls=2078 0 
0 45902
0 914781
cfn=(1784)
calls=60793 0 
0 1216729
0 306329
cfn=(1776)
calls=91 0 
0 19839
0 141707
cfn=(1784)
calls=13427 0 
0 281661
0 123760

fn=(1888)
0 826852
cfn=(1890)
calls=31802 0 
0 2539244
0 381624

fn=(1900) __gmpn_gcd_22
0 36930982
cfn=(1720)
calls=60014 0 
0 29482181
0 56650

fn=(2216)
0 5

fn=(1794)
0 4401006
cfn=(1720)
calls=61367 0 
0 11110183
0 9286
cfn=(1720)
calls=4643 0 
0 1035912
0 1426984
cfn=(1796)
calls=161482 0 
0 7395949
0 473258

fn=(1838) __gmpz_set
0 1945646
cfn=(1666)
calls=102378 0 
0 1365728
0 58
cfn=(1666)
calls=29 0 
0 464
0 614529
cfn=(1776)
calls=29 0 
0 5046
0 87

fn=(1844) __gmpz_cmp
0 2102890

fn=(1898) __gmpn_matrix22_mul1_inverse_vector
0 614912
cfn=(1830)
calls=38432 0 
0 1498848
0 192160
cfn=(1894)
calls=38432 0 
0 1383552
0 192160
cfn=(1830)
calls=38432 0 
0 1498848
0 192160
cfn=(1894)
calls=38432 0 
0 1383552
0 461184

fn=(1944) __gmpn_gcd_subdiv_step
0 578082
cfn=(1946)
calls=9798 0 
0 284142
0 19596

fn=(1958) __gmpz_sizeinbase
0 55008

fn=(1962) __gmpn_sbpi1_div_q
0 15312
cfn=(1894)
calls=132 0 
0 2376
0 12540
cfn=(1894)
calls=132 0 
0 2376
0 12408

fn=(1668)
0 17917
cfn=(1860)
calls=161 0 
0 7467
0 5152
cfn=(1860)
calls=161 0 
0 4318
0 9417
cfn=(1672)
calls=132 0 
0 5280
0 3282
cfn=(1962)
calls=132 0 
0 45012
0 2156
cfn=(1670)
calls=506 0 
0 87032
0 680
cfn=(1862)
calls=29 0 
0 5774
0 277

fn=(1856)
0 9140469
cfn=(1898)
calls=38432 0 
0 7417376
0 1964576
cfn=(1896)
calls=48148 0 
0 52525134
0 246
cfn=(1896)
calls=82 0 
0 112989
0 184642
cfn=(1944)
calls=9798 0 
0 881820
0 1514188
cfn=(1900)
calls=28210 0 
0 31281983
0 160176
cfn=(1900)
calls=40044 0 
0 35187830
0 1782332
cfn=(1858)
calls=91864 0 
0 31459776
0 1359969
cfn=(1666)
calls=64806 0 
0 799864
0 430217
cfn=(1720)
calls=2127 0 
0 655914
0 8508

fn=(1874)
0 2847623
cfn=(1876) __gmpn_addmul_1
calls=2822 0 
0 81838
0 67728
cfn=(1876)
calls=2822 0 
0 81838
0 222776
cfn=(1876)
calls=27847 0 
0 817580
0 1706661
cfn=(1876)
calls=67728 0 
0 2025236
0 87320
cfn=(1876)
calls=8732 0 
0 253228
0 2608454

fn=(1876)
0 3259720

fn=(1940) __gmpn_sqr
0 26708
cfn=(1942) __gmpn_sqr_basecase
calls=1214 0 
0 69198
0 1214

fn=(1942)
0 69198

ob=(2)
fl=(18)
fn=(526) 0x0000000004d69ef0
0 1498070
cob=(3)
cfi=(151)
cfn=(530)
calls=749034 3023 
0 99279300
cob=(1)
cfi=(129)
cfn=(382)
calls=1 67 
0 76382
0 5

fn=(876) 0x0000000004d698a0
0 2
cob=(1)
cfi=(129)
cfn=(383)
calls=1 67 
0 27674
0 5

fn=(882) 0x0000000004d6a7b0
0 2
cob=(1)
cfi=(129)
cfn=(383)
calls=1 67 
0 26720
0 5

fn=(928)
0 98
cob=(3)
cfi=(179)
cfn=(930)
calls=49 59 
0 1107

fn=(956) 0x0000000004d6bf80
0 2
cob=(1)
cfi=(129)
cfn=(383)
calls=1 67 
0 2743
0 5

fn=(1044) 0x0000000004d6d080
0 2
cob=(1)
cfi=(129)
cfn=(383)
calls=1 67 
0 986
0 5

fn=(1182) 0x0000000004d6b5e0
0 22
cob=(7)
cfi=(148)
cfn=(1186) std::locale::operator=(std::locale const&)
calls=10 0 
0 170
cob=(1)
cfi=(129)
cfn=(383)
calls=1 67 
0 932
0 5

fn=(1194) 0x0000000004d6c4c0
0 14
cob=(7)
cfi=(148)
cfn=(1198) std::basic_ios<char, std::char_traits<char> >::_M_cache_locale(std::locale const&)
calls=6 0 
0 5214
cob=(1)
cfi=(129)
cfn=(383)
calls=1 67 
0 12218
0 5

fn=(1236) 0x0000000004d697e0
0 14
cob=(7)
cfi=(148)
cfn=(1240) std::num_put<char, std::ostreambuf_iterator<char, std::char_traits<char> > > const& std::use_facet<std::num_put<char, std::ostreambuf_iterator<char, std::char_traits<char> > > >(std::locale const&)
calls=6 0 
0 714
cob=(1)
cfi=(129)
cfn=(383)
calls=1 67 
0 1646
0 5

fn=(1266) 0x0000000004d6a050
0 8
cob=(7)
cfi=(148)
cfn=(1270) bool std::has_facet<std::ctype<wchar_t> >(std::locale const&)
calls=3 0 
0 363
cob=(1)
cfi=(129)
cfn=(383)
calls=1 67 
0 1207
0 5

fn=(1296) 0x0000000004d6c8b0
0 8
cob=(7)
cfi=(148)
cfn=(1300) std::num_get<wchar_t, std::istreambuf_iterator<wchar_t, std::char_traits<wchar_t> > > const& std::use_facet<std::num_get<wchar_t, std::istreambuf_iterator<wchar_t, std::char_traits<wchar_t> > > >(std::locale const&)
calls=3 0 
0 357
cob=(1)
cfi=(129)
cfn=(383)
calls=1 67 
0 1670
0 5

fn=(1332) 0x000000000012d7b0
0 24
cob=(3)
cfi=(186)
cfn=(1334)
calls=12 40 
0 225

fn=(1388) 0x0000000004d6cdc0
0 370
cob=(3)
cfi=(185)
cfn=(1320)
calls=184 225 
0 2348
cob=(1)
cfi=(129)
cfn=(382)
calls=1 67 
0 772
0 5

fn=(1486) 0x0000000004d6bd20
0 2
cob=(1)
cfi=(129)
cfn=(382)
calls=1 67 
0 3242
0 5

fn=(1570) 0x000000000012dad0
0 2
cob=(3)
cfi=(188)
cfn=(1572)
calls=1 105 
0 123

fn=(1686) 0x000000000012df20
0 710126
cob=(3)
cfi=(185)
cfn=(1320)
calls=355063 225 
0 58127946

fn=(1768)
0 534
cob=(3)
cfi=(185)
cfn=(1320)
calls=267 225 
0 32234

fn=(44)
0 110
cob=(1)
cfi=(19)
cfn=(46)
calls=55 49 
0 1499

fn=(1956) 0x000000000012de20
0 4584
cob=(8)
cfi=(162)
cfn=(1958)
calls=2292 0 
0 55008

fn=(1982) 0x0000000004d6c9d0
0 2
cob=(1)
cfi=(129)
cfn=(382)
calls=1 67 
0 3398
0 5

fn=(2026) 0x000000000012ce90
0 2
cob=(7)
cfi=(148)
cfn=(2028) std::basic_ostream<char, std::char_traits<char> >& std::endl<char, std::char_traits<char> >(std::basic_ostream<char, std::char_traits<char> >&)
calls=1 0 
0 3569

fn=(2038) 0x0000000004d6b770
0 2
cob=(1)
cfi=(129)
cfn=(383)
calls=1 67 
0 774
0 5

fn=(2044) 0x0000000004d6b510
0 8
cob=(7)
cfi=(148)
cfn=(2048) std::ostream::flush()
calls=3 0 
0 273
cob=(1)
cfi=(129)
cfn=(382)
calls=1 67 
0 1840
0 5

fn=(2186)
0 4

fn=(2286)
0 4

fn=(110)
0 44
cob=(1)
cfi=(36)
cfn=(112)
calls=22 175 
0 50885

fn=(714)
0 6

fn=(768) 0x0000000004d6a5e0
0 54
cob=(5)
cfi=(167) /build/glibc-B3wQXB/glibc-2.31/nptl/pthread_once.c
cfn=(772) pthread_once
calls=26 136 
0 156
cob=(1)
cfi=(129)
cfn=(383)
calls=1 67 
0 83819
0 5

fn=(769) 0x0000000004d6a5e0'2
0 28
cob=(5)
cfi=(167)
cfn=(773) pthread_once'2
calls=14 136 
0 2408

fn=(786) 0x0000000004d6a0b0
0 14
cob=(7)
cfi=(148)
cfn=(790) std::locale::facet::_S_get_c_name()
calls=6 0 
0 18
cob=(1)
cfi=(129)
cfn=(383)
calls=1 67 
0 1062
0 5

fn=(798) 0x0000000004d6bf90
0 28
cob=(7)
cfi=(148)
cfn=(802) std::locale::facet::_S_get_c_locale()
calls=13 0 
0 247
cob=(1)
cfi=(129)
cfn=(383)
calls=1 67 
0 3451
0 5

fn=(822) 0x0000000004d6ada0
0 64
cob=(7)
cfi=(148)
cfn=(826) std::locale::_Impl::_M_install_facet(std::locale::id const*, std::locale::facet const*)
calls=31 0 
0 12307
cob=(1)
cfi=(129)
cfn=(383)
calls=1 67 
0 2636
0 5

fn=(840) 0x0000000004d6c270
0 2
cob=(1)
cfi=(129)
cfn=(383)
calls=1 67 
0 1808
0 5

fn=(932) 0x0000000004d6a260
0 2
cob=(1)
cfi=(129)
cfn=(383)
calls=1 67 
0 1089
0 5

fn=(968) 0x0000000004d699b0
0 2
cob=(1)
cfi=(129)
cfn=(383)
calls=1 67 
0 1109
0 5

fn=(1254) 0x0000000004d6b760
0 8
cob=(7)
cfi=(148)
cfn=(1258) std::basic_ios<wchar_t, std::char_traits<wchar_t> >::init(std::basic_streambuf<wchar_t, std::char_traits<wchar_t> >*)
calls=3 0 
0 2652
cob=(1)
cfi=(129)
cfn=(382)
calls=1 67 
0 11948
0 5

fn=(1426) 0x0000000004d6cef0
0 6
cob=(7)
cfi=(148)
cfn=(1430) std::ostream::sentry::sentry(std::ostream&)
calls=2 0 
0 42
cob=(1)
cfi=(129)
cfn=(383)
calls=1 67 
0 950
0 5

fn=(1438) 0x0000000004d6c1b0
0 2
cob=(1)
cfi=(129)
cfn=(383)
calls=1 67 
0 802
0 5

fn=(1520) 0x000000000012da50
0 56
cob=(7)
cfi=(148)
cfn=(1522) std::__cxx11::basic_string<char, std::char_traits<char>, std::allocator<char> >::find(char, unsigned long) const
calls=28 0 
0 1386

fn=(1678) 0x000000000012d9b0
0 16777962
cob=(6)
cfi=(146)
cfn=(1680)
calls=8388981 0 
0 176168601

fn=(1718) 0x000000000012cb90
0 251686
cob=(8)
cfi=(162)
cfn=(1720)
calls=125843 0 
0 25551642

fn=(1750) 0x000000000012cbe0
0 8128
cob=(8)
cfi=(162)
cfn=(1752)
calls=4064 0 
0 918281

fn=(1772) 0x000000000012d320
0 221768
cob=(8)
cfi=(162)
cfn=(1774)
calls=110884 0 
0 9829595

fn=(1932) 0x000000000012d900
0 6502
cob=(8)
cfi=(162)
cfn=(1934)
calls=3251 0 
0 52016

fn=(2158) 0x0000000004831040
0 2
cob=(3)
cfi=(244)
cfn=(2132)
calls=1 30 
0 141

fn=(368)
0 3
cob=(5)
cfi=(126) /build/glibc-B3wQXB/glibc-2.31/nptl/nptl-init.c
cfn=(370) __pthread_initialize_minimal
calls=1 244 
0 4623
0 2

fn=(376) 0x000000000486ca30
0 2
cob=(1)
cfi=(129)
cfn=(382)
calls=1 67 
0 1127
0 5

fn=(396) 0x000000000486c940
0 2
cob=(1)
cfi=(129)
cfn=(382)
calls=1 67 
0 1261
0 5

fn=(894) 0x0000000004d6ad10
0 256
cob=(3)
cfi=(172)
cfn=(898)
calls=127 31 
0 2794
cob=(1)
cfi=(129)
cfn=(383)
calls=1 67 
0 770
0 5

fn=(924)
0 136
cob=(3)
cfi=(178)
cfn=(926)
calls=68 42 
0 1164

fn=(938) 0x0000000004d69980
0 2
cob=(1)
cfi=(129)
cfn=(383)
calls=1 67 
0 1727
0 5

fn=(1094) 0x0000000004d6be30
0 2
cob=(1)
cfi=(129)
cfn=(383)
calls=1 67 
0 1501
0 5

fn=(1126) 0x0000000004d6b860
0 2
cob=(1)
cfi=(129)
cfn=(383)
calls=1 67 
0 986
0 5

fn=(1154) 0x0000000004d694d0
0 2
cob=(1)
cfi=(129)
cfn=(383)
calls=1 67 
0 973
0 5

fn=(1176) 0x0000000004d6c300
0 22
cob=(7)
cfi=(148)
cfn=(1180) std::ios_base::_M_init()
calls=10 0 
0 940
cob=(1)
cfi=(129)
cfn=(383)
calls=1 67 
0 2899
0 5

fn=(1318) 0x000000000012d430
0 110
cob=(3)
cfi=(185)
cfn=(1320)
calls=55 225 
0 863

fn=(1512) 0x000000000012dd90
0 4
cob=(7)
cfi=(148)
cfn=(1514) std::__cxx11::basic_string<char, std::char_traits<char>, std::allocator<char> >::find_first_of(char const*, unsigned long, unsigned long) const
calls=2 0 
0 5292

fn=(1556) 0x000000000012d690
0 26
cob=(7)
cfi=(148)
cfn=(1558) std::__cxx11::basic_string<char, std::char_traits<char>, std::allocator<char> >::substr(unsigned long, unsigned long) const
calls=13 0 
0 4200

fn=(1576) 0x0000000004d6b480
0 4
cob=(7)
cfi=(148)
cfn=(1398) std::__cxx11::basic_string<char, std::char_traits<char>, std::allocator<char> >::_M_create(unsigned long&, unsigned long)
calls=1 0 
0 73
cob=(1)
cfi=(129)
cfn=(382)
calls=1 67 
0 1437
0 5

fn=(1642) 0x000000000012cd70
0 1380
cob=(8)
cfi=(162)
cfn=(1644)
calls=690 0 
0 312450

fn=(1826) 0x000000000012d4d0
0 551134
cob=(8)
cfi=(162)
cfn=(1828)
calls=275567 0 
0 24901669

fn=(2114) 0x0000000004d6c530
0 6
cob=(7)
cfi=(148)
cfn=(2118) std::basic_ostream<wchar_t, std::char_traits<wchar_t> >::flush()
calls=2 0 
0 182
cob=(1)
cfi=(129)
cfn=(382)
calls=1 67 
0 1275
0 5

fn=(2130) 0x000000000012ca10
0 2
cob=(3)
cfi=(244)
cfn=(2132)
calls=1 30 
0 141

fn=(2212)
0 1
cob=(3)
cfi=(244)
cfn=(2132)
calls=1 30 
0 141

fn=(2252) 0x0000000004d6afe0
0 4
cob=(7)
cfi=(148)
cfn=(2256) std::error_category::~error_category()
calls=1 0 
0 2
cob=(1)
cfi=(129)
cfn=(382)
calls=1 67 
0 979
0 5

fn=(2304)
0 4

fn=(410) 0x000000000486ca10
0 12
cob=(1)
cfi=(8)
cfn=(26)
calls=5 368 
0 95
cob=(1)
cfi=(129)
cfn=(382)
calls=1 67 
0 1091
0 5

fn=(864) 0x0000000004d6ba80
0 2
cob=(1)
cfi=(129)
cfn=(383)
calls=1 67 
0 1485
0 5

fn=(888) 0x0000000004d6bbb0
0 4
cob=(3)
cfi=(171)
cfn=(892)
calls=1 30 
0 22
cob=(1)
cfi=(129)
cfn=(383)
calls=1 67 
0 786
0 5

fn=(1170) 0x0000000004d6c250
0 14
cob=(7)
cfi=(148)
cfn=(1174) std::basic_ios<char, std::char_traits<char> >::init(std::basic_streambuf<char, std::char_traits<char> >*)
calls=6 0 
0 5940
cob=(1)
cfi=(129)
cfn=(382)
calls=1 67 
0 16549
0 5

fn=(1200) 0x0000000004d6cf10
0 14
cob=(7)
cfi=(148)
cfn=(1204) bool std::has_facet<std::ctype<char> >(std::locale const&)
calls=6 0 
0 1044
cob=(1)
cfi=(129)
cfn=(383)
calls=1 67 
0 2923
0 5

fn=(1222) 0x0000000004d693a0
0 14
cob=(7)
cfi=(148)
cfn=(1226) std::ctype<char> const& std::use_facet<std::ctype<char> >(std::locale const&)
calls=6 0 
0 1032
cob=(1)
cfi=(129)
cfn=(383)
calls=1 67 
0 1292
0 5

fn=(1272) 0x0000000004d69320
0 8
cob=(7)
cfi=(148)
cfn=(1276) std::ctype<wchar_t> const& std::use_facet<std::ctype<wchar_t> >(std::locale const&)
calls=3 0 
0 357
cob=(1)
cfi=(129)
cfn=(383)
calls=1 67 
0 1232
0 5

fn=(1342) 0x0000000004d6a960
0 1498068
cob=(3)
cfi=(151)
cfn=(1346)
calls=749033 3087 
0 75527018
cob=(1)
cfi=(129)
cfn=(382)
calls=1 67 
0 833
0 5

fn=(1368) 0x000000000012cb20
0 38
cob=(7)
cfi=(148)
cfn=(1370) std::_Rb_tree_insert_and_rebalance(bool, std::_Rb_tree_node_base*, std::_Rb_tree_node_base*, std::_Rb_tree_node_base&)
calls=19 0 
0 768

fn=(1406) 0x000000000012d6b0
0 28
cob=(7)
cfi=(148)
cfn=(1408) std::_Rb_tree_decrement(std::_Rb_tree_node_base*)
calls=14 0 
0 230

fn=(1412) 0x000000000012d240
0 2
cob=(7)
cfi=(148)
cfn=(1414) std::__cxx11::basic_stringstream<char, std::char_traits<char>, std::allocator<char> >::basic_stringstream()
calls=1 0 
0 3183

fn=(1416) 0x000000000012e070
0 2
cob=(7)
cfi=(148)
cfn=(1418) std::ostream::operator<<(int)
calls=1 0 
0 8315

fn=(1444) 0x0000000004d6b810
0 2
cob=(1)
cfi=(129)
cfn=(383)
calls=1 67 
0 3361
0 5

fn=(1476) 0x0000000004d692f0
0 2
cob=(1)
cfi=(129)
cfn=(382)
calls=1 67 
0 1487
0 5

fn=(1652) 0x000000000012d560
0 2116
cob=(8)
cfi=(162)
cfn=(1654)
calls=1058 0 
0 99154

fn=(1744) 0x000000000012dac0
0 4
cob=(3)
cfi=(151)
cfn=(530)
calls=2 3023 
0 646

fn=(1746) 0x000000000012d470
0 2324572
cob=(3)
cfi=(215)
cfn=(1748)
calls=1162286 24 
0 3486858

fn=(1864) 0x000000000012e1d0
0 350554
cob=(8)
cfi=(162)
cfn=(1866)
calls=175277 0 
0 65661102

fn=(1950) 0x000000000012ddf0
0 322
cob=(7)
cfi=(148)
cfn=(1480) std::__cxx11::basic_string<char, std::char_traits<char>, std::allocator<char> >::_M_replace(unsigned long, unsigned long, char const*, unsigned long)
calls=161 0 
0 13455

fn=(1976) 0x000000000012d1d0
0 2
cob=(7)
cfi=(148)
cfn=(1978) std::ostream& std::ostream::_M_insert<unsigned long>(unsigned long)
calls=1 0 
0 3500

fn=(2030) 0x0000000004d69de0
0 2
cob=(1)
cfi=(129)
cfn=(382)
calls=1 67 
0 1695
0 5

fn=(2052) 0x0000000004d6d040
0 14
cob=(3)
cfi=(238)
cfn=(2056)
calls=6 32 
0 426
cob=(1)
cfi=(129)
cfn=(383)
calls=1 67 
0 931
0 5

fn=(2096) 0x000000000012d680
0 2
cob=(7)
cfi=(148)
cfn=(2098) operator delete(void*, unsigned long)
calls=1 0 
0 912

fn=(2176) 0x000000000486c580
0 2
cob=(3)
cfi=(244)
cfn=(2132)
calls=1 30 
0 141

fn=(2276)
0 2
cob=(3)
cfi=(244)
cfn=(2132)
calls=1 30 
0 141

fn=(456)
0 7

fn=(466)
0 7

fn=(488) 0x0000000004d6a2d0
0 16
cob=(3)
cfi=(149)
cfn=(492)
calls=7 69 
0 504
cob=(1)
cfi=(129)
cfn=(382)
calls=1 67 
0 878
0 5

fn=(742) 0x000000000012b000
0 7

fn=(780) 0x0000000004d6a0e0
0 2
cob=(1)
cfi=(129)
cfn=(383)
calls=1 67 
0 82114
0 5

fn=(834) 0x0000000004d6a6d0
0 2
cob=(1)
cfi=(129)
cfn=(383)
calls=1 67 
0 1089
0 5

fn=(870) 0x0000000004d693b0
0 2
cob=(1)
cfi=(129)
cfn=(383)
calls=1 67 
0 1064
0 5

fn=(912) 0x0000000004d6ac00
0 24
cob=(7)
cfi=(148)
cfn=(916) std::ctype<wchar_t>::_M_convert_to_wmask(unsigned short) const
calls=11 0 
0 3600
cob=(1)
cfi=(129)
cfn=(383)
calls=1 67 
0 2007
0 5

fn=(918) 0x0000000004d6a240
0 20
cob=(3)
cfi=(177)
cfn=(922)
calls=9 27 
0 3445
cob=(1)
cfi=(129)
cfn=(383)
calls=1 67 
0 897
0 5

fn=(998) 0x0000000004d69760
0 2
cob=(1)
cfi=(129)
cfn=(383)
calls=1 67 
0 1566
0 5

fn=(1206) 0x0000000004d6bec0
0 132
cob=(7)
cfi=(148)
cfn=(1210) __dynamic_cast
calls=65 0 
0 6474
cob=(1)
cfi=(129)
cfn=(383)
calls=1 67 
0 1777
0 5

fn=(1338) 0x000000000012d570
0 1498066
cob=(7)
cfi=(148)
cfn=(1340) operator delete(void*)
calls=749033 0 
0 78523886

fn=(1396) 0x000000000012e180
0 32
cob=(7)
cfi=(148)
cfn=(1398)
calls=16 0 
0 3990

fn=(1822) 0x000000000012cc80
0 3894
cob=(8)
cfi=(162)
cfn=(1824)
calls=1947 0 
0 166541

fn=(2230) 0x0000000004d69060
0 2
cob=(3)
cfi=(244)
cfn=(2132)
calls=1 30 
0 2370

fn=(40)
0 46
cob=(1)
cfi=(19)
cfn=(42)
calls=23 92 
0 913

fn=(510) 0x0000000004d6b7e0
0 2
cob=(1)
cfi=(129)
cfn=(383)
calls=1 67 
0 979
0 5

fn=(516) 0x0000000004d6a010
0 2
cob=(1)
cfi=(129)
cfn=(383)
calls=1 67 
0 915
0 5

fn=(704)
0 7

fn=(758) 0x0000000004d6a5a0
0 54
cob=(7)
cfi=(148)
cfn=(762) std::locale::locale()
calls=26 0 
0 962
cob=(1)
cfi=(129)
cfn=(382)
calls=1 67 
0 84743
0 5

fn=(846) 0x0000000004d6ab20
0 2
cob=(1)
cfi=(129)
cfn=(383)
calls=1 67 
0 1644
0 5

fn=(852) 0x0000000004d6c0d0
0 2
cob=(1)
cfi=(129)
cfn=(383)
calls=1 67 
0 1607
0 5

fn=(900) 0x0000000004d6c720
0 512
cob=(3)
cfi=(173)
cfn=(904)
calls=255 33 
0 11365
cob=(1)
cfi=(129)
cfn=(383)
calls=1 67 
0 758
0 5

fn=(976) 0x0000000004d6a400
0 2
cob=(1)
cfi=(129)
cfn=(383)
calls=1 67 
0 1690
0 5

fn=(1012) 0x0000000004d6cbb0
0 2
cob=(1)
cfi=(129)
cfn=(383)
calls=1 67 
0 1513
0 5

fn=(1080) 0x0000000004d6b390
0 2
cob=(1)
cfi=(129)
cfn=(383)
calls=1 67 
0 1525
0 5

fn=(1214) 0x0000000004d6bd00
0 28
cob=(3)
cfi=(181)
cfn=(1220)
calls=13 79 
0 273
cob=(1)
cfi=(129)
cfn=(383)
calls=1 67 
0 781
0 5

fn=(1242) 0x0000000004d692c0
0 14
cob=(7)
cfi=(148)
cfn=(1246) bool std::has_facet<std::num_get<char, std::istreambuf_iterator<char, std::char_traits<char> > > >(std::locale const&)
calls=6 0 
0 726
cob=(1)
cfi=(129)
cfn=(383)
calls=1 67 
0 1621
0 5

fn=(1302) 0x000000000012d460
0 2
cob=(3)
cfi=(149)
cfn=(492)
calls=1 69 
0 72

fn=(1492) 0x0000000004d6b180
0 2
cob=(1)
cfi=(129)
cfn=(383)
calls=1 67 
0 1204
0 5

fn=(1498) 0x0000000004d695b0
0 2
cob=(1)
cfi=(129)
cfn=(383)
calls=1 67 
0 1091
0 5

fn=(1534) 0x000000000012d220
0 38
cob=(7)
cfi=(148)
cfn=(1536) std::_Rb_tree_increment(std::_Rb_tree_node_base*)
calls=19 0 
0 274

fn=(1566) 0x000000000012ca50
0 24
cob=(5)
cfi=(187) /build/glibc-B3wQXB/glibc-2.31/nptl/../csu/errno-loc.c
cfn=(1568) __errno_location
calls=12 25 
0 48

fn=(1630) 0x000000000012dcb0
0 2116
cob=(8)
cfi=(162)
cfn=(1632)
calls=1058 0 
0 74086

fn=(1792) 0x000000000012d210
0 334094
cob=(8)
cfi=(162)
cfn=(1794)
calls=167047 0 
0 24500872

fn=(1886) 0x000000000012dc30
0 56588
cob=(8)
cfi=(162)
cfn=(1888)
calls=28294 0 
0 3498652

fn=(1992) 0x0000000004d6c8d0
0 2
cob=(1)
cfi=(129)
cfn=(383)
calls=1 67 
0 1540
0 5

fn=(2016)
0 2
cob=(3)
cfi=(151)
cfn=(530)
calls=1 3023 
0 346

fn=(2204)
0 3

fn=(2294)
0 2
cob=(3)
cfi=(244)
cfn=(2132)
calls=1 30 
0 141

fn=(390) 0x000000000486c5d0
0 2
cob=(1)
cfi=(129)
cfn=(382)
calls=1 67 
0 836
0 5

fn=(428)
0 2
cob=(3)
cfi=(141)
cfn=(430)
calls=1 42 
0 64

fn=(444)
0 7

fn=(504) 0x0000000004d6a220
0 2
cob=(1)
cfi=(129)
cfn=(382)
calls=1 67 
0 2950
0 5

fn=(724)
0 7

fn=(754) 0x000000000012dde0
0 2
cob=(7)
cfi=(148)
cfn=(756) std::ios_base::Init::Init()
calls=1 0 
0 121062

fn=(806) 0x0000000004d6a1c0
0 2
cob=(1)
cfi=(129)
cfn=(383)
calls=1 67 
0 2253
0 5

fn=(828) 0x0000000004d6a4d0
0 260
cob=(7)
cfi=(148)
cfn=(832) std::locale::id::_M_id() const
calls=129 0 
0 1197
cob=(1)
cfi=(129)
cfn=(383)
calls=1 67 
0 967
0 5

fn=(944) 0x0000000004d6b950
0 2
cob=(1)
cfi=(129)
cfn=(383)
calls=1 67 
0 1619
0 5

fn=(1228) 0x0000000004d6be80
0 14
cob=(7)
cfi=(148)
cfn=(1232) bool std::has_facet<std::num_put<char, std::ostreambuf_iterator<char, std::char_traits<char> > > >(std::locale const&)
calls=6 0 
0 726
cob=(1)
cfi=(129)
cfn=(383)
calls=1 67 
0 1621
0 5

fn=(1248) 0x0000000004d6a6e0
0 14
cob=(7)
cfi=(148)
cfn=(1252) std::num_get<char, std::istreambuf_iterator<char, std::char_traits<char> > > const& std::use_facet<std::num_get<char, std::istreambuf_iterator<char, std::char_traits<char> > > >(std::locale const&)
calls=6 0 
0 714
cob=(1)
cfi=(129)
cfn=(383)
calls=1 67 
0 1698
0 5

fn=(1260) 0x0000000004d6cde0
0 8
cob=(7)
cfi=(148)
cfn=(1264) std::basic_ios<wchar_t, std::char_traits<wchar_t> >::_M_cache_locale(std::locale const&)
calls=3 0 
0 2289
cob=(1)
cfi=(129)
cfn=(383)
calls=1 67 
0 10467
0 5

fn=(1324) 0x000000000012d600
0 1498032
cob=(7)
cfi=(148)
cfn=(1326) operator new(unsigned long)
calls=749016 0 
0 109013704

fn=(1384) 0x000000000012d950
0 40
cob=(7)
cfi=(148)
cfn=(1386) std::__cxx11::basic_string<char, std::char_traits<char>, std::allocator<char> >::operator=(std::__cxx11::basic_string<char, std::char_traits<char>, std::allocator<char> >&&)
calls=20 0 
0 1506

fn=(1730) 0x000000000012d160
0 2
cob=(3)
cfi=(210)
cfn=(1732)
calls=1 32 
0 44

fn=(1758) 0x000000000012df50
0 24
cob=(3)
cfi=(151)
cfn=(1760)
calls=12 3131 
0 33619

fn=(1804) 0x000000000012caa0
0 462660
cob=(8)
cfi=(162)
cfn=(1806)
calls=231330 0 
0 22282094

fn=(1842) 0x000000000012e3d0
0 150610
cob=(8)
cfi=(162)
cfn=(1844)
calls=75305 0 
0 2102890

fn=(2100) 0x0000000004d6a100
0 2
cob=(1)
cfi=(129)
cfn=(382)
calls=1 67 
0 903
0 5

fn=(106)
0 2
cob=(1)
cfi=(36)
cfn=(108)
calls=1 225 
0 2853

fn=(478) 0x0000000004d6ad90
0 4
cob=(7)
cfi=(148)
cfn=(484) std::error_category::error_category()
calls=1 0 
0 5
cob=(1)
cfi=(129)
cfn=(382)
calls=1 67 
0 966
0 5

fn=(792) 0x0000000004d694f0
0 2
cob=(1)
cfi=(129)
cfn=(383)
calls=1 67 
0 4508
0 5

fn=(812) 0x0000000004d6b140
0 2
cob=(1)
cfi=(129)
cfn=(383)
calls=1 67 
0 901
0 5

fn=(858) 0x0000000004d6b620
0 2
cob=(1)
cfi=(129)
cfn=(383)
calls=1 67 
0 2713
0 5

fn=(950) 0x0000000004d69d30
0 2
cob=(1)
cfi=(129)
cfn=(383)
calls=1 67 
0 1632
0 5

fn=(1058) 0x0000000004d6ad70
0 2
cob=(1)
cfi=(129)
cfn=(383)
calls=1 67 
0 1671
0 5

fn=(1188) 0x0000000004d6ba60
0 26
cob=(7)
cfi=(148)
cfn=(1192) std::locale::~locale()
calls=12 0 
0 96
cob=(1)
cfi=(129)
cfn=(383)
calls=1 67 
0 928
0 5

fn=(1278) 0x0000000004d69c10
0 8
cob=(7)
cfi=(148)
cfn=(1282) bool std::has_facet<std::num_put<wchar_t, std::ostreambuf_iterator<wchar_t, std::char_traits<wchar_t> > > >(std::locale const&)
calls=3 0 
0 363
cob=(1)
cfi=(129)
cfn=(383)
calls=1 67 
0 1621
0 5

fn=(1314) 0x000000000012ce20
0 86
cob=(3)
cfi=(178)
cfn=(926)
calls=43 42 
0 975

fn=(1358) 0x000000000012ca80
0 20
cob=(7)
cfi=(148)
cfn=(1360) std::__detail::_List_node_base::_M_hook(std::__detail::_List_node_base*)
calls=10 0 
0 80

fn=(1400) 0x0000000004d699d0
0 36
cob=(7)
cfi=(148)
cfn=(1326)
calls=17 0 
0 2983
cob=(1)
cfi=(129)
cfn=(382)
calls=1 67 
0 888
0 5

fn=(1472) 0x000000000012dea0
0 2
cob=(7)
cfi=(148)
cfn=(1474) std::__cxx11::basic_stringbuf<char, std::char_traits<char>, std::allocator<char> >::str() const
calls=1 0 
0 1520

fn=(1482) 0x000000000012d300
0 2
cob=(7)
cfi=(148)
cfn=(1484) std::__cxx11::basic_stringstream<char, std::char_traits<char>, std::allocator<char> >::~basic_stringstream()
calls=1 0 
0 3292

fn=(1506) 0x000000000012cf10
0 2
cob=(7)
cfi=(148)
cfn=(1508) std::__detail::_List_node_base::_M_transfer(std::__detail::_List_node_base*, std::__detail::_List_node_base*)
calls=1 0 
0 14

fn=(1560) 0x0000000004d6c010
0 26
cob=(7)
cfi=(148)
cfn=(1564) void std::__cxx11::basic_string<char, std::char_traits<char>, std::allocator<char> >::_M_construct<char const*>(char const*, char const*, std::forward_iterator_tag)
calls=12 0 
0 2149
cob=(1)
cfi=(129)
cfn=(382)
calls=1 67 
0 1760
0 5

fn=(1584) 0x000000000012cb00
0 22
cob=(3)
cfi=(188)
cfn=(1586)
calls=11 105 
0 2002

fn=(1618) 0x000000000012cfc0
0 786088
cob=(3)
cfi=(194)
cfn=(1620)
calls=393044 167 
0 7478014

fn=(1850) 0x000000000012ca90
0 298588
cob=(8)
cfi=(162)
cfn=(1852)
calls=149294 0 
0 215192525

fn=(1916) 0x000000000012d730
0 94026
cob=(8)
cfi=(162)
cfn=(1918)
calls=47013 0 
0 3831818

fn=(92)
0 18
cob=(1)
cfi=(19)
cfn=(94)
calls=9 109 
0 45

fn=(1938) 0x000000000012dba0
0 2428
cob=(8)
cfi=(162)
cfn=(1940)
calls=1214 0 
0 97120

fn=(1968) 0x000000000012cb70
0 50
cob=(8)
cfi=(162)
cfn=(1830)
calls=25 0 
0 975

fn=(2168)
0 4

fn=(2194)
0 1
cob=(3)
cfi=(244)
cfn=(2132)
calls=1 30 
0 141

fn=(2268)
0 4

fn=(542)
0 2
cob=(1)
cfi=(129)
cfn=(383)
calls=1 67 
0 1152
0 5

fn=(554)
0 24
cob=(1)
cfi=(8)
cfn=(26)
calls=11 368 
0 218
cob=(1)
cfi=(129)
cfn=(383)
calls=1 67 
0 1049
0 5

fn=(962) 0x0000000004d6afc0
0 2
cob=(1)
cfi=(129)
cfn=(383)
calls=1 67 
0 1507
0 5

fn=(1164) 0x0000000004d69fd0
0 18
cob=(7)
cfi=(148)
cfn=(1168) std::ios_base::ios_base()
calls=8 0 
0 784
cob=(1)
cfi=(129)
cfn=(382)
calls=1 67 
0 996
0 5

fn=(1284) 0x0000000004d6bbd0
0 8
cob=(7)
cfi=(148)
cfn=(1288) std::num_put<wchar_t, std::ostreambuf_iterator<wchar_t, std::char_traits<wchar_t> > > const& std::use_facet<std::num_put<wchar_t, std::ostreambuf_iterator<wchar_t, std::char_traits<wchar_t> > > >(std::locale const&)
calls=3 0 
0 357
cob=(1)
cfi=(129)
cfn=(383)
calls=1 67 
0 1662
0 5

fn=(1290) 0x0000000004d6b590
0 8
cob=(7)
cfi=(148)
cfn=(1294) bool std::has_facet<std::num_get<wchar_t, std::istreambuf_iterator<wchar_t, std::char_traits<wchar_t> > > >(std::locale const&)
calls=3 0 
0 363
cob=(1)
cfi=(129)
cfn=(383)
calls=1 67 
0 1629
0 5

fn=(1372) 0x000000000012ce40
0 344
cob=(3)
cfi=(179)
cfn=(930)
calls=172 59 
0 3631

fn=(1420) 0x0000000004d6a180
0 2
cob=(1)
cfi=(129)
cfn=(382)
calls=1 67 
0 8297
0 5

fn=(1432) 0x0000000004d6acc0
0 2
cob=(1)
cfi=(129)
cfn=(383)
calls=1 67 
0 2936
0 5

fn=(1466) 0x0000000004d6acb0
0 2
cob=(1)
cfi=(129)
cfn=(383)
calls=1 67 
0 1415
0 5

fn=(1516) 0x0000000004d698e0
0 312
cob=(3)
cfi=(186)
cfn=(1334)
calls=155 40 
0 3607
cob=(1)
cfi=(129)
cfn=(382)
calls=1 67 
0 784
0 5

fn=(1836) 0x000000000012da40
0 204814
cob=(8)
cfi=(162)
cfn=(1838)
calls=102407 0 
0 3931558

fn=(1848) 0x000000000012d2d0
0 360
cob=(8)
cfi=(162)
cfn=(1776)
calls=180 0 
0 70024

fn=(1902) 0x000000000012cb80
0 4570
cob=(8)
cfi=(162)
cfn=(1904)
calls=2285 0 
0 161771

fn=(1912) 0x000000000012dc90
0 3186
cob=(8)
cfi=(162)
cfn=(1914)
calls=1593 0 
0 121049

fn=(1970) 0x0000000004d6cca0
0 2
cob=(1)
cfi=(129)
cfn=(382)
calls=1 67 
0 1556
0 5

fn=(2150)
0 4

fn=(2222)
0 4

fn=(2240) 0x0000000004d69e30
0 6
cob=(7)
cfi=(148)
cfn=(2244) std::_V2::error_category::~error_category()
calls=2 0 
0 4
cob=(1)
cfi=(129)
cfn=(382)
calls=1 67 
0 1021
0 5

ob=(5)
fl=(136) /build/glibc-B3wQXB/glibc-2.31/nptl/pthread_mutex_conf.c
fn=(408) __pthread_tunables_init
42 2
+1 2
-1 3
+1 2
cob=(2)
cfi=(18)
cfn=(410)
calls=1 -43 
* 1098
+2 5

fl=(126)
fn=(370)
244 7
+2 1
fi=(127) /build/glibc-B3wQXB/glibc-2.31/nptl/../sysdeps/unix/sysv/linux/pthread-pids.h
29 1
fe=(126)
244 4
fi=(127)
29 3
fe=(126)
248 2
+1 1
+5 1
+8 1
-4 1
+4 1
-8 3
+8 1
+10 3
+4 1
-1 1
fi=(258) /build/glibc-B3wQXB/glibc-2.31/nptl/../include/list.h
46 1
-2 1
+4 1
fe=(126)
280 2
+3 3
+7 3
-1 18
+1 1
-2 1
+2 1
-2 1
+2 1
cfi=(128) /build/glibc-B3wQXB/glibc-2.31/nptl/../sysdeps/unix/sysv/linux/sigaction.c
cfn=(374) __libc_sigaction
calls=1 43 
* 51
+5 3
-2 1
+1 1
-1 1
+2 1
cfi=(128)
cfn=(374)
calls=1 43 
* 51
+9 3
-3 1
+3 1
-3 1
+3 2
+7 3
cob=(2)
cfi=(18)
cfn=(376)
calls=1 0 
* 1134
+3 4
+2 1
+2 2
+5 2
-5 4
+5 1
cob=(2)
cfi=(18)
cfn=(390)
calls=1 0 
* 843
* 3
+1 3
+4 4
+7 2
+1 3
+5 6
+1 1
-1 1
+1 3
+1 1
+1 1
-1 1
+2 4
+5 2
+2 1
-2 1
+3 1
+2 1
-5 1
+4 3
+3 1
+3 1
-3 1
+3 2
+8 1
-8 1
+8 2
-8 2
+8 1
cob=(2)
cfi=(18)
cfn=(396)
calls=1 0 
* 1268
+4 1
-6 1
+9 1
cfi=(136)
cfn=(408)
calls=1 42 
* 1112
+2 8

fl=(245)
fn=(2316)
62 2
+3 2
-2 2
+2 2
+3 6
+23 4
+1 2

fn=(2310)
25 2
+3 2
+1 2
-3 2
+4 4
+2 6
+3 6
+17 6
+2 2
+1 2

fl=(168) /build/glibc-B3wQXB/glibc-2.31/nptl/cleanup_compat.c
fn=(776) _pthread_cleanup_push
26 2
+3 2
+1 2
+1 4
+2 2
+1 2

fn=(818) _pthread_cleanup_pop
40 2
+3 4
+4 4
+2 2

fl=(128)
fn=(374)
43 12
+5 4
+2 2
+1 2
+7 2
-7 8
-1 2
+3 2
-2 10
+7 2
-5 2
+5 2
-7 2
+2 2
-2 2
+2 6
+5 4
-7 8
+7 12
+4 4
+8 12

fl=(167)
fn=(774) __pthread_once_slow
68 1
fi=(170) /build/glibc-B3wQXB/glibc-2.31/nptl/../sysdeps/nptl/futex-internal.h
+73 2
fe=(167)
-73 8
+8 1
+4 2
+52 9
-44 2
+4 2
+9 2
+13 5
cfi=(168)
cfn=(776)
calls=1 -88 
* 7
+2 1
cob=(7)
cfi=(148)
cfn=(778) 0x00000000000be590
calls=1 0 
* 83114
+2 3
cfi=(168)
cfn=(818)
calls=1 -78 
* 6
fi=(170)
364 5
fe=(167)
124 1
fi=(170)
364 3
fe=(167)

fn=(775) __pthread_once_slow'2
68 1
fi=(170)
+73 2
fe=(167)
-73 8
+8 1
+4 2
+52 9
-44 2
+4 2
+9 2
+13 5
cfi=(168)
cfn=(776)
calls=1 -88 
* 7
+2 1
cob=(7)
cfi=(148)
cfn=(804) 0x00000000000bc270
calls=1 0 
* 2265
+2 3
cfi=(168)
cfn=(818)
calls=1 -78 
* 6
fi=(170)
364 5
fe=(167)
124 1
fi=(170)
364 3
fe=(167)

fn=(772)
136 27
+3 27
+1 54
+4 52
-1 1
cfn=(774)
calls=1 -75 
* 83174

fn=(773)
136 14
+3 14
+1 28
+4 26
-1 1
cfn=(775)
calls=1 -75 
* 2325

fl=(138)
fn=(422)
105 2
+5 1
-5 1
+5 1
-5 3
+5 3
cob=(2)
cfi=(18)
cfn=(410)
calls=1 0 
* 21
+2 4
cob=(2)
cfi=(18)
cfn=(410)
calls=1 0 
* 21
+2 4
cob=(2)
cfi=(18)
cfn=(410)
calls=1 0 
* 21
+2 4
cob=(2)
cfi=(18)
cfn=(410)
calls=1 0 
* 21
+2 4
cob=(2)
cfi=(18)
cfn=(410)
calls=1 0 
* 21
+4 3
+1 1
+1 6

fl=(137)
fn=(416)
0 12

fn=(2180) 0x0000000000006b10
0 5

fn=(2170)
0 9
cob=(2)
cfi=(18)
cfn=(2176)
calls=1 0 
0 143
0 1
cfn=(2180)
calls=1 0 
0 5
0 3

fl=(187)
fn=(1568)
25 12
+1 24
+1 12

fl=(155)
fn=(540)
64 2
+3 6
+2 2
+2 4
-7 4
+11 4
+81 2
+3 2
+2 2
+3 2
+2 2
+1 6
-83 4
+11 8
+4 2
+3 4
+13 4
+2 6
+1 4

fl=(157)
fn=(550)
356 2
41 6
+1 6
+5 4
+8 2
+3 2
-6 2
+6 8
+2 2
358 4
64 4
+6 8
+4 6
+3 6

ob=(10)
fl=(164)
fn=(2162) 0x0000000000001070
0 5

fn=(2152)
0 9
cob=(2)
cfi=(18)
cfn=(2158)
calls=1 0 
0 143
0 1
cfn=(2162)
calls=1 0 
0 5
0 3

fn=(728)
0 12

ob=(7)
fl=(148)
fn=(778)
0 5
cob=(2)
cfi=(18)
cfn=(780)
calls=1 0 
0 82121
0 8
cob=(2)
cfi=(18)
cfn=(1154)
calls=1 0 
0 980

fn=(784) std::locale::_Impl::_Impl(unsigned long)
0 140
cob=(2)
cfi=(18)
cfn=(786)
calls=1 0 
0 1069
0 7
cob=(2)
cfi=(18)
cfn=(792)
calls=1 0 
0 4515
0 4
cob=(2)
cfi=(18)
cfn=(822)
calls=1 0 
0 2643
0 3
cob=(2)
cfi=(18)
cfn=(834)
calls=1 0 
0 1096
0 4
cob=(2)
cfi=(18)
cfn=(822)
calls=1 0 
0 399
0 23
cob=(2)
cfi=(18)
cfn=(840)
calls=1 0 
0 1815
0 4
cob=(2)
cfi=(18)
cfn=(822)
calls=1 0 
0 399
0 8
cob=(2)
cfi=(18)
cfn=(822)
calls=1 0 
0 399
0 8
cob=(2)
cfi=(18)
cfn=(822)
calls=1 0 
0 399
0 5
cob=(2)
cfi=(18)
cfn=(798)
calls=1 0 
0 21
0 5
cob=(2)
cfi=(18)
cfn=(822)
calls=1 0 
0 399
0 28
cob=(2)
cfi=(18)
cfn=(846)
calls=1 0 
0 1651
0 4
cob=(2)
cfi=(18)
cfn=(822)
calls=1 0 
0 399
0 28
cob=(2)
cfi=(18)
cfn=(852)
calls=1 0 
0 1614
0 4
cob=(2)
cfi=(18)
cfn=(822)
calls=1 0 
0 399
0 8
cob=(2)
cfi=(18)
cfn=(822)
calls=1 0 
0 399
0 8
cob=(2)
cfi=(18)
cfn=(822)
calls=1 0 
0 399
0 56
cob=(2)
cfi=(18)
cfn=(858)
calls=1 0 
0 2720
0 4
cob=(2)
cfi=(18)
cfn=(822)
calls=1 0 
0 399
0 8
cob=(2)
cfi=(18)
cfn=(822)
calls=1 0 
0 399
0 8
cob=(2)
cfi=(18)
cfn=(822)
calls=1 0 
0 399
0 3
cob=(2)
cfi=(18)
cfn=(870)
calls=1 0 
0 1071
0 4
cob=(2)
cfi=(18)
cfn=(822)
calls=1 0 
0 399
0 3
cob=(2)
cfi=(18)
cfn=(876)
calls=1 0 
0 27681
0 4
cob=(2)
cfi=(18)
cfn=(822)
calls=1 0 
0 399
0 3
cob=(2)
cfi=(18)
cfn=(932)
calls=1 0 
0 1096
0 4
cob=(2)
cfi=(18)
cfn=(822)
calls=1 0 
0 399
0 22
cob=(2)
cfi=(18)
cfn=(938)
calls=1 0 
0 1734
0 4
cob=(2)
cfi=(18)
cfn=(822)
calls=1 0 
0 399
0 8
cob=(2)
cfi=(18)
cfn=(822)
calls=1 0 
0 399
0 8
cob=(2)
cfi=(18)
cfn=(822)
calls=1 0 
0 399
0 5
cob=(2)
cfi=(18)
cfn=(798)
calls=1 0 
0 21
0 5
cob=(2)
cfi=(18)
cfn=(822)
calls=1 0 
0 399
0 27
cob=(2)
cfi=(18)
cfn=(944)
calls=1 0 
0 1626
0 4
cob=(2)
cfi=(18)
cfn=(822)
calls=1 0 
0 399
0 27
cob=(2)
cfi=(18)
cfn=(950)
calls=1 0 
0 1639
0 4
cob=(2)
cfi=(18)
cfn=(822)
calls=1 0 
0 399
0 8
cob=(2)
cfi=(18)
cfn=(822)
calls=1 0 
0 399
0 8
cob=(2)
cfi=(18)
cfn=(822)
calls=1 0 
0 399
0 56
cob=(2)
cfi=(18)
cfn=(956)
calls=1 0 
0 2750
0 4
cob=(2)
cfi=(18)
cfn=(822)
calls=1 0 
0 399
0 8
cob=(2)
cfi=(18)
cfn=(822)
calls=1 0 
0 399
0 8
cob=(2)
cfi=(18)
cfn=(822)
calls=1 0 
0 399
0 3
cob=(2)
cfi=(18)
cfn=(968)
calls=1 0 
0 1116
0 4
cob=(2)
cfi=(18)
cfn=(822)
calls=1 0 
0 399
0 8
cob=(2)
cfi=(18)
cfn=(822)
calls=1 0 
0 399
0 8
cob=(2)
cfi=(18)
cfn=(822)
calls=1 0 
0 399
0 8
cob=(2)
cfi=(18)
cfn=(822)
calls=1 0 
0 399
0 8
cob=(2)
cfi=(18)
cfn=(822)
calls=1 0 
0 399
0 10
cfn=(974) 0x00000000000d7450
calls=1 0 
0 12178
0 4
cob=(2)
cfi=(18)
cfn=(828)
calls=1 0 
0 8
0 5
cob=(2)
cfi=(18)
cfn=(828)
calls=1 0 
0 8
0 4
cob=(2)
cfi=(18)
cfn=(828)
calls=1 0 
0 8
0 4
cob=(2)
cfi=(18)
cfn=(828)
calls=1 0 
0 8
0 5
cob=(2)
cfi=(18)
cfn=(828)
calls=1 0 
0 8
0 4
cob=(2)
cfi=(18)
cfn=(828)
calls=1 0 
0 8
0 4
cob=(2)
cfi=(18)
cfn=(828)
calls=1 0 
0 8
0 5
cob=(2)
cfi=(18)
cfn=(828)
calls=1 0 
0 8
0 13

fn=(980) std::numpunct<char>::_M_initialize_numpunct(__locale_struct*)
0 414

fn=(1168)
0 531
cob=(2)
cfi=(18)
cfn=(758)
calls=9 0 
0 351

fn=(1186)
0 187

fn=(1450) 0x0000000000125280
0 18
cob=(2)
cfi=(18)
cfn=(828)
calls=2 0 
0 16
0 26

fn=(2232)
0 2

fn=(2244)
0 6

fn=(508) std::future_category()
0 7
cob=(2)
cfi=(18)
cfn=(510)
calls=1 0 
0 986
0 6
cob=(2)
cfi=(18)
cfn=(488)
calls=1 0 
0 74
0 2
cob=(2)
cfi=(18)
cfn=(516)
calls=1 0 
0 922
0 3

fn=(604)
0 52

fn=(764) 0x00000000000be5e0
0 189
cob=(2)
cfi=(18)
cfn=(768)
calls=27 0 
0 84034
0 135

fn=(826)
0 448
cob=(2)
cfi=(18)
cfn=(828)
calls=32 0 
0 1501
0 11712

fn=(832)
0 1212

fn=(974)
0 21
cob=(2)
cfi=(18)
cfn=(976)
calls=1 0 
0 1697
0 7
cob=(2)
cfi=(18)
cfn=(828)
calls=1 0 
0 17
0 8
cob=(2)
cfi=(18)
cfn=(798)
calls=1 0 
0 21
0 7
cob=(2)
cfi=(18)
cfn=(828)
calls=1 0 
0 17
0 12
cob=(2)
cfi=(18)
cfn=(998)
calls=1 0 
0 1573
0 6
cob=(2)
cfi=(18)
cfn=(828)
calls=1 0 
0 17
0 12
cob=(2)
cfi=(18)
cfn=(1012)
calls=1 0 
0 1520
0 6
cob=(2)
cfi=(18)
cfn=(828)
calls=1 0 
0 17
0 13
cob=(2)
cfi=(18)
cfn=(828)
calls=1 0 
0 17
0 13
cob=(2)
cfi=(18)
cfn=(828)
calls=1 0 
0 17
0 13
cob=(2)
cfi=(18)
cfn=(828)
calls=1 0 
0 17
0 6
cob=(2)
cfi=(18)
cfn=(1044)
calls=1 0 
0 993
0 6
cob=(2)
cfi=(18)
cfn=(828)
calls=1 0 
0 17
0 16
cob=(2)
cfi=(18)
cfn=(1058)
calls=1 0 
0 1678
0 6
cob=(2)
cfi=(18)
cfn=(828)
calls=1 0 
0 17
0 8
cob=(2)
cfi=(18)
cfn=(798)
calls=1 0 
0 21
0 7
cob=(2)
cfi=(18)
cfn=(828)
calls=1 0 
0 17
0 13
cob=(2)
cfi=(18)
cfn=(1080)
calls=1 0 
0 1532
0 6
cob=(2)
cfi=(18)
cfn=(828)
calls=1 0 
0 17
0 12
cob=(2)
cfi=(18)
cfn=(1094)
calls=1 0 
0 1508
0 6
cob=(2)
cfi=(18)
cfn=(828)
calls=1 0 
0 17
0 13
cob=(2)
cfi=(18)
cfn=(828)
calls=1 0 
0 17
0 13
cob=(2)
cfi=(18)
cfn=(828)
calls=1 0 
0 17
0 13
cob=(2)
cfi=(18)
cfn=(828)
calls=1 0 
0 17
0 6
cob=(2)
cfi=(18)
cfn=(1126)
calls=1 0 
0 993
0 5
cob=(2)
cfi=(18)
cfn=(828)
calls=1 0 
0 17
0 5
cob=(2)
cfi=(18)
cfn=(828)
calls=1 0 
0 8
0 4
cob=(2)
cfi=(18)
cfn=(828)
calls=1 0 
0 8
0 4
cob=(2)
cfi=(18)
cfn=(828)
calls=1 0 
0 8
0 4
cob=(2)
cfi=(18)
cfn=(828)
calls=1 0 
0 8
0 5
cob=(2)
cfi=(18)
cfn=(828)
calls=1 0 
0 8
0 5
cob=(2)
cfi=(18)
cfn=(828)
calls=1 0 
0 8
0 41

fn=(1198)
0 56
cob=(2)
cfi=(18)
cfn=(1200)
calls=7 0 
0 3986
0 28
cob=(2)
cfi=(18)
cfn=(1222)
calls=7 0 
0 2343
0 21
cob=(2)
cfi=(18)
cfn=(1228)
calls=7 0 
0 2366
0 28
cob=(2)
cfi=(18)
cfn=(1236)
calls=7 0 
0 2379
0 21
cob=(2)
cfi=(18)
cfn=(1242)
calls=7 0 
0 2366
0 28
cob=(2)
cfi=(18)
cfn=(1248)
calls=7 0 
0 2431
0 35

fn=(1212) __cxxabiv1::__vmi_class_type_info::__do_dyncast(long, __cxxabiv1::__class_type_info::__sub_kind, __cxxabiv1::__class_type_info const*, void const*, __cxxabiv1::__class_type_info const*, void const*, __cxxabiv1::__class_type_info::__dyncast_result&) const
0 840
cob=(2)
cfi=(18)
cfn=(1214)
calls=14 0 
0 1087
0 98

fn=(1398)
0 186
cob=(2)
cfi=(18)
cfn=(1400)
calls=1 0 
0 57
0 34
cob=(2)
cfi=(18)
cfn=(1400)
calls=17 0 
0 3855

fn=(1408)
0 230

fn=(1456) 0x0000000000125100
0 90

fn=(1490) std::ios_base::~ios_base()
0 8
cob=(2)
cfi=(18)
cfn=(1492)
calls=1 0 
0 1211
0 2
cob=(2)
cfi=(18)
cfn=(1498)
calls=1 0 
0 1098
0 7
cob=(2)
cfi=(18)
cfn=(1188)
calls=1 0 
0 10

fn=(1508)
0 14

fn=(1980) std::num_put<char, std::ostreambuf_iterator<char, std::char_traits<char> > >::do_put(std::ostreambuf_iterator<char, std::char_traits<char> >, std::ios_base&, char, unsigned long) const
0 3
cob=(2)
cfi=(18)
cfn=(1982)
calls=1 0 
0 3405

fn=(2048)
0 40
cfn=(2050) __gnu_cxx::stdio_sync_filebuf<char, std::char_traits<char> >::sync()
calls=4 0 
0 1169
0 20

fn=(2120) __gnu_cxx::stdio_sync_filebuf<wchar_t, std::char_traits<wchar_t> >::sync()
0 9
cob=(2)
cfi=(18)
cfn=(2052)
calls=3 0 
0 219

fn=(470)
0 12

fn=(502)
0 3
cob=(2)
cfi=(18)
cfn=(504)
calls=1 0 
0 2957
0 4

fn=(606)
0 6
cob=(2)
cfi=(18)
cfn=(488)
calls=1 0 
0 74
0 5
cob=(2)
cfi=(18)
cfn=(488)
calls=1 0 
0 74

fn=(698)
0 6
cob=(2)
cfi=(18)
cfn=(488)
calls=1 0 
0 74
0 4
cob=(2)
cfi=(18)
cfn=(488)
calls=1 0 
0 74
0 5
cob=(2)
cfi=(18)
cfn=(488)
calls=1 0 
0 74

fn=(804)
0 5
cob=(2)
cfi=(18)
cfn=(806)
calls=1 0 
0 2260

fn=(880) std::ctype<wchar_t>::ctype(unsigned long)
0 13
cob=(2)
cfi=(18)
cfn=(798)
calls=1 0 
0 21
0 7
cob=(2)
cfi=(18)
cfn=(882)
calls=1 0 
0 26727

fn=(1002) std::moneypunct<char, false>::_M_initialize_moneypunct(__locale_struct*, char const*)
0 113

fn=(1048) std::messages<char>::messages(unsigned long)
0 13
cob=(2)
cfi=(18)
cfn=(798)
calls=1 0 
0 21
0 2
cob=(2)
cfi=(18)
cfn=(786)
calls=1 0 
0 5
0 5

fn=(1062) std::numpunct<wchar_t>::_M_initialize_numpunct(__locale_struct*)
0 350

fn=(1098) std::moneypunct<wchar_t, true>::_M_initialize_moneypunct(__locale_struct*, char const*)
0 109

fn=(1204)
0 35
cob=(2)
cfi=(18)
cfn=(828)
calls=7 0 
0 56
0 84
cob=(2)
cfi=(18)
cfn=(1206)
calls=7 0 
0 2648
0 35

fn=(1226)
0 35
cob=(2)
cfi=(18)
cfn=(828)
calls=7 0 
0 56
0 77
cob=(2)
cfi=(18)
cfn=(1206)
calls=7 0 
0 1008
0 28

fn=(1276)
0 20
cob=(2)
cfi=(18)
cfn=(828)
calls=4 0 
0 32
0 44
cob=(2)
cfi=(18)
cfn=(1206)
calls=4 0 
0 364
0 16

fn=(1326)
0 5243238
cob=(2)
cfi=(18)
cfn=(526)
calls=749034 0 
0 100777368
0 2996136

fn=(1360)
0 80

fn=(1464) std::__cxx11::basic_stringbuf<char, std::char_traits<char>, std::allocator<char> >::overflow(int)
0 46
cob=(2)
cfi=(18)
cfn=(1466)
calls=1 0 
0 1422
0 16

fn=(1496) std::ios_base::_M_call_callbacks(std::ios_base::event)
0 11

fn=(2224)
0 9
cob=(2)
cfi=(18)
cfn=(2230)
calls=1 0 
0 2372
0 1
cfn=(2262) 0x00000000000a70f0
calls=1 0 
0 5
0 3

fn=(2234)
0 2

fn=(2246)
0 4
cob=(2)
cfi=(18)
cfn=(2240)
calls=1 0 
0 4

fn=(476)
0 6
cob=(2)
cfi=(18)
cfn=(478)
calls=1 0 
0 973
0 7
cob=(2)
cfi=(18)
cfn=(488)
calls=1 0 
0 885
0 3
cob=(2)
cfi=(18)
cfn=(478)
calls=1 0 
0 7
0 7
cob=(2)
cfi=(18)
cfn=(488)
calls=1 0 
0 74

fn=(756)
0 38
cob=(2)
cfi=(18)
cfn=(758)
calls=1 0 
0 84750
0 16
cob=(2)
cfi=(18)
cfn=(758)
calls=1 0 
0 39
0 14
cob=(2)
cfi=(18)
cfn=(758)
calls=1 0 
0 39
0 6
cob=(2)
cfi=(18)
cfn=(1164)
calls=1 0 
0 1003
0 15
cob=(2)
cfi=(18)
cfn=(1170)
calls=1 0 
0 16556
0 3
cob=(2)
cfi=(18)
cfn=(1164)
calls=1 0 
0 100
0 16
cob=(2)
cfi=(18)
cfn=(1170)
calls=1 0 
0 992
0 3
cob=(2)
cfi=(18)
cfn=(1164)
calls=1 0 
0 100
0 14
cob=(2)
cfi=(18)
cfn=(1170)
calls=1 0 
0 992
0 3
cob=(2)
cfi=(18)
cfn=(1164)
calls=1 0 
0 100
0 14
cob=(2)
cfi=(18)
cfn=(1170)
calls=1 0 
0 992
0 16
cob=(2)
cfi=(18)
cfn=(758)
calls=1 0 
0 39
0 16
cob=(2)
cfi=(18)
cfn=(758)
calls=1 0 
0 39
0 14
cob=(2)
cfi=(18)
cfn=(758)
calls=1 0 
0 39
0 6
cob=(2)
cfi=(18)
cfn=(1164)
calls=1 0 
0 100
0 15
cob=(2)
cfi=(18)
cfn=(1254)
calls=1 0 
0 11955
0 3
cob=(2)
cfi=(18)
cfn=(1164)
calls=1 0 
0 100
0 16
cob=(2)
cfi=(18)
cfn=(1254)
calls=1 0 
0 886
0 3
cob=(2)
cfi=(18)
cfn=(1164)
calls=1 0 
0 100
0 14
cob=(2)
cfi=(18)
cfn=(1254)
calls=1 0 
0 886
0 3
cob=(2)
cfi=(18)
cfn=(1164)
calls=1 0 
0 100
0 14
cob=(2)
cfi=(18)
cfn=(1254)
calls=1 0 
0 886
0 7

fn=(796) std::ctype<char>::ctype(unsigned short const*, bool, unsigned long)
0 15
cob=(2)
cfi=(18)
cfn=(798)
calls=1 0 
0 3458
0 101

fn=(850) std::__cxx11::moneypunct<char, false>::_M_initialize_moneypunct(__locale_struct*, char const*)
0 113

fn=(856) std::__cxx11::moneypunct<char, true>::_M_initialize_moneypunct(__locale_struct*, char const*)
0 113

fn=(862) std::__timepunct<char>::__timepunct(std::__timepunct_cache<char>*, unsigned long)
0 15
cob=(2)
cfi=(18)
cfn=(786)
calls=1 0 
0 5
0 4
cob=(2)
cfi=(18)
cfn=(864)
calls=1 0 
0 1492
0 4

fn=(936) std::codecvt<wchar_t, char, __mbstate_t>::codecvt(unsigned long)
0 13
cob=(2)
cfi=(18)
cfn=(798)
calls=1 0 
0 21
0 5

fn=(972) std::__cxx11::messages<wchar_t>::messages(unsigned long)
0 13
cob=(2)
cfi=(18)
cfn=(798)
calls=1 0 
0 21
0 2
cob=(2)
cfi=(18)
cfn=(786)
calls=1 0 
0 5
0 5

fn=(1016) std::moneypunct<char, true>::_M_initialize_moneypunct(__locale_struct*, char const*)
0 113

fn=(1180)
0 154
cob=(2)
cfi=(18)
cfn=(758)
calls=11 0 
0 429
0 33
cob=(2)
cfi=(18)
cfn=(1182)
calls=11 0 
0 1129
0 22
cob=(2)
cfi=(18)
cfn=(1188)
calls=11 0 
0 1035
0 77

fn=(1258)
0 28
cob=(2)
cfi=(18)
cfn=(1176)
calls=4 0 
0 384
0 12
cob=(2)
cfi=(18)
cfn=(1260)
calls=4 0 
0 12769
0 52

fn=(1418)
0 11
cob=(2)
cfi=(18)
cfn=(1420)
calls=1 0 
0 8304

fn=(1480)
0 7483
cob=(2)
cfi=(18)
cfn=(1388)
calls=161 0 
0 2317
0 1951
cob=(2)
cfi=(18)
cfn=(1970)
calls=1 0 
0 1563
0 223

fn=(1536)
0 274

fn=(1558)
0 221
cob=(2)
cfi=(18)
cfn=(1560)
calls=13 0 
0 3940
0 39

fn=(1990) __gnu_cxx::stdio_sync_filebuf<char, std::char_traits<char> >::xsputn(char const*, long)
0 6
cob=(2)
cfi=(18)
cfn=(1992)
calls=1 0 
0 1547

fn=(2028)
0 15
cob=(2)
cfi=(18)
cfn=(2030)
calls=1 0 
0 1702
0 5
cob=(2)
cfi=(18)
cfn=(2044)
calls=1 0 
0 1847

fn=(2112)
0 11
cob=(2)
cfi=(18)
cfn=(2044)
calls=1 0 
0 93
0 2
cob=(2)
cfi=(18)
cfn=(2044)
calls=1 0 
0 93
0 2
cob=(2)
cfi=(18)
cfn=(2044)
calls=1 0 
0 93
0 2
cob=(2)
cfi=(18)
cfn=(2114)
calls=1 0 
0 1282
0 2
cob=(2)
cfi=(18)
cfn=(2114)
calls=1 0 
0 93
0 2
cob=(2)
cfi=(18)
cfn=(2114)
calls=1 0 
0 93
0 2

fn=(2118)
0 30
cfn=(2120)
calls=3 0 
0 228
0 15

fn=(2248)
0 4
cob=(2)
cfi=(18)
cfn=(2240)
calls=1 0 
0 4

fn=(2256)
0 4

fn=(868) std::__timepunct<char>::_M_initialize_timepunct(__locale_struct*)
0 11
cob=(2)
cfi=(18)
cfn=(798)
calls=1 0 
0 21
0 95

fn=(886) std::ctype<wchar_t>::_M_initialize_ctype()
0 10
cob=(2)
cfi=(18)
cfn=(888)
calls=1 0 
0 793
0 770
cob=(2)
cfi=(18)
cfn=(894)
calls=128 0 
0 3825
0 260
cob=(2)
cfi=(18)
cfn=(900)
calls=1 0 
0 765
0 510
cob=(2)
cfi=(18)
cfn=(900)
calls=255 0 
0 11875
0 1067
cob=(2)
cfi=(18)
cfn=(912)
calls=8 0 
0 3740
0 95
cob=(2)
cfi=(18)
cfn=(912)
calls=4 0 
0 1896
0 19
cob=(2)
cfi=(18)
cfn=(888)
calls=1 0 
0 24
0 2

fn=(916)
0 84
cob=(2)
cfi=(18)
cfn=(918)
calls=1 0 
0 671
0 24
cob=(2)
cfi=(18)
cfn=(918)
calls=1 0 
0 423
0 7
cob=(2)
cfi=(18)
cfn=(918)
calls=1 0 
0 547
0 9
cob=(2)
cfi=(18)
cfn=(918)
calls=1 0 
0 214
0 3
cob=(2)
cfi=(18)
cfn=(918)
calls=1 0 
0 272
0 3
cob=(2)
cfi=(18)
cfn=(918)
calls=1 0 
0 904
0 3
cob=(2)
cfi=(18)
cfn=(918)
calls=1 0 
0 613
0 3
cob=(2)
cfi=(18)
cfn=(918)
calls=1 0 
0 206
0 3
cob=(2)
cfi=(18)
cfn=(918)
calls=1 0 
0 361
0 7
cob=(2)
cfi=(18)
cfn=(918)
calls=1 0 
0 156

fn=(1130) std::messages<wchar_t>::messages(unsigned long)
0 13
cob=(2)
cfi=(18)
cfn=(798)
calls=1 0 
0 21
0 2
cob=(2)
cfi=(18)
cfn=(786)
calls=1 0 
0 5
0 5

fn=(1246)
0 35
cob=(2)
cfi=(18)
cfn=(828)
calls=7 0 
0 56
0 84
cob=(2)
cfi=(18)
cfn=(1206)
calls=7 0 
0 637
0 35

fn=(1484)
0 22
cob=(2)
cfi=(18)
cfn=(1188)
calls=1 0 
0 10
0 11
cob=(2)
cfi=(18)
cfn=(1486)
calls=1 0 
0 3249

fn=(1564)
0 453
cob=(2)
cfi=(18)
cfn=(1576)
calls=1 0 
0 1444
0 7
cob=(2)
cfi=(18)
cfn=(1388)
calls=1 0 
0 24
0 36
cob=(2)
cfi=(18)
cfn=(1388)
calls=12 0 
0 206
0 39

fn=(2034) std::ostream::put(char)
0 14
cob=(2)
cfi=(18)
cfn=(1426)
calls=1 0 
0 23
0 26
cfn=(2036) __gnu_cxx::stdio_sync_filebuf<char, std::char_traits<char> >::overflow(int)
calls=1 0 
0 788
0 2

fn=(2238)
0 4
cob=(2)
cfi=(18)
cfn=(2240)
calls=1 0 
0 1028

fn=(2262)
0 5

fn=(520) __cxa_guard_release
0 8

fn=(524)
0 9
cob=(2)
cfi=(18)
cfn=(526)
calls=1 0 
0 76389
0 8

fn=(802)
0 98
cob=(2)
cfi=(18)
cfn=(769)
calls=14 0 
0 2436
0 56

fn=(810) std::locale::facet::_S_create_c_locale(__locale_struct*&, char const*, __locale_struct*)
0 5
cob=(2)
cfi=(18)
cfn=(812)
calls=1 0 
0 908
0 5

fn=(844) std::__cxx11::numpunct<char>::_M_initialize_numpunct(__locale_struct*)
0 414

fn=(960) std::__timepunct<wchar_t>::__timepunct(std::__timepunct_cache<wchar_t>*, unsigned long)
0 15
cob=(2)
cfi=(18)
cfn=(786)
calls=1 0 
0 5
0 4
cob=(2)
cfi=(18)
cfn=(962)
calls=1 0 
0 1514
0 4

fn=(966) std::__timepunct<wchar_t>::_M_initialize_timepunct(__locale_struct*)
0 10
cob=(2)
cfi=(18)
cfn=(798)
calls=1 0 
0 21
0 94

fn=(1084) std::moneypunct<wchar_t, false>::_M_initialize_moneypunct(__locale_struct*, char const*)
0 109

fn=(1174)
0 49
cob=(2)
cfi=(18)
cfn=(1176)
calls=7 0 
0 3482
0 21
cob=(2)
cfi=(18)
cfn=(1194)
calls=7 0 
0 17451
0 91

fn=(1192)
0 104

fn=(1210)
0 2112
cfn=(1234) __cxxabiv1::__si_class_type_info::__do_dyncast(long, __cxxabiv1::__class_type_info::__sub_kind, __cxxabiv1::__class_type_info const*, void const*, __cxxabiv1::__class_type_info const*, void const*, __cxxabiv1::__class_type_info::__dyncast_result&) const
calls=52 0 
0 1924
cfn=(1212)
calls=14 0 
0 2025
0 1320

fn=(1232)
0 35
cob=(2)
cfi=(18)
cfn=(828)
calls=7 0 
0 56
0 84
cob=(2)
cfi=(18)
cfn=(1206)
calls=7 0 
0 637
0 35

fn=(1252)
0 35
cob=(2)
cfi=(18)
cfn=(828)
calls=7 0 
0 56
0 77
cob=(2)
cfi=(18)
cfn=(1206)
calls=7 0 
0 637
0 28

fn=(1414)
0 11
cob=(2)
cfi=(18)
cfn=(1164)
calls=1 0 
0 100
0 14
cob=(2)
cfi=(18)
cfn=(1170)
calls=1 0 
0 992
0 7
cob=(2)
cfi=(18)
cfn=(1170)
calls=1 0 
0 992
0 19
cob=(2)
cfi=(18)
cfn=(758)
calls=1 0 
0 39
0 11
cob=(2)
cfi=(18)
cfn=(1170)
calls=1 0 
0 992
0 6

fn=(1462) std::basic_streambuf<char, std::char_traits<char> >::xsputn(char const*, long)
0 29
cob=(2)
cfi=(18)
cfn=(1388)
calls=1 0 
0 18
0 17
cfn=(1464)
calls=1 0 
0 1484
0 6

fn=(1514)
0 668
cob=(2)
cfi=(18)
cfn=(1516)
calls=128 0 
0 3966
0 658

fn=(1522)
0 392
cob=(2)
cfi=(18)
cfn=(1516)
calls=28 0 
0 742
0 252

fn=(1978)
0 17
cob=(2)
cfi=(18)
cfn=(1426)
calls=1 0 
0 23
0 19
cfn=(1980)
calls=1 0 
0 3408
0 33

fn=(1986) std::ostreambuf_iterator<char, std::char_traits<char> > std::num_put<char, std::ostreambuf_iterator<char, std::char_traits<char> > >::_M_insert_int<unsigned long>(std::ostreambuf_iterator<char, std::char_traits<char> >, std::ios_base&, char, unsigned long) const
0 21
cfn=(1450)
calls=1 0 
0 30
0 27
cfn=(1456)
calls=1 0 
0 66
0 24
cfn=(1990)
calls=1 0 
0 1553
0 17

fn=(2036)
0 7
cob=(2)
cfi=(18)
cfn=(2038)
calls=1 0 
0 781

fn=(2050)
0 12
cob=(2)
cfi=(18)
cfn=(2052)
calls=4 0 
0 1157

fn=(2258)
0 4
cob=(2)
cfi=(18)
cfn=(2252)
calls=1 0 
0 4

fn=(484)
0 10

fn=(646)
0 50

fn=(790)
0 21

fn=(838) std::codecvt<char, char, __mbstate_t>::codecvt(unsigned long)
0 13
cob=(2)
cfi=(18)
cfn=(798)
calls=1 0 
0 21
0 5

fn=(874) std::__cxx11::messages<char>::messages(unsigned long)
0 13
cob=(2)
cfi=(18)
cfn=(798)
calls=1 0 
0 21
0 2
cob=(2)
cfi=(18)
cfn=(786)
calls=1 0 
0 5
0 5

fn=(942) std::__cxx11::numpunct<wchar_t>::_M_initialize_numpunct(__locale_struct*)
0 350

fn=(948) std::__cxx11::moneypunct<wchar_t, false>::_M_initialize_moneypunct(__locale_struct*, char const*)
0 109

fn=(1282)
0 20
cob=(2)
cfi=(18)
cfn=(828)
calls=4 0 
0 32
0 48
cob=(2)
cfi=(18)
cfn=(1206)
calls=4 0 
0 364
0 20

fn=(1470) std::__cxx11::basic_stringbuf<char, std::char_traits<char>, std::allocator<char> >::_M_pbump(char*, char*, long)
0 10

fn=(1502) std::ios_base::_M_dispose_callbacks()
0 13

fn=(2236)
0 2

fn=(578)
0 74

fn=(628)
0 34

fn=(672)
0 50

fn=(762)
0 189
cfn=(764)
calls=27 0 
0 84358
0 270

fn=(954) std::__cxx11::moneypunct<wchar_t, true>::_M_initialize_moneypunct(__locale_struct*, char const*)
0 109

fn=(1158) std::locale::locale(std::locale::_Impl*)
0 3

fn=(1264)
0 32
cob=(2)
cfi=(18)
cfn=(1266)
calls=4 0 
0 1583
0 16
cob=(2)
cfi=(18)
cfn=(1272)
calls=4 0 
0 1602
0 12
cob=(2)
cfi=(18)
cfn=(1278)
calls=4 0 
0 1997
0 16
cob=(2)
cfi=(18)
cfn=(1284)
calls=4 0 
0 2032
0 12
cob=(2)
cfi=(18)
cfn=(1290)
calls=4 0 
0 2005
0 16
cob=(2)
cfi=(18)
cfn=(1296)
calls=4 0 
0 2040
0 20

fn=(1288)
0 20
cob=(2)
cfi=(18)
cfn=(828)
calls=4 0 
0 32
0 44
cob=(2)
cfi=(18)
cfn=(1206)
calls=4 0 
0 364
0 16

fn=(1294)
0 20
cob=(2)
cfi=(18)
cfn=(828)
calls=4 0 
0 32
0 48
cob=(2)
cfi=(18)
cfn=(1206)
calls=4 0 
0 364
0 20

fn=(1370)
0 768

fn=(1386)
0 535
cob=(2)
cfi=(18)
cfn=(1388)
calls=9 0 
0 917
0 54

fn=(1424) std::ostream& std::ostream::_M_insert<long>(long)
0 17
cob=(2)
cfi=(18)
cfn=(1426)
calls=1 0 
0 957
0 19
cfn=(1442) std::num_put<char, std::ostreambuf_iterator<char, std::char_traits<char> > >::do_put(std::ostreambuf_iterator<char, std::char_traits<char> >, std::ios_base&, char, long) const
calls=1 0 
0 3371
0 33
cob=(2)
cfi=(18)
cfn=(1432)
calls=1 0 
0 2943
0 6

fn=(1430)
0 63

fn=(2098)
0 2
cob=(2)
cfi=(18)
cfn=(2100)
calls=1 0 
0 910

fn=(2250)
0 4
cob=(2)
cfi=(18)
cfn=(2252)
calls=1 0 
0 986

fn=(514) __cxa_guard_acquire
0 19

fn=(610)
0 34

fn=(1234)
0 1924

fn=(1240)
0 35
cob=(2)
cfi=(18)
cfn=(828)
calls=7 0 
0 56
0 77
cob=(2)
cfi=(18)
cfn=(1206)
calls=7 0 
0 637
0 28

fn=(1270)
0 20
cob=(2)
cfi=(18)
cfn=(828)
calls=4 0 
0 32
0 48
cob=(2)
cfi=(18)
cfn=(1206)
calls=4 0 
0 364
0 20

fn=(1300)
0 20
cob=(2)
cfi=(18)
cfn=(828)
calls=4 0 
0 32
0 44
cob=(2)
cfi=(18)
cfn=(1206)
calls=4 0 
0 364
0 16

fn=(1340)
0 1498068
cob=(2)
cfi=(18)
cfn=(1342)
calls=749034 0 
0 77025924

fn=(1436) std::ctype<char>::_M_widen_init() const
0 1077
cob=(2)
cfi=(18)
cfn=(1438)
calls=1 0 
0 809
0 10

fn=(1442)
0 3
cob=(2)
cfi=(18)
cfn=(1444)
calls=1 0 
0 3368

fn=(1448) std::ostreambuf_iterator<char, std::char_traits<char> > std::num_put<char, std::ostreambuf_iterator<char, std::char_traits<char> > >::_M_insert_int<long>(std::ostreambuf_iterator<char, std::char_traits<char> >, std::ios_base&, char, long) const
0 21
cfn=(1450)
calls=1 0 
0 30
0 32
cfn=(1456)
calls=1 0 
0 24
0 22
cfn=(1462)
calls=1 0 
0 1554
0 26

fn=(1474)
0 21
cob=(2)
cfi=(18)
cfn=(1476)
calls=1 0 
0 1494
0 5

fn=(1974) std::__cxx11::basic_string<char, std::char_traits<char>, std::allocator<char> >::_M_mutate(unsigned long, unsigned long, char const*, unsigned long)
0 30
cob=(2)
cfi=(18)
cfn=(1576)
calls=1 0 
0 75
0 13
cob=(2)
cfi=(18)
cfn=(1388)
calls=1 0 
0 13
0 22

ob=(11)
fl=(192) /home/reinhard/projects/fracessa/fracessa/cpp/third_party/flint-src/src/fmpq/canonicalise.c
fn=(1596) fmpq_canonicalise
46 115709
+1 231418
cfn=(1598) _fmpq_canonicalise
calls=115709 -32 
* 2314180

fn=(1598)
15 694254
+3 115709
-3 347127
+3 231418
+25 925672

fl=(225) /home/reinhard/projects/fracessa/fracessa/cpp/third_party/flint-src/src/fmpz/add.c
fn=(1910) fmpz_add
18 243010
+1 48602
+1 48602
+2 291612
+2 3168
+5 1584
cfi=(200) /home/reinhard/projects/fracessa/fracessa/cpp/third_party/flint-src/src/fmpz/fmpz.c
cfn=(1726) _fmpz_promote
calls=1584 216 
* 61776
+1 1584
+1 1584
-2 1584
+2 3168
+12 1589
cob=(2)
cfi=(18)
cfn=(1912)
calls=1589 -43 
* 123943
+12 1589
-3 1589
+3 3178
-3 1589
cfi=(200)
cfn=(1786) _fmpz_demote_val
calls=1589 242 
* 25424
-14 141054
+2 5
cfi=(200)
cfn=(1726)
calls=5 216 
* 195
+2 5
+1 5
-3 5
+2 10
+6 47013
cfi=(200)
cfn=(1726)
calls=47013 216 
* 804524
+2 47013
+1 47013
-3 47013
+3 47013
cob=(2)
cfi=(18)
cfn=(1916)
calls=47013 -51 
* 3925844
+4 47013
-3 47013
+3 94026
-3 47013
cfi=(200)
cfn=(1786)
calls=47013 242 
* 752208

fl=(218) /home/reinhard/projects/fracessa/fracessa/cpp/third_party/flint-src/src/fmpz/divexact.c
fn=(1802) fmpz_divexact
19 3507924
+2 584654
-1 584654
+3 1169308
+6 2923270
+8 2033035
+2 231330
cfi=(200)
cfn=(1726)
calls=231330 216 
* 7343003
+4 231330
-4 231330
+2 462660
+2 693990
cob=(2)
cfi=(18)
cfn=(1804)
calls=231330 -43 
* 22744754
+24 406607
-4 406607
+4 1626428
-4 406607
cfi=(200)
cfn=(1786)
calls=406607 242 
* 13126550
fi=(191) /home/reinhard/projects/fracessa/fracessa/cpp/third_party/flint-src/./src/fmpz.h
+97 178047
fe=(218)
31 178047
fi=(191)
160 178047
fe=(218)
31 178047
fi=(191)
160 534141
+2 890235
+2 178047
fe=(218)
-97 1068282
-6 175277
cfi=(200)
cfn=(1726)
calls=175277 216 
* 4459002
+1 350554
-1 175277
+1 175277
cob=(2)
cfi=(18)
cfn=(1864)
calls=175277 -62 
* 66011656
* 175277
fi=(191)
167 781
-4 781
cfi=(200)
cfn=(1810) _fmpz_clear_mpz
calls=781 -29 
* 25773
* 1562
fe=(218)

fl=(202) /home/reinhard/projects/fracessa/fracessa/cpp/third_party/flint-src/src/fmpq/cmp.c
fn=(1690) fmpq_cmp
97 80054
+1 120081
cfn=(1692) _fmpq_cmp
calls=40027 -82 
* 3562552

fn=(1692)
16 600405
+5 461605
+4 51960
+1 34640
+1 34640
+2 34640
+4 7639
-2 15278
+1 10498
+61 480324
-57 68121
cfi=(203) /home/reinhard/projects/fracessa/fracessa/cpp/third_party/flint-src/src/fmpz/equal.c
cfn=(1694) fmpz_equal
calls=22707 -19 
* 379733
* 45414
+3 8476
cfi=(220) /home/reinhard/projects/fracessa/fracessa/cpp/third_party/flint-src/src/fmpz/sgn.c
cfn=(1818) fmpz_sgn
calls=4238 -21 
* 71942
+1 4238
-1 4238
+1 4238
cfi=(220)
cfn=(1818)
calls=4238 -22 
* 35396
+2 8476
+1 23131
+2 1146
+6 1146
cfi=(227) /home/reinhard/projects/fracessa/fracessa/cpp/third_party/flint-src/src/fmpz/bits.c
cfn=(1954) fmpz_bits
calls=573 -34 
* 20055
+1 573
-1 573
+1 573
cfi=(227)
cfn=(1954)
calls=573 -35 
* 20055
+1 573
-1 573
+1 573
cfi=(227)
cfn=(1954)
calls=573 -36 
* 20055
+1 573
-1 573
+1 573
cfi=(227)
cfn=(1954)
calls=573 -37 
* 20055
+2 3438
+3 1719
+3 1146
+7 1146
+14 1719
fi=(191)
-14 573
fe=(202)
+14 573
+1 573
fi=(191)
-15 573
fe=(202)
+14 573
cfi=(219) /home/reinhard/projects/fracessa/fracessa/cpp/third_party/flint-src/src/fmpz/mul.c
cfn=(1812) fmpz_mul
calls=573 +63 
* 151799
+1 2292
cfi=(219)
cfn=(1812)
calls=573 +62 
* 154130
+2 1719
cfi=(222) /home/reinhard/projects/fracessa/fracessa/cpp/third_party/flint-src/src/fmpz/cmp.c
cfn=(1840) fmpz_cmp
calls=573 -68 
* 28981
+2 573
-2 573
fi=(191)
-16 2292
fe=(202)
+19 573
fi=(191)
-19 2865
cfi=(200)
cfn=(1810)
calls=573 +64 
* 18909
* 573
fe=(202)
-33 55407
cfi=(222)
cfn=(1840)
calls=18469 -19 
* 600139
* 36938
fi=(191)
+33 573
cfi=(200)
cfn=(1810)
calls=573 +64 
* 18909
* 573
fe=(202)

fl=(223) /home/reinhard/projects/fracessa/fracessa/cpp/third_party/flint-src/src/fmpz/abs.c
fn=(1880) fmpz_abs
18 26295
+1 26295
+14 5259
-3 5259
cfi=(200)
cfn=(1726)
calls=5259 216 
* 205101
+1 5259
-1 5259
+1 5259
fi=(221) /usr/include/x86_64-linux-gnu/gmp.h
1717 10518
+1 10518
cob=(2)
cfi=(18)
cfn=(1836)
calls=5259 0 
* 210157
+1 21036
fe=(223)
33 21036

fl=(198) /home/reinhard/projects/fracessa/fracessa/cpp/third_party/flint-src/src/fmpq/mpq_clear_readonly.c
fn=(1646) flint_mpq_clear_readonly
15 2070
+1 690
cfi=(199) /home/reinhard/projects/fracessa/fracessa/cpp/third_party/flint-src/src/fmpz/mpz_clear_readonly.c
cfn=(1648) flint_mpz_clear_readonly
calls=690 * 
* 58927
+1 690
+1 690
-1 690
cfi=(199)
cfn=(1648)
calls=690 -1 
* 58213

fl=(227)
fn=(1954)
17 2292
+1 2292
+2 9168
+1 6876
cob=(2)
cfi=(18)
cfn=(1956)
calls=2292 -21 
* 59592

fl=(214) /home/reinhard/projects/fracessa/fracessa/cpp/third_party/flint-src/src/generic_files/memory_manager.c
fn=(1754) flint_realloc
132 39
+3 26
+1 12
cfn=(1756) _flint_realloc
calls=12 -18 
* 33667
+4 26
+4 26
-6 2
cfn=(1742) _flint_malloc
calls=1 -43 
* 296
* 1

fn=(1740) flint_malloc
108 3
+1 1
cfn=(1742)
calls=1 -14 
* 358
+2 2
+4 2

fn=(1742)
95 2
+6 2
cob=(2)
cfi=(18)
cfn=(1744)
calls=2 0 
* 650

fn=(1756)
118 12
+6 12
cob=(2)
cfi=(18)
cfn=(1758)
calls=12 0 
* 33643

fl=(226) /home/reinhard/projects/fracessa/fracessa/cpp/third_party/flint-src/src/fmpz/inlines.c
fn=(1930) _fmpz_promote_set_ui
18 9258
+1 3086
cfi=(200)
cfn=(1726)
calls=3086 216 
* 120354
+1 3086
+1 3086
-2 3086
+1 3086
cob=(2)
cfi=(18)
cfn=(1932)
calls=3086 -20 
* 55548

fn=(1964) _fmpz_promote_neg_ui
24 825
+1 165
cfi=(200)
cfn=(1726)
calls=165 216 
* 6435
+1 165
-1 165
+1 330
cob=(2)
cfi=(18)
cfn=(1932)
calls=165 -26 
* 2970
fi=(221)
1817 165
fe=(226)
28 660

fl=(197) /home/reinhard/projects/fracessa/fracessa/cpp/third_party/flint-src/src/fmpz/mpz_init_set_readonly.c
fn=(1628) flint_mpz_init_set_readonly
17 1380
+1 6900
+2 644
+6 322
-2 1058
cob=(2)
cfi=(18)
cfn=(1630)
calls=1058 -24 
* 76202

fl=(222)
fn=(1840)
18 19042
+3 38084
+3 152336
+2 334
+12 56625
+2 9423
-12 9423
+12 28112
+1 4633
-9 1169
+12 18904
cob=(2)
cfi=(18)
cfn=(1842)
calls=9452 -44 
* 286245
+2 4790

fl=(206) /home/reinhard/projects/fracessa/fracessa/cpp/third_party/flint-src/src/fmpq/add.c
fn=(1906) fmpq_add
357 221104
+1 221104
-1 110552
+1 331656
cfn=(1908) _fmpq_add
calls=110552 231 
* 157133207

fn=(1708) _fmpq_add_small
18 2142348
+5 381916
+21 49716
+9 32728
+14 16364
-2 32728
+8 11
-1 11
+7 11
-1 11
-2 22
+3 16353
-1 16353
-2 32706
+8 7659
-1 7659
+4 32728
+24 32728
fi=(208) /home/reinhard/projects/fracessa/fracessa/cpp/third_party/flint-src/./src/ulong_extras.h
-27 34352
+4 8588
+1 8588
+1 8588
+1 8588
-3 8588
+1 8588
-1 8588
+2 8588
+1 8588
-2 8588
+2 8588
+1 77292
cob=(2)
cfi=(18)
cfn=(1718)
calls=8588 -92 
* 1321885
* 42940
+1 34352
+1 8588
fi=(191)
-34 84940
fe=(206)
-12 8494
+1 8494
226 198696
25 153671
+2 461013
fi=(191)
160 768355
+2 768355
+2 153671
60 768355
fe=(206)
-20 153671
226 1229368
113 15552
+1 15552
+6 22788
+7 2958
-1 1479
fi=(191)
-66 38880
fe=(206)
+73 15552
fi=(191)
+42 42940
+2 8588
fe=(206)
+45 32728
fi=(191)
+11 2980
-47 4467
+2 7435
+2 4461
+25 29748
-42 44370
+2 73855
+2 29542
+44 252
cfi=(200)
cfn=(1726)
calls=84 -5 
* 3276
+1 168
-1 84
+1 84
+2 168
+1 84
+1 84
+2 84
+11 3
cfi=(200)
cfn=(1726)
calls=1 -23 
* 39
+1 2
-1 1
+1 1
+2 2
+1 1
+1 2
fe=(206)
141 17176
+26 34352
+2 34352
-3 34352
+4 17176
+1 17176
+6 3910
+2 5865
+9 34352
fi=(208)
84 32144
+4 8036
+1 8036
+1 8036
-2 8036
+1 8036
-1 8036
+2 8036
+1 8036
-2 8036
+2 8036
+1 64288
cob=(2)
cfi=(18)
cfn=(1718)
calls=8036 -92 
* 1756557
* 32144
+1 32144
fe=(206)
198 16072
+4 32144
+11 42940
+3 34352
fi=(191)
-1 17176
-42 25764
fe=(206)
+4 5178
-55 25308
+72 2760
fi=(208)
84 1170
+4 33
+1 33
-1 33
+1 33
+1 33
-2 33
+3 33
-2 33
+1 33
+1 33
+1 264
cob=(2)
cfi=(18)
cfn=(1718)
calls=33 -92 
* 693
* 132
+1 132
fe=(206)
198 1104
+8 2208
+2 1656
+2 552
-37 26532
+53 19
fi=(191)
-46 38
fe=(206)
+46 114
fi=(191)
-46 19
cfi=(226)
cfn=(1930)
calls=19 18 
* 1235
fe=(206)
+46 2
fi=(191)
-33 4
fe=(206)
+33 12
fi=(191)
-33 2
cfi=(226)
cfn=(1964)
calls=2 24 
* 144
fe=(206)
-77 12474
fi=(208)
-16 1038
fe=(206)

fn=(1908)
231 1437176
+3 110552
-3 442208
+3 1525573
+7 145806
cfi=(203)
cfn=(1694)
calls=48602 17 
* 1769084
* 97204
+29 73498
+11 70330
+24 105495
fi=(191)
69 35165
fe=(206)
305 70330
cfi=(217) /home/reinhard/projects/fracessa/fracessa/cpp/third_party/flint-src/src/fmpz/gcd.c
cfn=(1790) fmpz_gcd
calls=35165 18 
* 14583194
+2 70330
+20 105495
fi=(191)
69 35165
fe=(206)
327 70330
fi=(191)
69 105495
fe=(206)
327 35165
cfi=(218)
cfn=(1802)
calls=35165 19 
* 7156317
+1 210990
cfi=(218)
cfn=(1802)
calls=35165 19 
* 10259804
+2 175825
+1 35165
-1 105495
cfi=(219)
cfn=(1812)
calls=35165 146 
* 4510505
+1 140660
cfi=(219)
cfn=(1812)
calls=35165 146 
* 5416838
+1 140660
cfi=(225)
cfn=(1910)
calls=35165 18 
* 5158485
+2 140660
cfi=(217)
cfn=(1790)
calls=35165 18 
* 33556635
+2 140660
+6 170490
cfi=(218)
cfn=(1802)
calls=28415 19 
* 7198171
+1 113660
cfi=(218)
cfn=(1802)
calls=28415 19 
* 3886704
+1 113660
cfi=(219)
cfn=(1812)
calls=28415 146 
* 2403098
+3 35165
fi=(191)
70 140660
fe=(206)
348 35165
fi=(191)
70 140660
fe=(206)
349 35165
fi=(191)
70 140660
fe=(206)
350 35165
fi=(191)
70 140660
fe=(206)
353 47018
fi=(191)
70 188072
fe=(206)
354 1216072
-68 3168
cfi=(193) /home/reinhard/projects/fracessa/fracessa/cpp/third_party/flint-src/src/fmpz/set.c
cfn=(1608) fmpz_set
calls=1584 18 
* 162195
+1 1584
fi=(191)
70 13959
cfi=(200)
cfn=(1810)
calls=7623 +64 
* 251559
* 7623
fe=(206)
236 185850
cfn=(1708)
calls=61950 18 
* 6838258
+1 61950
+6 47412
cfi=(225)
cfn=(1910)
calls=11853 18 
* 1547199
+3 23706
+7 35559
fi=(191)
69 11853
fe=(206)
253 23706
cfi=(217)
cfn=(1790)
calls=11853 18 
* 40155302
+2 23706
+6 5176
cfi=(218)
cfn=(1802)
calls=1294 19 
* 211406
+1 5176
cfi=(218)
cfn=(1802)
calls=1294 19 
* 211406
+2 1294
+74 27000
cfi=(219)
cfn=(1812)
calls=6750 146 
* 868166
* 6750
fi=(191)
70 35160
cfi=(200)
cfn=(1810)
calls=35160 +64 
* 1160280
* 42994
cfi=(200)
cfn=(1810)
calls=7834 +64 
* 258522
* 7834
fe=(206)
273 4752
fi=(191)
69 1584
fe=(206)
273 3168
cfi=(219)
cfn=(1812)
calls=1584 146 
* 49104
+1 6336
cfi=(225)
cfn=(1910)
calls=1584 18 
* 253476
+1 3168
fi=(191)
70 11853
cfi=(200)
cfn=(1810)
calls=11853 +64 
* 391149
* 11853
fe=(206)
257 31677
cfi=(193)
cfn=(1608)
calls=10559 18 
* 42236
* 10559

fl=(216) /home/reinhard/projects/fracessa/fracessa/cpp/third_party/flint-src/src/fmpz/sub.c
fn=(1770) fmpz_sub
19 805840
+1 115120
+1 115120
+2 690720
+2 4570
+6 2285
cfi=(200)
cfn=(1726)
calls=2285 216 
* 89115
+1 2285
-1 2285
+2 4570
+6 9140
cob=(2)
cfi=(18)
cfn=(1902)
calls=2285 -39 
* 166341
+1 2285
+5 338505
+2 1951
cfi=(200)
cfn=(1726)
calls=1951 216 
* 75407
+3 1951
-3 1951
+2 3902
+3 3894
cob=(2)
cfi=(18)
cfn=(1822)
calls=1947 -52 
* 170435
+12 115120
-3 115120
+3 460480
-3 115120
cfi=(200)
cfn=(1786)
calls=115120 242 
* 1854388
-11 12
cob=(2)
cfi=(18)
cfn=(1912)
calls=4 -50 
* 292
* 4
+7 110884
cfi=(200)
cfn=(1726)
calls=110884 216 
* 3904891
+2 110884
+1 110884
-3 110884
+3 110884
cob=(2)
cfi=(18)
cfn=(1772)
calls=110884 -60 
* 10051363
* 110884

fl=(205) /home/reinhard/projects/fracessa/fracessa/cpp/third_party/flint-src/src/fmpq/sub.c
fn=(1704) fmpq_sub
130 463398
+1 463398
-1 231699
+1 695097
cfn=(1706) _fmpq_sub
calls=231699 17 
* 102060986

fn=(1706)
17 3012087
+3 231699
-3 926796
+3 2754501
+7 345360
cfi=(203)
cfn=(1694)
calls=115120 -10 
* 2169350
* 230240
+29 23372
+11 7658
+11 11421
fi=(191)
-9 3807
fe=(205)
+9 7614
cfi=(217)
cfn=(1790)
calls=3807 -60 
* 3254992
+2 7614
+20 11421
fi=(191)
-31 3807
fe=(205)
+31 7614
fi=(191)
-31 11421
fe=(205)
+31 3807
cfi=(218)
cfn=(1802)
calls=3807 -81 
* 1441305
+1 22842
cfi=(218)
cfn=(1802)
calls=3807 -82 
* 1441305
+2 19035
+1 3807
-1 11421
cfi=(219)
cfn=(1812)
calls=3807 +43 
* 614906
+1 15228
cfi=(219)
cfn=(1812)
calls=3807 +42 
* 615364
+1 15228
cfi=(216)
cfn=(1770)
calls=3807 -86 
* 564898
+2 15228
cfi=(217)
cfn=(1790)
calls=3807 -89 
* 14097590
+2 15228
+6 2670
cfi=(218)
cfn=(1802)
calls=445 -96 
* 78561
+1 1780
cfi=(218)
cfn=(1802)
calls=445 -97 
* 72984
+1 1780
cfi=(219)
cfn=(1812)
calls=445 +29 
* 57556
+3 3807
fi=(191)
-50 15228
fe=(205)
+51 3807
fi=(191)
-51 15228
fe=(205)
+52 3807
fi=(191)
-52 15228
fe=(205)
+53 3807
fi=(191)
-53 15228
fe=(205)
+56 13535
fi=(191)
-56 54140
fe=(205)
+57 2548689
-57 66
fi=(191)
-1 22
fe=(205)
+1 44
cfi=(219)
cfn=(1812)
calls=22 +76 
* 682
+1 88
cfi=(216)
cfn=(1770)
calls=22 -52 
* 2354
+1 66
cfi=(193)
cfn=(1608)
calls=22 -54 
* 88
* 15714
cfi=(193)
cfn=(1608)
calls=7857 -54 
* 678595
+1 7879
fi=(191)
-3 40940
cfi=(200)
cfn=(1810)
calls=9424 +64 
* 310992
* 9424
fe=(205)
-48 466316
cfi=(206)
cfn=(1708)
calls=116579 -4 
* 5180880
+1 116579
+6 413736
cfi=(216)
cfn=(1770)
calls=103434 -10 
* 17969740
+3 206868
+7 29184
fi=(191)
+30 9728
fe=(205)
-30 19456
cfi=(217)
cfn=(1790)
calls=9728 -21 
* 35867270
+2 19456
+6 4504
cfi=(218)
cfn=(1802)
calls=1126 -28 
* 198398
+1 4504
cfi=(218)
cfn=(1802)
calls=1126 -29 
* 183760
+2 1126
+61 13448
cfi=(219)
cfn=(1812)
calls=3362 +35 
* 433637
* 3362
fi=(191)
-41 3807
cfi=(200)
cfn=(1810)
calls=3807 +64 
* 125631
* 3807
fe=(205)
-11 23571
fi=(191)
+10 7857
fe=(205)
-10 15714
cfi=(219)
cfn=(1812)
calls=7857 +87 
* 847098
+1 31428
cfi=(216)
cfn=(1770)
calls=7857 -41 
* 1352774
+1 15714
-27 281118
cfi=(193)
cfn=(1608)
calls=93706 -16 
* 2155238
* 93706
+9 25806
cfi=(193)
cfn=(1608)
calls=8602 -25 
* 34408
* 8602

fl=(217)
fn=(1790)
18 1929600
+1 321600
+1 321600
-2 964800
+4 1286400
+4 121126
+6 55304
+1 55304
-1 55304
+1 55304
-1 165912
+1 110608
+4 12480
+6 6240
+1 6240
-1 24960
+1 6240
+28 6240
cob=(2)
cfi=(18)
cfn=(1792)
calls=6240 -72 
* 596117
* 160807
cob=(2)
cfi=(18)
cfn=(1792)
calls=160807 -72 
* 24238849
fi=(191)
173 167047
fe=(217)
72 167047
fi=(191)
173 334094
+2 835235
+2 167047
fe=(217)
-94 2572800
-26 1044148
+6 223486
+9 223486
-3 335229
+3 111743
-3 111743
+3 111743
-3 111743
+3 335229
-20 343448
-24 10518
cfi=(223)
cfn=(1880)
calls=5259 -10 
* 557251
+1 5259
fi=(191)
176 19148
cfi=(200)
cfn=(1810)
calls=19148 -42 
* 631884
* 19148
fe=(217)
-98 149294
cfi=(200)
cfn=(1726)
calls=149294 216 
* 5207922
+1 298588
-1 149294
+1 149294
cob=(2)
cfi=(18)
cfn=(1850)
calls=149294 -79 
* 215491113
+1 298588
cfi=(200)
cfn=(1786)
calls=149294 242 
* 4902176
* 149294

fl=(165)
fn=(1312) std::__cxx11::basic_string<char, std::char_traits<char>, std::allocator<char> >::basic_string<std::allocator<char> >(char const*, std::allocator<char> const&) [clone .constprop.0]
0 299
cob=(2)
cfi=(18)
cfn=(1314)
calls=23 0 
0 639
0 161
cfn=(1316) void std::__cxx11::basic_string<char, std::char_traits<char>, std::allocator<char> >::_M_construct<char const*>(char const*, char const*, std::forward_iterator_tag) [clone .constprop.0]
calls=23 0 
0 4275

fn=(1352) void std::__introsort_loop<__gnu_cxx::__normal_iterator<std::__cxx11::basic_string<char, std::char_traits<char>, std::allocator<char> >*, std::vector<std::__cxx11::basic_string<char, std::char_traits<char>, std::allocator<char> >, std::allocator<std::__cxx11::basic_string<char, std::char_traits<char>, std::allocator<char> > > > >, long, __gnu_cxx::__ops::_Iter_comp_iter<argparse::Argument::Argument<2ul, 0ul, 1ul>(std::basic_string_view<char, std::char_traits<char> >, std::array<std::basic_string_view<char, std::char_traits<char> >, 2ul>&&, std::integer_sequence<unsigned long, 0ul, 1ul>)::{lambda(auto:1 const&, auto:2 const&)#1}> >(__gnu_cxx::__normal_iterator<std::__cxx11::basic_string<char, std::char_traits<char>, std::allocator<char> >*, std::vector<std::__cxx11::basic_string<char, std::char_traits<char>, std::allocator<char> >, std::allocator<std::__cxx11::basic_string<char, std::char_traits<char>, std::allocator<char> > > > >, __gnu_cxx::__normal_iterator<std::__cxx11::basic_string<char, std::char_traits<char>, std::allocator<char> >*, std::vector<std::__cxx11::basic_string<char, std::char_traits<char>, std::allocator<char> >, std::allocator<std::__cxx11::basic_string<char, std::char_traits<char>, std::allocator<char> > > > >, long, __gnu_cxx::__ops::_Iter_comp_iter<argparse::Argument::Argument<2ul, 0ul, 1ul>(std::basic_string_view<char, std::char_traits<char> >, std::array<std::basic_string_view<char, std::char_traits<char> >, 2ul>&&, std::integer_sequence<unsigned long, 0ul, 1ul>)::{lambda(auto:1 const&, auto:2 const&)#1}>)
0 250

fn=(1354) void std::__insertion_sort<__gnu_cxx::__normal_iterator<std::__cxx11::basic_string<char, std::char_traits<char>, std::allocator<char> >*, std::vector<std::__cxx11::basic_string<char, std::char_traits<char>, std::allocator<char> >, std::allocator<std::__cxx11::basic_string<char, std::char_traits<char>, std::allocator<char> > > > >, __gnu_cxx::__ops::_Iter_comp_iter<argparse::Argument::Argument<2ul, 0ul, 1ul>(std::basic_string_view<char, std::char_traits<char> >, std::array<std::basic_string_view<char, std::char_traits<char> >, 2ul>&&, std::integer_sequence<unsigned long, 0ul, 1ul>)::{lambda(auto:1 const&, auto:2 const&)#1}> >(__gnu_cxx::__normal_iterator<std::__cxx11::basic_string<char, std::char_traits<char>, std::allocator<char> >*, std::vector<std::__cxx11::basic_string<char, std::char_traits<char>, std::allocator<char> >, std::allocator<std::__cxx11::basic_string<char, std::char_traits<char>, std::allocator<char> > > > >, __gnu_cxx::__normal_iterator<std::__cxx11::basic_string<char, std::char_traits<char>, std::allocator<char> >*, std::vector<std::__cxx11::basic_string<char, std::char_traits<char>, std::allocator<char> >, std::allocator<std::__cxx11::basic_string<char, std::char_traits<char>, std::allocator<char> > > > >, __gnu_cxx::__ops::_Iter_comp_iter<argparse::Argument::Argument<2ul, 0ul, 1ul>(std::basic_string_view<char, std::char_traits<char> >, std::array<std::basic_string_view<char, std::char_traits<char> >, 2ul>&&, std::integer_sequence<unsigned long, 0ul, 1ul>)::{lambda(auto:1 const&, auto:2 const&)#1}>) [clone .constprop.0]
0 270
cfn=(1356) void std::__unguarded_linear_insert<__gnu_cxx::__normal_iterator<std::__cxx11::basic_string<char, std::char_traits<char>, std::allocator<char> >*, std::vector<std::__cxx11::basic_string<char, std::char_traits<char>, std::allocator<char> >, std::allocator<std::__cxx11::basic_string<char, std::char_traits<char>, std::allocator<char> > > > >, __gnu_cxx::__ops::_Val_comp_iter<argparse::Argument::Argument<2ul, 0ul, 1ul>(std::basic_string_view<char, std::char_traits<char> >, std::array<std::basic_string_view<char, std::char_traits<char> >, 2ul>&&, std::integer_sequence<unsigned long, 0ul, 1ul>)::{lambda(auto:1 const&, auto:2 const&)#1}> >(__gnu_cxx::__normal_iterator<std::__cxx11::basic_string<char, std::char_traits<char>, std::allocator<char> >*, std::vector<std::__cxx11::basic_string<char, std::char_traits<char>, std::allocator<char> >, std::allocator<std::__cxx11::basic_string<char, std::char_traits<char>, std::allocator<char> > > > >, __gnu_cxx::__ops::_Val_comp_iter<argparse::Argument::Argument<2ul, 0ul, 1ul>(std::basic_string_view<char, std::char_traits<char> >, std::array<std::basic_string_view<char, std::char_traits<char> >, 2ul>&&, std::integer_sequence<unsigned long, 0ul, 1ul>)::{lambda(auto:1 const&, auto:2 const&)#1}>) [clone .constprop.0]
calls=9 0 
0 762
0 137

fn=(1394) std::any::_Manager_internal<bool>::_S_manage(std::any::_Op, std::any const*, std::any::_Arg*)
0 374

fn=(1544) std::basic_string_view<char, std::char_traits<char> >::compare(std::basic_string_view<char, std::char_traits<char> >) const
0 112
cob=(2)
cfi=(18)
cfn=(1372)
calls=8 0 
0 214
0 104

fn=(1614) std::vector<rational_linalg::fraction, std::allocator<rational_linalg::fraction> >::_M_move_assign(std::vector<rational_linalg::fraction, std::allocator<rational_linalg::fraction> >&&, std::integral_constant<bool, true>) [clone .isra.0] [clone .lto_priv.0]
0 18
cfn=(1612) std::vector<rational_linalg::fraction, std::allocator<rational_linalg::fraction> >::~vector()
calls=1 0 
0 15
0 5

fn=(2084) argparse::ArgumentParser::~ArgumentParser()
0 8
cfn=(2086) std::_Rb_tree<std::basic_string_view<char, std::char_traits<char> >, std::pair<std::basic_string_view<char, std::char_traits<char> > const, bool>, std::_Select1st<std::pair<std::basic_string_view<char, std::char_traits<char> > const, bool> >, std::less<void>, std::allocator<std::pair<std::basic_string_view<char, std::char_traits<char> > const, bool> > >::_M_erase(std::_Rb_tree_node<std::pair<std::basic_string_view<char, std::char_traits<char> > const, bool> >*)
calls=1 0 
0 4
0 3
cfn=(2086)
calls=1 0 
0 4
0 10
cfn=(2086)
calls=1 0 
0 2370
0 2
cfn=(2088) std::__cxx11::_List_base<argparse::Argument, std::allocator<argparse::Argument> >::_M_clear()
calls=1 0 
0 3692
0 2
cfn=(2088)
calls=1 0 
0 1630
0 17
cob=(2)
cfi=(18)
cfn=(1338)
calls=1 0 
0 88
0 12

fn=(746) 0x000000000002dfe0
0 12

fn=(1364) std::_Rb_tree<std::basic_string_view<char, std::char_traits<char> >, std::pair<std::basic_string_view<char, std::char_traits<char> > const, bool>, std::_Select1st<std::pair<std::basic_string_view<char, std::char_traits<char> > const, bool> >, std::less<void>, std::allocator<std::pair<std::basic_string_view<char, std::char_traits<char> > const, bool> > >::_M_get_insert_hint_unique_pos(std::_Rb_tree_const_iterator<std::pair<std::basic_string_view<char, std::char_traits<char> > const, bool> >, std::basic_string_view<char, std::char_traits<char> > const&)
0 560
cob=(2)
cfi=(18)
cfn=(1372)
calls=16 0 
0 358
0 186
cob=(2)
cfi=(18)
cfn=(1406)
calls=14 0 
0 258
0 154
cob=(2)
cfi=(18)
cfn=(1372)
calls=14 0 
0 316
0 366
cob=(2)
cfi=(18)
cfn=(1372)
calls=2 0 
0 40
0 27
cfn=(1366) std::_Rb_tree<std::basic_string_view<char, std::char_traits<char> >, std::pair<std::basic_string_view<char, std::char_traits<char> > const, bool>, std::_Select1st<std::pair<std::basic_string_view<char, std::char_traits<char> > const, bool> >, std::less<void>, std::allocator<std::pair<std::basic_string_view<char, std::char_traits<char> > const, bool> > >::_M_get_insert_unique_pos(std::basic_string_view<char, std::char_traits<char> > const&)
calls=1 0 
0 26

fn=(1378) std::_Function_base::_Base_manager<argparse::Argument::m_action::{lambda(std::__cxx11::basic_string<char, std::char_traits<char>, std::allocator<char> > const&)#1}>::_M_manager(std::_Any_data&, argparse::Argument::m_action::{lambda(std::__cxx11::basic_string<char, std::char_traits<char>, std::allocator<char> > const&)#1} const&, std::_Manager_operation)
0 86

fn=(1404) argparse::Argument::implicit_value(std::any)
0 64
cfn=(1392) std::any::operator=(std::any&&)
calls=8 0 
0 336
0 32
cfn=(1328) argparse::Argument::NArgsRange::NArgsRange(unsigned long, unsigned long)
calls=8 0 
0 112
0 72

fn=(1504) std::any::_Manager_internal<int>::_S_manage(std::any::_Op, std::any const*, std::any::_Arg*)
0 29

fn=(1526) argparse::Argument::is_optional(std::basic_string_view<char, std::char_traits<char> >, std::basic_string_view<char, std::char_traits<char> >)
0 3
cfn=(1330) argparse::Argument::is_positional(std::basic_string_view<char, std::char_traits<char> >, std::basic_string_view<char, std::char_traits<char> >)
calls=1 0 
0 41
0 3

fn=(1530) std::_Function_handler<std::any (std::__cxx11::basic_string<char, std::char_traits<char>, std::allocator<char> > const&), argparse::Argument::m_action::{lambda(std::__cxx11::basic_string<char, std::char_traits<char>, std::allocator<char> > const&)#1}>::_M_invoke(std::_Any_data const&, std::__cxx11::basic_string<char, std::char_traits<char>, std::allocator<char> > const&)
0 16
cfn=(1316)
calls=1 0 
0 285
0 5
cob=(2)
cfi=(18)
cfn=(1324)
calls=1 0 
0 57
0 19

fn=(1546) void* std::__any_caster<std::__cxx11::basic_string<char, std::char_traits<char>, std::allocator<char> > >(std::any const*)
0 13
cfn=(1548) void* std::__any_caster<bool>(std::any const*) [clone .part.0] [clone .lto_priv.0]
calls=1 0 
0 39
0 6

fn=(1548)
0 80
cfn=(1504)
calls=1 0 
0 9
cfn=(1394)
calls=6 0 
0 54
cfn=(1532) std::any::_Manager_external<std::__cxx11::basic_string<char, std::char_traits<char>, std::allocator<char> > >::_S_manage(std::any::_Op, std::any const*, std::any::_Arg*)
calls=1 0 
0 23
0 48

fn=(1552) void* std::__any_caster<bool>(std::any const*)
0 78
cfn=(1548)
calls=6 0 
0 150
0 36

fn=(1582) long long __gnu_cxx::__stoa<long long, long long, char, int>(long long (*)(char const*, char**, int), char const*, char const*, unsigned long*, int) [clone .constprop.0]
0 110
cob=(2)
cfi=(18)
cfn=(1566)
calls=11 0 
0 66
0 77
cob=(2)
cfi=(18)
cfn=(1584)
calls=11 0 
0 2024
0 187

fn=(1600) rational_linalg::fraction& std::vector<rational_linalg::fraction, std::allocator<rational_linalg::fraction> >::emplace_back<rational_linalg::fraction>(rational_linalg::fraction&&)
0 330

fn=(1604) rational_linalg::Matrix<rational_linalg::fraction> rational_linalg::create_circular_symmetric<rational_linalg::fraction>(unsigned long, std::vector<rational_linalg::fraction, std::allocator<rational_linalg::fraction> > const&)
0 21
cfn=(1606) std::vector<rational_linalg::fraction, std::allocator<rational_linalg::fraction> >::vector(unsigned long, std::allocator<rational_linalg::fraction> const&) [clone .constprop.2]
calls=1 0 
0 2344
0 4
cfn=(1606)
calls=1 0 
0 319
0 7
cfi=(190) /home/reinhard/projects/fracessa/fracessa/cpp/third_party/flint-src/src/fmpq/set_si.c
cfn=(1590) fmpq_set_si
calls=1 39 
0 44
0 2
cfi=(192)
cfn=(1596)
calls=1 46 
0 23
0 14
cfn=(1602) fmpq_clear
calls=1 0 
0 15
0 145
cfi=(193)
cfn=(1608)
calls=11 18 
0 253
0 44
cfi=(193)
cfn=(1608)
calls=11 18 
0 253
0 110
cfi=(193)
cfn=(1608)
calls=11 18 
0 253
0 44
cfi=(193)
cfn=(1608)
calls=11 18 
0 253
0 8579
cfi=(193)
cfn=(1608)
calls=529 18 
0 12167
0 2116
cfi=(193)
cfn=(1608)
calls=529 18 
0 12167
0 1702
cfn=(1612)
calls=1 0 
0 405
0 12

fn=(1952) __gnu_cxx::__normal_iterator<unsigned long*, std::vector<unsigned long, std::allocator<unsigned long> > > std::__remove_if<__gnu_cxx::__normal_iterator<unsigned long*, std::vector<unsigned long, std::allocator<unsigned long> > >, __gnu_cxx::__ops::_Iter_pred<Supports::remove_supersets(unsigned long const&, unsigned long)::{lambda(unsigned long const&)#1}> >(__gnu_cxx::__ops::_Iter_pred<Supports::remove_supersets(unsigned long const&, unsigned long)::{lambda(unsigned long const&)#1}>, __gnu_cxx::__ops::_Iter_pred<Supports::remove_supersets(unsigned long const&, unsigned long)::{lambda(unsigned long const&)#1}>, __gnu_cxx::__ops::_Iter_pred<Supports::remove_supersets(unsigned long const&, unsigned long)::{lambda(unsigned long const&)#1}>)
0 119250902

fn=(2082) std::vector<candidate, std::allocator<candidate> >::~vector()
0 20

fn=(1328)
0 280

fn=(1376) std::__detail::__variant::__gen_vtable_impl<true, std::__detail::__variant::_Multi_array<std::__detail::__variant::__variant_cookie (*)(std::__detail::__variant::_Variant_storage<false, std::function<std::any (std::__cxx11::basic_string<char, std::char_traits<char>, std::allocator<char> > const&)>, std::function<void (std::__cxx11::basic_string<char, std::char_traits<char>, std::allocator<char> > const&)> >::_M_reset_impl()::{lambda(auto:1&&)#1}&&, std::variant<std::function<std::any (std::__cxx11::basic_string<char, std::char_traits<char>, std::allocator<char> > const&)>, std::function<void (std::__cxx11::basic_string<char, std::char_traits<char>, std::allocator<char> > const&)> >&)>, std::tuple<std::variant<std::function<std::any (std::__cxx11::basic_string<char, std::char_traits<char>, std::allocator<char> > const&)>, std::function<void (std::__cxx11::basic_string<char, std::char_traits<char>, std::allocator<char> > const&)> > >, std::integer_sequence<unsigned long, 0ul> >::__visit_invoke(std::__detail::__variant::_Variant_storage<false, std::function<std::any (std::__cxx11::basic_string<char, std::char_traits<char>, std::allocator<char> > const&)>, std::function<void (std::__cxx11::basic_string<char, std::char_traits<char>, std::allocator<char> > const&)> >::_M_reset_impl()::{lambda(auto:1&&)#1}, std::variant<std::function<std::any (std::__cxx11::basic_string<char, std::char_traits<char>, std::allocator<char> > const&)>, std::function<void (std::__cxx11::basic_string<char, std::char_traits<char>, std::allocator<char> > const&)> >)
0 84
cfn=(2094) std::_Function_base::_Base_manager<argparse::details::parse_number<int, 0> >::_M_manager(std::_Any_data&, std::_Any_data const&, std::_Manager_operation)
calls=1 0 
0 7
cfn=(1378)
calls=9 0 
0 63
0 32

fn=(1532)
0 55
cob=(2)
cfi=(18)
cfn=(1338)
calls=1 0 
0 108
0 8
cob=(2)
cfi=(18)
cfn=(2096)
calls=1 0 
0 914
0 19

fn=(1542) std::_Rb_tree<std::basic_string_view<char, std::char_traits<char> >, std::pair<std::basic_string_view<char, std::char_traits<char> > const, std::_List_iterator<argparse::Argument> >, std::_Select1st<std::pair<std::basic_string_view<char, std::char_traits<char> > const, std::_List_iterator<argparse::Argument> > >, std::less<void>, std::allocator<std::pair<std::basic_string_view<char, std::char_traits<char> > const, std::_List_iterator<argparse::Argument> > > >::_M_lower_bound(std::_Rb_tree_node<std::pair<std::basic_string_view<char, std::char_traits<char> > const, std::_List_iterator<argparse::Argument> > > const*, std::_Rb_tree_node_base const*, std::basic_string_view<char, std::char_traits<char> > const&) const [clone .isra.0] [clone .lto_priv.0]
0 476
cob=(2)
cfi=(18)
cfn=(1372)
calls=34 0 
0 857
0 344

fn=(1550) std::conditional<IsContainer<bool>, bool, bool const&>::type argparse::ArgumentParser::get<bool>(std::basic_string_view<char, std::char_traits<char> >) const
0 72
cfn=(1540) argparse::ArgumentParser::operator[](std::basic_string_view<char, std::char_traits<char> >) const
calls=6 0 
0 1847
0 102
cfn=(1552)
calls=6 0 
0 264
0 6

fn=(2070) fracessa::~fracessa()
0 10
cfn=(2072) std::vector<std::vector<unsigned long, std::allocator<unsigned long> >, std::allocator<std::vector<unsigned long, std::allocator<unsigned long> > > >::~vector()
calls=1 0 
0 2552
0 2
cfn=(2078) candidate::~candidate()
calls=1 0 
0 1562
0 2
cfn=(2080) MatrixServer::~MatrixServer()
calls=1 0 
0 13230
0 3
cfn=(2082)
calls=1 0 
0 20

fn=(1316)
0 1650
cob=(2)
cfi=(18)
cfn=(1396)
calls=16 0 
0 4022
0 112
cob=(2)
cfi=(18)
cfn=(1318)
calls=16 0 
0 320
0 90
cob=(2)
cfi=(18)
cfn=(1318)
calls=30 0 
0 512
0 138

fn=(1350) void std::__sort<__gnu_cxx::__normal_iterator<std::__cxx11::basic_string<char, std::char_traits<char>, std::allocator<char> >*, std::vector<std::__cxx11::basic_string<char, std::char_traits<char>, std::allocator<char> >, std::allocator<std::__cxx11::basic_string<char, std::char_traits<char>, std::allocator<char> > > > >, __gnu_cxx::__ops::_Iter_comp_iter<argparse::Argument::Argument<1ul, 0ul>(std::basic_string_view<char, std::char_traits<char> >, std::array<std::basic_string_view<char, std::char_traits<char> >, 1ul>&&, std::integer_sequence<unsigned long, 0ul>)::{lambda(auto:1 const&, auto:2 const&)#1}> >(__gnu_cxx::__normal_iterator<std::__cxx11::basic_string<char, std::char_traits<char>, std::allocator<char> >*, std::vector<std::__cxx11::basic_string<char, std::char_traits<char>, std::allocator<char> >, std::allocator<std::__cxx11::basic_string<char, std::char_traits<char>, std::allocator<char> > > > >, __gnu_cxx::__normal_iterator<std::__cxx11::basic_string<char, std::char_traits<char>, std::allocator<char> >*, std::vector<std::__cxx11::basic_string<char, std::char_traits<char>, std::allocator<char> >, std::allocator<std::__cxx11::basic_string<char, std::char_traits<char>, std::allocator<char> > > > >, __gnu_cxx::__ops::_Iter_comp_iter<argparse::Argument::Argument<1ul, 0ul>(std::basic_string_view<char, std::char_traits<char> >, std::array<std::basic_string_view<char, std::char_traits<char> >, 1ul>&&, std::integer_sequence<unsigned long, 0ul>)::{lambda(auto:1 const&, auto:2 const&)#1}>)
0 190
cfn=(1352)
calls=10 0 
0 250
0 80
cfn=(1354)
calls=10 0 
0 1169

fn=(1362) argparse::ArgumentParser::index_argument(std::_List_iterator<argparse::Argument>)
0 1002
cob=(2)
cfi=(18)
cfn=(1372)
calls=57 0 
0 1269
0 536
cob=(2)
cfi=(18)
cfn=(1372)
calls=16 0 
0 358
0 102
cob=(2)
cfi=(18)
cfn=(1324)
calls=19 0 
0 3876
0 171
cfn=(1364)
calls=19 0 
0 2291
0 153
cob=(2)
cfi=(18)
cfn=(1368)
calls=6 0 
0 219
0 52
cob=(2)
cfi=(18)
cfn=(1368)
calls=13 0 
0 587
0 318
cob=(2)
cfi=(18)
cfn=(1372)
calls=13 0 
0 291
0 78

fn=(1540)
0 152
cfn=(1542)
calls=8 0 
0 1677
0 88
cfn=(1544)
calls=8 0 
0 430
0 120

fn=(1602)
0 3497
cfi=(200)
cfn=(1810)
calls=58 134 
0 1914
0 174
cfi=(200)
cfn=(1810)
calls=58 134 
0 1914

fn=(1616) fracessa::fracessa(rational_linalg::Matrix<rational_linalg::fraction> const&, bool, bool, bool, bool, bool, int)
0 39
cob=(2)
cfi=(18)
cfn=(1324)
calls=1 0 
0 200
0 21
cfi=(193)
cfn=(1608)
calls=1 18 
0 23
0 2640
cfi=(193)
cfn=(1608)
calls=528 18 
0 12144
0 2116
cfi=(193)
cfn=(1608)
calls=529 18 
0 12167
0 1616
cob=(2)
cfi=(18)
cfn=(1324)
calls=1 0 
0 200
0 7
cob=(2)
cfi=(18)
cfn=(1618)
calls=1 0 
0 4251
0 13
cfi=(195) /home/reinhard/projects/fracessa/fracessa/cpp/third_party/flint-src/src/fmpq/get_d.c
cfn=(1624) fmpq_get_d
calls=1 15 
0 2285
0 2112
cfi=(195)
cfn=(1624)
calls=528 15 
0 415268
0 1656
cob=(2)
cfi=(18)
cfn=(1324)
calls=1 0 
0 196
0 85347325
cob=(2)
cfi=(18)
cfn=(1678)
calls=8388607 0 
0 192937961
0 399180504
cob=(2)
cfi=(18)
cfn=(1324)
calls=1 0 
0 53
0 66
cob=(2)
cfi=(18)
cfn=(1324)
calls=22 0 
0 5652
0 146
cfn=(1682) std::_Bvector_base<std::allocator<bool> >::_M_deallocate()
calls=1 0 
0 101
0 548
cfn=(1684) fracessa::search_one_support(unsigned long const&, unsigned long, bool)
calls=20 0 
0 271156
0 1775215
cfn=(1684)
calls=355043 0 
0 4773439426
0 1066035
cob=(2)
cfi=(18)
cfn=(1324)
calls=1 0 
0 53
0 18
cob=(2)
cfi=(18)
cfn=(1618)
calls=1 0 
0 17
0 2

fn=(2090) std::_Function_base::_Base_manager<argparse::ArgumentParser::ArgumentParser(std::__cxx11::basic_string<char, std::char_traits<char>, std::allocator<char> >, std::__cxx11::basic_string<char, std::char_traits<char>, std::allocator<char> >, argparse::default_arguments)::{lambda(auto:1 const&)#1}>::_M_manager(std::_Any_data&, std::_Function_base::_Base_manager<argparse::ArgumentParser::ArgumentParser(std::__cxx11::basic_string<char, std::char_traits<char>, std::allocator<char> >, std::__cxx11::basic_string<char, std::char_traits<char>, std::allocator<char> >, argparse::default_arguments)::{lambda(auto:1 const&)#1}> const&, std::_Manager_operation)
0 6

fn=(2144) 0x000000000002df30
0 5

fn=(1322) argparse::Argument& argparse::ArgumentParser::add_argument<char const*, char const*>(char const*, char const*)
0 144
cob=(2)
cfi=(18)
cfn=(1314)
calls=9 0 
0 182
0 36
cob=(2)
cfi=(18)
cfn=(1314)
calls=9 0 
0 178
0 36
cob=(2)
cfi=(18)
cfn=(1324)
calls=9 0 
0 1791
0 369
cfn=(1328)
calls=9 0 
0 126
0 54
cfn=(1330)
calls=9 0 
0 504
0 117
cfn=(1336) std::__cxx11::basic_string<char, std::char_traits<char>, std::allocator<char> >& std::vector<std::__cxx11::basic_string<char, std::char_traits<char>, std::allocator<char> >, std::allocator<std::__cxx11::basic_string<char, std::char_traits<char>, std::allocator<char> > > >::emplace_back<std::basic_string_view<char, std::char_traits<char> >&>(std::basic_string_view<char, std::char_traits<char> >&)
calls=9 0 
0 2061
0 27
cfn=(1336)
calls=9 0 
0 4722
0 27
cfn=(1350)
calls=9 0 
0 1608
0 27
cob=(2)
cfi=(18)
cfn=(1358)
calls=9 0 
0 90
0 54
cfn=(1362)
calls=9 0 
0 10752
0 126

fn=(1336)
0 673
cob=(2)
cfi=(18)
cfn=(1324)
calls=19 0 
0 2847
0 228
cfn=(1316)
calls=19 0 
0 1108
0 322
cob=(2)
cfi=(18)
cfn=(1338)
calls=9 0 
0 1548
0 235

fn=(1356)
0 585
cob=(2)
cfi=(18)
cfn=(1318)
calls=9 0 
0 141
0 36

fn=(1374) std::enable_if<is_constructible_v<std::variant_alternative<1ul, std::variant<std::function<std::any (std::__cxx11::basic_string<char, std::char_traits<char>, std::allocator<char> > const&)>, std::function<void (std::__cxx11::basic_string<char, std::char_traits<char>, std::allocator<char> > const&)> > >::type, std::function<void (std::__cxx11::basic_string<char, std::char_traits<char>, std::allocator<char> > const&)> >, std::variant_alternative<1ul, std::variant<std::function<std::any (std::__cxx11::basic_string<char, std::char_traits<char>, std::allocator<char> > const&)>, std::function<void (std::__cxx11::basic_string<char, std::char_traits<char>, std::allocator<char> > const&)> > >::type&>::type std::variant<std::function<std::any (std::__cxx11::basic_string<char, std::char_traits<char>, std::allocator<char> > const&)>, std::function<void (std::__cxx11::basic_string<char, std::char_traits<char>, std::allocator<char> > const&)> >::emplace<1ul, std::function<void (std::__cxx11::basic_string<char, std::char_traits<char>, std::allocator<char> > const&)> >(std::function<void (std::__cxx11::basic_string<char, std::char_traits<char>, std::allocator<char> > const&)>&&)
0 34
cfn=(1376)
calls=2 0 
0 36
0 46

fn=(1392)
0 357
cfn=(1504)
calls=1 0 
0 13
cfn=(1394)
calls=16 0 
0 208
0 136

fn=(1612)
0 700672
cob=(2)
cfi=(18)
cfn=(1338)
calls=497 0 
0 62663
0 7488
cfi=(200)
cfn=(1810)
calls=7488 134 
0 247104
0 15044
cfi=(200)
cfn=(1810)
calls=7556 134 
0 249348
0 24193

fn=(1682)
0 6
cob=(2)
cfi=(18)
cfn=(1338)
calls=1 0 
0 88
0 7

fn=(1922) void fracessa::check_stability<rational_linalg::fraction>()
0 7567
cob=(2)
cfi=(18)
cfn=(1678)
calls=161 0 
0 3703
0 658
cfn=(1606)
calls=2 0 
0 6254
0 30
cfn=(1612)
calls=2 0 
0 2066
0 8
cfn=(1612)
calls=2 0 
0 30
0 350243
cfi=(190)
cfn=(1590)
calls=13234 39 
0 582296
0 52936
cfi=(192)
cfn=(1596)
calls=13234 46 
0 304382
0 79404
cfi=(204) /home/reinhard/projects/fracessa/fracessa/cpp/third_party/flint-src/src/fmpq/mul.c
cfn=(1696) fmpq_mul
calls=13234 173 
0 1257230
0 476424
cfi=(206)
cfn=(1906)
calls=13234 357 
0 1363102
0 105872
cfi=(206)
cfn=(1906)
calls=13234 357 
0 1363102
0 105872
cfi=(206)
cfn=(1906)
calls=13234 357 
0 1363102
0 92638
cfi=(205)
cfn=(1704)
calls=13234 130 
0 1376336
0 105872
cfi=(205)
cfn=(1704)
calls=13234 130 
0 1376336
0 105872
cfi=(205)
cfn=(1704)
calls=13234 130 
0 1376336
0 364600
cfi=(193)
cfn=(1608)
calls=11250 18 
0 258750
0 45000
cfi=(193)
cfn=(1608)
calls=11250 18 
0 258750
0 1124152
cfn=(1606)
calls=161 0 
0 147266
0 1127
cfn=(1606)
calls=161 0 
0 141018
0 189063
cfi=(190)
cfn=(1590)
calls=22500 39 
0 990000
0 45000
cfi=(192)
cfn=(1596)
calls=22500 46 
0 517500
0 707641
cfi=(190)
cfn=(1590)
calls=1819 39 
0 80036
0 3638
cfi=(192)
cfn=(1596)
calls=1819 46 
0 41837
0 21828
cfi=(205)
cfn=(1704)
calls=1819 130 
0 189176
0 103213
cfi=(205)
cfn=(1704)
calls=9383 130 
0 2914360
0 145626
cfi=(190)
cfn=(1590)
calls=11202 39 
0 492888
0 22404
cfi=(192)
cfn=(1596)
calls=11202 46 
0 257646
0 89616
cfi=(207) /home/reinhard/projects/fracessa/fracessa/cpp/third_party/flint-src/src/fmpq/div.c
cfn=(1712) fmpq_div
calls=11202 48 
0 6039460
0 78414
cfi=(204)
cfn=(1696)
calls=11202 173 
0 18094646
0 838619
cfi=(190)
cfn=(1590)
calls=9383 39 
0 412852
0 18766
cfi=(192)
cfn=(1596)
calls=9383 46 
0 215809
0 1255991
cfi=(204)
cfn=(1696)
calls=29205 173 
0 36716684
0 187660
cfi=(204)
cfn=(1696)
calls=9383 173 
0 2665058
0 231528
cfi=(204)
cfn=(1696)
calls=38588 173 
0 54616449
0 154352
cfi=(206)
cfn=(1906)
calls=38588 357 
0 46392596
0 212965
cfi=(200)
cfn=(1810)
calls=20025 134 
0 660825
0 40452
cfi=(200)
cfn=(1810)
calls=20427 134 
0 674091
0 100208
cfi=(200)
cfn=(1810)
calls=20161 134 
0 665313
0 36822
cfi=(200)
cfn=(1810)
calls=16661 134 
0 549813
0 28565
cfi=(190)
cfn=(1590)
calls=1984 39 
0 87296
0 3968
cfi=(192)
cfn=(1596)
calls=1984 46 
0 45632
0 5100
cfi=(200)
cfn=(1810)
calls=3116 134 
0 102828
0 7476
cfi=(200)
cfn=(1810)
calls=4360 134 
0 143880
0 7476
cfi=(200)
cfn=(1810)
calls=3116 134 
0 102828
0 7197
cfi=(200)
cfn=(1810)
calls=4081 134 
0 134673
0 8538
cfi=(200)
cfn=(1810)
calls=4457 134 
0 147081
0 7593
cfi=(200)
cfn=(1810)
calls=3136 134 
0 103488
0 15869
cfi=(190)
cfn=(1590)
calls=1819 39 
0 80036
0 3638
cfi=(192)
cfn=(1596)
calls=1819 46 
0 41837
0 168030
cfi=(204)
cfn=(1696)
calls=11202 173 
0 2739154
0 67212
cfi=(204)
cfn=(1696)
calls=11202 173 
0 23627490
0 44808
cfi=(206)
cfn=(1906)
calls=11202 357 
0 20694277
0 258819
cfi=(205)
cfn=(1704)
calls=1980 130 
0 774367
0 63360
cfi=(190)
cfn=(1590)
calls=1980 39 
0 87120
0 3960
cfi=(192)
cfn=(1596)
calls=1980 46 
0 45540
0 13860
cfi=(202)
cfn=(1690)
calls=1980 97 
0 160139
0 48826
cfn=(1612)
calls=109 0 
0 403050
0 218
cfn=(1612)
calls=109 0 
0 274285
0 1090
cob=(2)
cfi=(18)
cfn=(1950)
calls=109 0 
0 8393
0 7730
cfi=(200)
cfn=(1810)
calls=7512 134 
0 247896
0 14935
cfi=(200)
cfn=(1810)
calls=7423 134 
0 244959
0 14260
cfi=(200)
cfn=(1810)
calls=6837 134 
0 225621
0 14366
cfi=(200)
cfn=(1810)
calls=7529 134 
0 248457
0 24171
cfn=(1602)
calls=52 0 
0 4316
0 104
cfn=(1612)
calls=52 0 
0 226507
0 104
cfn=(1612)
calls=52 0 
0 151194
0 416
cob=(2)
cfi=(18)
cfn=(1678)
calls=52 0 
0 1196
0 1378
cfi=(200)
cfn=(1810)
calls=1222 134 
0 40326
0 2253
cfi=(200)
cfn=(1810)
calls=1031 134 
0 34023
0 7095
cfi=(190)
cfn=(1590)
calls=161 39 
0 7084
0 322
cfi=(192)
cfn=(1596)
calls=161 46 
0 3703
0 951
cob=(2)
cfi=(18)
cfn=(1950)
calls=52 0 
0 5384
0 104

fn=(2078)
0 20
cob=(2)
cfi=(18)
cfn=(1338)
calls=1 0 
0 106
0 270
cob=(2)
cfi=(18)
cfn=(1338)
calls=1 0 
0 88
0 14
cfi=(200)
cfn=(1810)
calls=14 134 
0 462
0 28
cfi=(200)
cfn=(1810)
calls=14 134 
0 462
0 43
cfi=(200)
cfn=(1810)
calls=1 134 
0 33
0 2
cfi=(200)
cfn=(1810)
calls=1 134 
0 33
0 1

fn=(2088)
0 93
cfn=(1532)
calls=1 0 
0 1053
0 25
cob=(2)
cfi=(18)
cfn=(1338)
calls=1 0 
0 106
0 80
cfn=(1376)
calls=8 0 
0 144
cfn=(1380) std::__detail::__variant::__gen_vtable_impl<true, std::__detail::__variant::_Multi_array<std::__detail::__variant::__variant_cookie (*)(std::__detail::__variant::_Variant_storage<false, std::function<std::any (std::__cxx11::basic_string<char, std::char_traits<char>, std::allocator<char> > const&)>, std::function<void (std::__cxx11::basic_string<char, std::char_traits<char>, std::allocator<char> > const&)> >::_M_reset_impl()::{lambda(auto:1&&)#1}&&, std::variant<std::function<std::any (std::__cxx11::basic_string<char, std::char_traits<char>, std::allocator<char> > const&)>, std::function<void (std::__cxx11::basic_string<char, std::char_traits<char>, std::allocator<char> > const&)> >&)>, std::tuple<std::variant<std::function<std::any (std::__cxx11::basic_string<char, std::char_traits<char>, std::allocator<char> > const&)>, std::function<void (std::__cxx11::basic_string<char, std::char_traits<char>, std::allocator<char> > const&)> > >, std::integer_sequence<unsigned long, 1ul> >::__visit_invoke(std::__detail::__variant::_Variant_storage<false, std::function<std::any (std::__cxx11::basic_string<char, std::char_traits<char>, std::allocator<char> > const&)>, std::function<void (std::__cxx11::basic_string<char, std::char_traits<char>, std::allocator<char> > const&)> >::_M_reset_impl()::{lambda(auto:1&&)#1}, std::variant<std::function<std::any (std::__cxx11::basic_string<char, std::char_traits<char>, std::allocator<char> > const&)>, std::function<void (std::__cxx11::basic_string<char, std::char_traits<char>, std::allocator<char> > const&)> >)
calls=2 0 
0 34
0 62
cfn=(1394)
calls=8 0 
0 56
0 106
cfn=(1504)
calls=1 0 
0 7
cfn=(1394)
calls=8 0 
0 56
0 90
cob=(2)
cfi=(18)
cfn=(1338)
calls=10 0 
0 978
0 176
cob=(2)
cfi=(18)
cfn=(1338)
calls=10 0 
0 1078
0 20
cob=(2)
cfi=(18)
cfn=(1338)
calls=10 0 
0 1033
0 125

fn=(1330)
0 168
cob=(2)
cfi=(18)
cfn=(1332)
calls=12 0 
0 249
0 210

fn=(1524) __gnu_cxx::__normal_iterator<std::__cxx11::basic_string<char, std::char_traits<char>, std::allocator<char> >*, std::vector<std::__cxx11::basic_string<char, std::char_traits<char>, std::allocator<char> >, std::allocator<std::__cxx11::basic_string<char, std::char_traits<char>, std::allocator<char> > > > > argparse::Argument::consume<__gnu_cxx::__normal_iterator<std::__cxx11::basic_string<char, std::char_traits<char>, std::allocator<char> >*, std::vector<std::__cxx11::basic_string<char, std::char_traits<char>, std::allocator<char> >, std::allocator<std::__cxx11::basic_string<char, std::char_traits<char>, std::allocator<char> > > > > >(__gnu_cxx::__normal_iterator<std::__cxx11::basic_string<char, std::char_traits<char>, std::allocator<char> >*, std::vector<std::__cxx11::basic_string<char, std::char_traits<char>, std::allocator<char> >, std::allocator<std::__cxx11::basic_string<char, std::char_traits<char>, std::allocator<char> > > > >, __gnu_cxx::__normal_iterator<std::__cxx11::basic_string<char, std::char_traits<char>, std::allocator<char> >*, std::vector<std::__cxx11::basic_string<char, std::char_traits<char>, std::allocator<char> >, std::allocator<std::__cxx11::basic_string<char, std::char_traits<char>, std::allocator<char> > > > >, std::basic_string_view<char, std::char_traits<char> >)
0 61
cfn=(1528) std::__detail::__variant::__gen_vtable_impl<true, std::__detail::__variant::_Multi_array<void (*)(__gnu_cxx::__normal_iterator<std::__cxx11::basic_string<char, std::char_traits<char>, std::allocator<char> >*, std::vector<std::__cxx11::basic_string<char, std::char_traits<char>, std::allocator<char> >, std::allocator<std::__cxx11::basic_string<char, std::char_traits<char>, std::allocator<char> > > > > argparse::Argument::consume<__gnu_cxx::__normal_iterator<std::__cxx11::basic_string<char, std::char_traits<char>, std::allocator<char> >*, std::vector<std::__cxx11::basic_string<char, std::char_traits<char>, std::allocator<char> >, std::allocator<std::__cxx11::basic_string<char, std::char_traits<char>, std::allocator<char> > > > > >(__gnu_cxx::__normal_iterator<std::__cxx11::basic_string<char, std::char_traits<char>, std::allocator<char> >*, std::vector<std::__cxx11::basic_string<char, std::char_traits<char>, std::allocator<char> >, std::allocator<std::__cxx11::basic_string<char, std::char_traits<char>, std::allocator<char> > > > >, __gnu_cxx::__normal_iterator<std::__cxx11::basic_string<char, std::char_traits<char>, std::allocator<char> >*, std::vector<std::__cxx11::basic_string<char, std::char_traits<char>, std::allocator<char> >, std::allocator<std::__cxx11::basic_string<char, std::char_traits<char>, std::allocator<char> > > > >, std::basic_string_view<char, std::char_traits<char> >)::ActionApply&&, std::variant<std::function<std::any (std::__cxx11::basic_string<char, std::char_traits<char>, std::allocator<char> > const&)>, std::function<void (std::__cxx11::basic_string<char, std::char_traits<char>, std::allocator<char> > const&)> >&)>, std::tuple<std::variant<std::function<std::any (std::__cxx11::basic_string<char, std::char_traits<char>, std::allocator<char> > const&)>, std::function<void (std::__cxx11::basic_string<char, std::char_traits<char>, std::allocator<char> > const&)> >&>, std::integer_sequence<unsigned long, 0ul> >::__visit_invoke(__gnu_cxx::__normal_iterator<std::__cxx11::basic_string<char, std::char_traits<char>, std::allocator<char> >*, std::vector<std::__cxx11::basic_string<char, std::char_traits<char>, std::allocator<char> >, std::allocator<std::__cxx11::basic_string<char, std::char_traits<char>, std::allocator<char> > > > > argparse::Argument::consume<__gnu_cxx::__normal_iterator<std::__cxx11::basic_string<char, std::char_traits<char>, std::allocator<char> >*, std::vector<std::__cxx11::basic_string<char, std::char_traits<char>, std::allocator<char> >, std::allocator<std::__cxx11::basic_string<char, std::char_traits<char>, std::allocator<char> > > > > >(__gnu_cxx::__normal_iterator<std::__cxx11::basic_string<char, std::char_traits<char>, std::allocator<char> >*, std::vector<std::__cxx11::basic_string<char, std::char_traits<char>, std::allocator<char> >, std::allocator<std::__cxx11::basic_string<char, std::char_traits<char>, std::allocator<char> > > > >, __gnu_cxx::__normal_iterator<std::__cxx11::basic_string<char, std::char_traits<char>, std::allocator<char> >*, std::vector<std::__cxx11::basic_string<char, std::char_traits<char>, std::allocator<char> >, std::allocator<std::__cxx11::basic_string<char, std::char_traits<char>, std::allocator<char> > > > >, std::basic_string_view<char, std::char_traits<char> >)::ActionApply&&, std::variant<std::function<std::any (std::__cxx11::basic_string<char, std::char_traits<char>, std::allocator<char> > const&)>, std::function<void (std::__cxx11::basic_string<char, std::char_traits<char>, std::allocator<char> > const&)> >&)
calls=1 0 
0 741
0 35
cfn=(1526)
calls=1 0 
0 47
0 4

fn=(1528)
0 22
cfn=(1378)
calls=1 0 
0 9
0 19
cfn=(1530)
calls=1 0 
0 382
0 12
cfn=(1378)
calls=1 0 
0 7
0 29
cob=(2)
cfi=(18)
cfn=(1324)
calls=1 0 
0 204
0 14
cfn=(1532)
calls=1 0 
0 28
0 15

fn=(1684)
0 968096537
cob=(2)
cfi=(18)
cfn=(1324)
calls=355063 0 
0 87931760
0 4260756
cob=(2)
cfi=(18)
cfn=(1686)
calls=355063 0 
0 58838072
0 2471165692
cob=(2)
cfi=(18)
cfn=(1338)
calls=317104 0 
0 27905152
0 75918
cob=(2)
cfi=(18)
cfn=(1338)
calls=37959 0 
0 3340392
0 1420252
cob=(2)
cfi=(18)
cfn=(1338)
calls=355063 0 
0 45315479
0 1430326
cfi=(193)
cfn=(1608)
calls=29627 18 
0 681421
0 118508
cfi=(193)
cfn=(1608)
calls=29627 18 
0 681421
0 193323
cfi=(190)
cfn=(1590)
calls=2223 39 
0 97812
0 4446
cfi=(192)
cfn=(1596)
calls=2223 46 
0 51129
0 71136
cfi=(190)
cfn=(1590)
calls=2223 39 
0 97812
0 4446
cfi=(192)
cfn=(1596)
calls=2223 46 
0 51129
0 69362
cfi=(190)
cfn=(1590)
calls=167 39 
0 7348
0 12336
cfi=(190)
cfn=(1590)
calls=2056 39 
0 90464
0 4446
cfi=(192)
cfn=(1596)
calls=2223 46 
0 51129
0 63580
cfi=(190)
cfn=(1590)
calls=167 39 
0 7348
0 334
cfi=(192)
cfn=(1596)
calls=167 46 
0 3841
0 5511
cfi=(190)
cfn=(1590)
calls=167 39 
0 7348
0 334
cfi=(192)
cfn=(1596)
calls=167 46 
0 3841
0 7515
cob=(2)
cfi=(18)
cfn=(1324)
calls=167 0 
0 47501
0 3173
cfi=(193)
cfn=(1608)
calls=167 18 
0 3841
0 182315
cfi=(193)
cfn=(1608)
calls=36463 18 
0 838649
0 146520
cfi=(193)
cfn=(1608)
calls=36630 18 
0 842490
0 112896
cfi=(190)
cfn=(1590)
calls=167 39 
0 7348
0 334
cfi=(192)
cfn=(1596)
calls=167 46 
0 3841
0 4008
cfi=(193)
cfn=(1608)
calls=167 18 
0 3841
0 22616
cfi=(193)
cfn=(1608)
calls=2056 18 
0 169091
0 6669
cfi=(193)
cfn=(1608)
calls=2223 18 
0 51129
0 15561
cfi=(190)
cfn=(1590)
calls=2223 39 
0 97812
0 4446
cfi=(192)
cfn=(1596)
calls=2223 46 
0 51129
0 6669
cfi=(202)
cfn=(1690)
calls=2223 97 
0 167190
0 68913
cfi=(193)
cfn=(1608)
calls=2223 18 
0 172197
0 137020
cfi=(193)
cfn=(1608)
calls=13702 18 
0 799402
0 47775
cfi=(193)
cfn=(1608)
calls=15925 18 
0 366275
0 111475
cfi=(190)
cfn=(1590)
calls=15925 39 
0 700700
0 31850
cfi=(192)
cfn=(1596)
calls=15925 46 
0 366275
0 47775
cfi=(202)
cfn=(1690)
calls=15925 97 
0 1148167
0 270725
cfi=(202)
cfn=(1690)
calls=15925 97 
0 1345263
0 33032
cfi=(193)
cfn=(1608)
calls=394 18 
0 14838
0 1182
cfi=(193)
cfn=(1608)
calls=394 18 
0 9062
0 235629
cfi=(193)
cfn=(1608)
calls=312 18 
0 7176
0 44870
cfi=(193)
cfn=(1608)
calls=4487 18 
0 144057
0 14397
cfi=(193)
cfn=(1608)
calls=4799 18 
0 110377
0 76784
cfi=(193)
cfn=(1608)
calls=4799 18 
0 135102
0 19196
cfi=(193)
cfn=(1608)
calls=4799 18 
0 110377
0 57588
cfi=(193)
cfn=(1608)
calls=4799 18 
0 135082
0 14397
cfi=(193)
cfn=(1608)
calls=4799 18 
0 110377
0 91639
cfi=(193)
cfn=(1608)
calls=2223 18 
0 172753
0 11115
cfi=(193)
cfn=(1608)
calls=2223 18 
0 51129
0 15561
cfi=(190)
cfn=(1590)
calls=2223 39 
0 97812
0 4446
cfi=(192)
cfn=(1596)
calls=2223 46 
0 51129
0 8892
cfi=(203)
cfn=(1694)
calls=2223 17 
0 32009
0 82251
cfi=(204)
cfn=(1696)
calls=2223 173 
0 1616238
0 246636
cfi=(204)
cfn=(1696)
calls=13702 173 
0 2879518
0 2351440
cfi=(204)
cfn=(1696)
calls=146965 173 
0 26534731
0 1628900
cfi=(204)
cfn=(1696)
calls=162890 173 
0 30819402
0 977340
cfi=(205)
cfn=(1704)
calls=162890 130 
0 32356969
0 1466010
cfi=(207)
cfn=(1712)
calls=162890 48 
0 161762007
0 9559095
cfi=(190)
cfn=(1590)
calls=15925 39 
0 700700
0 31850
cfi=(192)
cfn=(1596)
calls=15925 46 
0 366275
0 452569
cfi=(193)
cfn=(1608)
calls=2223 18 
0 129725
0 6669
cfi=(193)
cfn=(1608)
calls=2223 18 
0 51129
0 149074
cfi=(200)
cfn=(1810)
calls=91777 134 
0 3028641
0 142847
cfi=(200)
cfn=(1810)
calls=51070 134 
0 1685310
0 144731
cfi=(200)
cfn=(1810)
calls=93661 134 
0 3090813
0 187355
cfi=(200)
cfn=(1810)
calls=93694 134 
0 3091902
0 125759
cfi=(209) /home/reinhard/projects/fracessa/fracessa/cpp/third_party/flint-src/src/fmpz/neg.c
cfn=(1722) fmpz_neg
calls=6413 17 
0 462214
0 19239
cfi=(193)
cfn=(1608)
calls=6413 18 
0 147499
0 110476
cfi=(200)
cfn=(1810)
calls=7868 134 
0 259644
0 15736
cfi=(200)
cfn=(1810)
calls=7868 134 
0 259644
0 8389
cfi=(200)
cfn=(1810)
calls=521 134 
0 17193
0 8457
cfi=(200)
cfn=(1810)
calls=3968 134 
0 130944
0 12981
cfi=(209)
cfn=(1722)
calls=1009 17 
0 89818
0 3027
cfi=(193)
cfn=(1608)
calls=1009 18 
0 23207
0 19484
cfn=(1606)
calls=167 0 
0 29559
0 32458
cfi=(193)
cfn=(1608)
calls=2223 18 
0 227437
0 8892
cfi=(193)
cfn=(1608)
calls=2223 18 
0 227437
0 33964
cfi=(190)
cfn=(1590)
calls=1618 39 
0 71192
0 3236
cfi=(192)
cfn=(1596)
calls=1618 46 
0 37214
0 46974
cfi=(193)
cfn=(1608)
calls=167 18 
0 17443
0 835
cfi=(193)
cfn=(1608)
calls=167 18 
0 17443
0 38182
cfi=(190)
cfn=(1590)
calls=1584 39 
0 69696
0 3168
cfi=(192)
cfn=(1596)
calls=1584 46 
0 36432
0 493020
cfi=(204)
cfn=(1696)
calls=21060 173 
0 19859596
0 84240
cfi=(206)
cfn=(1906)
calls=21060 357 
0 86841444
0 320652
cfi=(202)
cfn=(1690)
calls=1584 97 
0 726828
0 7902
cfi=(203)
cfn=(1694)
calls=1578 17 
0 86790
0 27792
cfn=(1920) std::vector<rational_linalg::fraction, std::allocator<rational_linalg::fraction> >::operator=(std::vector<rational_linalg::fraction, std::allocator<rational_linalg::fraction> > const&)
calls=161 0 
0 491180
0 644
cfi=(193)
cfn=(1608)
calls=161 18 
0 11686
0 483
cfi=(193)
cfn=(1608)
calls=161 18 
0 11686
0 322
cfi=(195)
cfn=(1624)
calls=161 15 
0 128903
0 483
cob=(2)
cfi=(18)
cfn=(1678)
calls=161 0 
0 3703
0 2326
cfn=(1612)
calls=167 0 
0 221022
0 26071
cob=(2)
cfi=(18)
cfn=(1338)
calls=167 0 
0 14696
0 478361
cob=(2)
cfi=(18)
cfn=(1338)
calls=167 0 
0 30086
0 2266
cfn=(1922)
calls=161 0 
0 243967031
0 3239370
cfi=(190)
cfn=(1590)
calls=167 39 
0 7348
0 334
cfi=(192)
cfn=(1596)
calls=167 46 
0 3841
0 1336
cfi=(203)
cfn=(1694)
calls=167 17 
0 2505
0 668
cfn=(1602)
calls=167 0 
0 2505
0 1169
cfn=(1606)
calls=167 0 
0 23897
0 2505
cfn=(1612)
calls=167 0 
0 2505
0 668
cfn=(1612)
calls=167 0 
0 2505
0 2505
cfi=(193)
cfn=(1608)
calls=167 18 
0 17201
0 501
cfi=(193)
cfn=(1608)
calls=167 18 
0 3841
0 2171
cfi=(193)
cfn=(1608)
calls=167 18 
0 17201
0 22230
cfi=(193)
cfn=(1608)
calls=2223 18 
0 172753
0 7170
cfi=(193)
cfn=(1608)
calls=2390 18 
0 54970
0 16730
cfi=(190)
cfn=(1590)
calls=2390 39 
0 105160
0 4780
cfi=(192)
cfn=(1596)
calls=2390 46 
0 54970
0 9560
cfi=(203)
cfn=(1694)
calls=2390 17 
0 34514
0 54970
cfi=(207)
cfn=(1712)
calls=2390 48 
0 6770231
0 16730
cfi=(190)
cfn=(1590)
calls=2390 39 
0 105160
0 4780
cfi=(192)
cfn=(1596)
calls=2390 46 
0 54970
0 7170
cfi=(202)
cfn=(1690)
calls=2390 97 
0 215100
0 52580
cfi=(193)
cfn=(1608)
calls=2390 18 
0 244522
0 7170
cfi=(193)
cfn=(1608)
calls=2390 18 
0 244522
0 103490
cfi=(193)
cfn=(1608)
calls=2223 18 
0 51129
0 6669
cfi=(193)
cfn=(1608)
calls=2223 18 
0 51129
0 40014
cfi=(204)
cfn=(1696)
calls=2223 173 
0 5908826
0 191828
cfi=(204)
cfn=(1696)
calls=13702 173 
0 25710848
0 63700
cfi=(205)
cfn=(1704)
calls=15925 130 
0 63550698
0 161473
cfi=(200)
cfn=(1810)
calls=1555 134 
0 51315
0 3110
cfi=(200)
cfn=(1810)
calls=1555 134 
0 51315
0 1571
cfn=(1606)
calls=2 0 
0 2341
0 30
cfn=(1612)
calls=2 0 
0 2897
0 8
cfn=(1612)
calls=2 0 
0 30
0 242
cob=(2)
cfi=(18)
cfn=(1324)
calls=20 0 
0 4684
0 100
cob=(2)
cfi=(18)
cfn=(1618)
calls=20 0 
0 18454
0 299
cob=(2)
cfi=(18)
cfn=(1338)
calls=19 0 
0 2239
0 15872
cfi=(200)
cfn=(1810)
calls=15758 134 
0 520014
0 83236
cfi=(200)
cfn=(1810)
calls=15758 134 
0 520014
0 81129845
cfn=(1952)
calls=7252 0 
0 65980693
0 51266
cfn=(1952)
calls=1081 0 
0 53270209
0 19149
cfi=(200)
cfn=(1810)
calls=9757 134 
0 321981
0 12147
cfi=(200)
cfn=(1810)
calls=2390 134 
0 78870
0 4780
cfi=(200)
cfn=(1810)
calls=2390 134 
0 78870
0 28397
cfi=(200)
cfn=(1810)
calls=21060 134 
0 694980
0 42120
cfi=(200)
cfn=(1810)
calls=21060 134 
0 694980
0 22704
cfi=(200)
cfn=(1810)
calls=822 134 
0 27126
0 3867
cfi=(200)
cfn=(1810)
calls=2223 134 
0 73359
0 4613
cfi=(200)
cfn=(1810)
calls=2390 134 
0 78870
0 4112
cfi=(200)
cfn=(1810)
calls=1722 134 
0 56826
0 4112
cfi=(200)
cfn=(1810)
calls=2390 134 
0 78870
0 4780
cfi=(200)
cfn=(1810)
calls=2390 134 
0 78870
0 2842894
cob=(2)
cfi=(18)
cfn=(1324)
calls=355063 0 
0 20239242
0 1775315
cob=(2)
cfi=(18)
cfn=(1618)
calls=355063 0 
0 7102610
0 81540361
cob=(2)
cfi=(18)
cfn=(1324)
calls=37959 0 
0 2163805
0 227754
cob=(2)
cfi=(18)
cfn=(1618)
calls=37959 0 
0 1138770
0 16489471
cob=(2)
cfi=(18)
cfn=(1338)
calls=37792 0 
0 3325696
0 167
cob=(2)
cfi=(18)
cfn=(1338)
calls=167 0 
0 14696
0 77496
cfi=(200)
cfn=(1810)
calls=1578 134 
0 52074
0 3156
cfi=(200)
cfn=(1810)
calls=1578 134 
0 52074
0 1745
cfi=(200)
cfn=(1810)
calls=167 134 
0 5511
0 710416
cfi=(200)
cfn=(1810)
calls=167 134 
0 5511
0 334
cfi=(200)
cfn=(1810)
calls=167 134 
0 5511
0 513
cfn=(1602)
calls=6 0 
0 498
0 515

fn=(2072)
0 102
cob=(2)
cfi=(18)
cfn=(1338)
calls=23 0 
0 2286
0 76
cob=(2)
cfi=(18)
cfn=(1338)
calls=1 0 
0 88

fn=(2080)
0 5
cfn=(1612)
calls=1 0 
0 2383
0 2
cfn=(1612)
calls=1 0 
0 3272
0 4
cob=(2)
cfi=(18)
cfn=(1338)
calls=1 0 
0 349
0 4
cob=(2)
cfi=(18)
cfn=(1338)
calls=1 0 
0 155
0 3
cfn=(1612)
calls=1 0 
0 7053

fn=(1580) std::vector<rational_linalg::fraction, std::allocator<rational_linalg::fraction> >::reserve(unsigned long) [clone .constprop.0]
0 32
cob=(2)
cfi=(18)
cfn=(1324)
calls=1 0 
0 199
0 16

fn=(2124)
0 9
cob=(2)
cfi=(18)
cfn=(2130)
calls=1 0 
0 143
0 1
cfn=(2144)
calls=1 0 
0 5
0 3

fn=(736)
0 12
cob=(3)
cfi=(166)
cfn=(738)
calls=1 137 
0 5454765552

fn=(752) _GLOBAL__sub_I__Z19parse_matrix_stringRKNSt7__cxx1112basic_stringIcSt11char_traitsIcESaIcEEERN15rational_linalg6MatrixINS7_8fractionEEERb
0 4
cob=(2)
cfi=(18)
cfn=(754)
calls=1 0 
0 121064
0 5
cob=(2)
cfi=(18)
cfn=(1302)
calls=1 0 
0 74

fn=(1310)
0 20
cfn=(1312)
calls=1 0 
0 100
0 3
cfn=(1312)
calls=1 0 
0 98
0 40
cfn=(1312)
calls=1 0 
0 78
0 3
cfn=(1312)
calls=1 0 
0 74
0 28
cfn=(1316)
calls=1 0 
0 56
0 25
cfn=(1322)
calls=1 0 
0 2892
0 15
cfn=(1374)
calls=1 0 
0 58
0 9
cfn=(1380)
calls=1 0 
0 6
0 8
cfn=(1382) argparse::Argument& argparse::Argument::default_value<bool>(bool&&) [clone .constprop.0]
calls=1 0 
0 994
0 4
cfn=(1312)
calls=1 0 
0 1011
0 4
cob=(2)
cfi=(18)
cfn=(1384)
calls=1 0 
0 31
0 7
cfn=(1404)
calls=1 0 
0 77
0 5
cfn=(1328)
calls=1 0 
0 14
0 14
cfn=(1322)
calls=1 0 
0 2386
0 15
cfn=(1374)
calls=1 0 
0 58
0 7
cfn=(1380)
calls=1 0 
0 6
0 6
cfn=(1382)
calls=1 0 
0 232
0 4
cfn=(1312)
calls=1 0 
0 174
0 3
cob=(2)
cfi=(18)
cfn=(1384)
calls=1 0 
0 31
0 5
cfn=(1404)
calls=1 0 
0 77
0 5
cfn=(1328)
calls=1 0 
0 14
0 18
cfn=(1312)
calls=1 0 
0 336
0 3
cob=(2)
cfi=(18)
cfn=(1384)
calls=1 0 
0 31
0 7
cfn=(1322)
calls=1 0 
0 2551
0 4
cfn=(1312)
calls=1 0 
0 326
0 3
cob=(2)
cfi=(18)
cfn=(1384)
calls=1 0 
0 31
0 5
cfn=(1404)
calls=1 0 
0 77
0 4
cfn=(1382)
calls=1 0 
0 232
0 10
cfn=(1322)
calls=1 0 
0 2384
0 4
cfn=(1312)
calls=1 0 
0 339
0 3
cob=(2)
cfi=(18)
cfn=(1384)
calls=1 0 
0 31
0 5
cfn=(1404)
calls=1 0 
0 77
0 4
cfn=(1382)
calls=1 0 
0 232
0 10
cfn=(1322)
calls=1 0 
0 2558
0 4
cfn=(1312)
calls=1 0 
0 340
0 3
cob=(2)
cfi=(18)
cfn=(1384)
calls=1 0 
0 31
0 5
cfn=(1404)
calls=1 0 
0 77
0 4
cfn=(1382)
calls=1 0 
0 232
0 10
cfn=(1322)
calls=1 0 
0 2609
0 4
cfn=(1312)
calls=1 0 
0 377
0 3
cob=(2)
cfi=(18)
cfn=(1384)
calls=1 0 
0 31
0 5
cfn=(1404)
calls=1 0 
0 77
0 4
cfn=(1382)
calls=1 0 
0 232
0 10
cfn=(1322)
calls=1 0 
0 2541
0 4
cfn=(1312)
calls=1 0 
0 340
0 3
cob=(2)
cfi=(18)
cfn=(1384)
calls=1 0 
0 31
0 5
cfn=(1404)
calls=1 0 
0 77
0 4
cfn=(1382)
calls=1 0 
0 232
0 10
cfn=(1322)
calls=1 0 
0 2581
0 5
cfn=(1312)
calls=1 0 
0 321
0 3
cob=(2)
cfi=(18)
cfn=(1384)
calls=1 0 
0 31
0 13
cfn=(1410) std::function<void (std::__cxx11::basic_string<char, std::char_traits<char>, std::allocator<char> > const&)>::operator=(std::function<void (std::__cxx11::basic_string<char, std::char_traits<char>, std::allocator<char> > const&)>&&)
calls=1 0 
0 45
0 8
cfn=(1376)
calls=1 0 
0 6
0 4
cob=(2)
cfi=(18)
cfn=(1412)
calls=1 0 
0 3185
0 3
cob=(2)
cfi=(18)
cfn=(1416)
calls=1 0 
0 8317
0 3
cob=(2)
cfi=(18)
cfn=(1472)
calls=1 0 
0 1522
0 2
cob=(2)
cfi=(18)
cfn=(1482)
calls=1 0 
0 3294
0 3
cob=(2)
cfi=(18)
cfn=(1384)
calls=1 0 
0 51
0 10
cfn=(1392)
calls=1 0 
0 42
0 10
cfn=(1322)
calls=1 0 
0 2529
0 4
cfn=(1312)
calls=1 0 
0 340
0 3
cob=(2)
cfi=(18)
cfn=(1384)
calls=1 0 
0 31
0 5
cfn=(1404)
calls=1 0 
0 77
0 4
cfn=(1382)
calls=1 0 
0 232
0 11
cob=(2)
cfi=(18)
cfn=(1324)
calls=1 0 
0 199
0 42
cfn=(1328)
calls=1 0 
0 14
0 7
cfn=(1330)
calls=1 0 
0 41
0 15
cfn=(1336)
calls=1 0 
0 178
0 3
cfn=(1350)
calls=1 0 
0 81
0 3
cob=(2)
cfi=(18)
cfn=(1358)
calls=1 0 
0 10
0 7
cfn=(1362)
calls=1 0 
0 551
0 3
cfn=(1312)
calls=1 0 
0 320
0 4
cob=(2)
cfi=(18)
cfn=(1384)
calls=1 0 
0 31
0 21
cob=(2)
cfi=(18)
cfn=(1324)
calls=1 0 
0 204
0 27
cob=(2)
cfi=(18)
cfn=(1314)
calls=2 0 
0 62
0 8
cfn=(1316)
calls=2 0 
0 560
0 14
cfn=(1510) argparse::ArgumentParser::parse_args_internal(std::vector<std::__cxx11::basic_string<char, std::char_traits<char>, std::allocator<char> >, std::allocator<std::__cxx11::basic_string<char, std::char_traits<char>, std::allocator<char> > > > const&)
calls=1 0 
0 8495
0 112
cob=(2)
cfi=(18)
cfn=(1534)
calls=18 0 
0 282
0 1
cob=(2)
cfi=(18)
cfn=(1534)
calls=1 0 
0 30
0 161
cfn=(1538) std::vector<std::__cxx11::basic_string<char, std::char_traits<char>, std::allocator<char> >, std::allocator<std::__cxx11::basic_string<char, std::char_traits<char>, std::allocator<char> > > >::~vector()
calls=1 0 
0 297
0 6
cfn=(1540)
calls=1 0 
0 316
0 9
cfn=(1546)
calls=1 0 
0 58
0 6
cfn=(1550)
calls=1 0 
0 380
0 6
cfn=(1550)
calls=1 0 
0 366
0 7
cfn=(1550)
calls=1 0 
0 366
0 6
cfn=(1550)
calls=1 0 
0 379
0 6
cfn=(1550)
calls=1 0 
0 379
0 10
cfn=(1540)
calls=1 0 
0 304
0 10
cfn=(1550)
calls=1 0 
0 421
0 22
cfn=(1616)
calls=1 0 
0 5454481232
0 10
cob=(2)
cfi=(18)
cfn=(1976)
calls=1 0 
0 3502
0 2
cob=(2)
cfi=(18)
cfn=(2026)
calls=1 0 
0 3571
0 7
cfn=(2070)
calls=1 0 
0 17381
0 2
cfn=(1612)
calls=1 0 
0 7029
0 2
cfn=(2084)
calls=1 0 
0 7842
0 17
cob=(2)
cfi=(18)
cfn=(1520)
calls=1 0 
0 46
0 14
cob=(2)
cfi=(18)
cfn=(1520)
calls=1 0 
0 64
0 7
cob=(2)
cfi=(18)
cfn=(1556)
calls=1 0 
0 1789
0 3
cob=(2)
cfi=(18)
cfn=(1566)
calls=1 0 
0 6
0 7
cob=(2)
cfi=(18)
cfn=(1570)
calls=1 0 
0 125
0 20
cob=(2)
cfi=(18)
cfn=(1556)
calls=1 0 
0 1535
0 10
cfn=(1580)
calls=1 0 
0 247
0 80
cob=(2)
cfi=(18)
cfn=(1520)
calls=11 0 
0 539
0 77
cob=(2)
cfi=(18)
cfn=(1520)
calls=11 0 
0 613
0 99
cob=(2)
cfi=(18)
cfn=(1556)
calls=11 0 
0 902
0 22
cfn=(1582)
calls=11 0 
0 2464
0 110
cfi=(190)
cfn=(1590)
calls=11 39 
0 484
0 22
cfi=(192)
cfn=(1596)
calls=11 46 
0 253
0 33
cfn=(1600)
calls=11 0 
0 330
0 22
cfn=(1602)
calls=11 0 
0 165
0 18
cob=(2)
cfi=(18)
cfn=(1506)
calls=1 0 
0 16
0 13
cfn=(1554) void* std::__any_caster<int>(std::any const*)
calls=1 0 
0 44
0 14
cfn=(1612)
calls=1 0 
0 249
0 4
cob=(2)
cfi=(18)
cfn=(1338)
calls=1 0 
0 88
0 5
cfn=(1604)
calls=1 0 
0 41296
0 7
cfn=(1614)
calls=1 0 
0 38
0 4
cfn=(1612)
calls=1 0 
0 15
0 1

fn=(1366)
0 26

fn=(1554)
0 13
cfn=(1548)
calls=1 0 
0 25
0 6

fn=(2086)
0 17
cfn=(2087) std::_Rb_tree<std::basic_string_view<char, std::char_traits<char> >, std::pair<std::basic_string_view<char, std::char_traits<char> > const, bool>, std::_Select1st<std::pair<std::basic_string_view<char, std::char_traits<char> > const, bool> >, std::less<void>, std::allocator<std::pair<std::basic_string_view<char, std::char_traits<char> > const, bool> > >::_M_erase(std::_Rb_tree_node<std::pair<std::basic_string_view<char, std::char_traits<char> > const, bool> >*)'2
calls=1 0 
0 1250
0 9
cfn=(2087)
calls=3 0 
0 644
0 12
cob=(2)
cfi=(18)
cfn=(1338)
calls=4 0 
0 432
0 14

fn=(2087)
0 137
cfn=(2087)
calls=10 0 
0 1674
0 15
cfn=(2087)
calls=5 0 
0 276
0 45
cob=(2)
cfi=(18)
cfn=(1338)
calls=15 0 
0 1618
0 79

fn=(2092) std::_Function_base::_Base_manager<argparse::ArgumentParser::ArgumentParser(std::__cxx11::basic_string<char, std::char_traits<char>, std::allocator<char> >, std::__cxx11::basic_string<char, std::char_traits<char>, std::allocator<char> >, argparse::default_arguments)::{lambda(auto:1 const&)#2}>::_M_manager(std::_Any_data&, std::_Function_base::_Base_manager<argparse::ArgumentParser::ArgumentParser(std::__cxx11::basic_string<char, std::char_traits<char>, std::allocator<char> >, std::__cxx11::basic_string<char, std::char_traits<char>, std::allocator<char> >, argparse::default_arguments)::{lambda(auto:1 const&)#2}> const&, std::_Manager_operation)
0 6

fn=(2094)
0 7

fn=(740)
0 15
cob=(2)
cfi=(18)
cfn=(742)
calls=1 0 
0 7
0 8
cfn=(746)
calls=1 0 
0 12
0 4
cfn=(752)
calls=1 0 
0 121147
0 14

fn=(1380)
0 24
cfn=(2092)
calls=1 0 
0 6
cfn=(2090)
calls=1 0 
0 6
0 10

fn=(1382)
0 112
cfn=(1312)
calls=8 0 
0 800
0 24
cob=(2)
cfi=(18)
cfn=(1384)
calls=8 0 
0 1154
0 96
cfn=(1392)
calls=8 0 
0 336
0 96

fn=(1410)
0 31
cfn=(1378)
calls=1 0 
0 7
0 7

fn=(1510)
0 29
cob=(2)
cfi=(18)
cfn=(1512)
calls=1 0 
0 2891
0 5
cob=(2)
cfi=(18)
cfn=(1512)
calls=1 0 
0 2405
0 140
cob=(2)
cfi=(18)
cfn=(1372)
calls=10 0 
0 222
0 88
cob=(2)
cfi=(18)
cfn=(1372)
calls=2 0 
0 50
0 39
cfn=(1330)
calls=1 0 
0 41
0 13
cfn=(1524)
calls=1 0 
0 888
0 20
cob=(2)
cfi=(18)
cfn=(1338)
calls=2 0 
0 176
0 11
cob=(2)
cfi=(18)
cfn=(1338)
calls=1 0 
0 88
0 45
cfn=(1316)
calls=2 0 
0 560
0 32
cob=(2)
cfi=(18)
cfn=(1338)
calls=1 0 
0 88
0 26
cob=(2)
cfi=(18)
cfn=(1520)
calls=2 0 
0 90
0 7
cob=(2)
cfi=(18)
cfn=(1324)
calls=1 0 
0 204
0 2
cob=(2)
cfi=(18)
cfn=(1324)
calls=1 0 
0 204
0 18
cob=(2)
cfi=(18)
cfn=(1520)
calls=2 0 
0 90
0 23

fn=(1538)
0 20
cob=(2)
cfi=(18)
cfn=(1338)
calls=2 0 
0 176
0 13
cob=(2)
cfi=(18)
cfn=(1338)
calls=1 0 
0 88

fn=(1606)
0 11916
cob=(2)
cfi=(18)
cfn=(1324)
calls=662 0 
0 108406
0 232676

fn=(1920)
0 27865
cfi=(193)
cfn=(1608)
calls=3680 18 
0 213636
0 14720
cfi=(193)
cfn=(1608)
calls=3680 18 
0 213815
0 17617
cob=(2)
cfi=(18)
cfn=(1324)
calls=1 0 
0 199
0 12
cfi=(193)
cfn=(1608)
calls=1 18 
0 99
0 110
cfi=(193)
cfn=(1608)
calls=22 18 
0 1418
0 92
cfi=(193)
cfn=(1608)
calls=23 18 
0 1517
0 80

fl=(195)
fn=(1624)
15 4830
+3 2070
cfi=(196) /home/reinhard/projects/fracessa/fracessa/cpp/third_party/flint-src/src/fmpq/mpq_init_set_readonly.c
cfn=(1626) flint_mpq_init_set_readonly
calls=690 -3 
* 95476
+1 1380
cob=(2)
cfi=(18)
cfn=(1642)
calls=690 -19 
* 313830
+1 690
-1 690
+1 690
cfi=(198)
cfn=(1646)
calls=690 -5 
* 121970
+2 4830

fl=(196)
fn=(1626)
15 4140
+1 690
cfi=(197)
cfn=(1628)
calls=690 +1 
* 43651
+2 690
-1 1380
+1 1380
-1 690
cfi=(197)
cfn=(1628)
calls=690 * 
* 42855

fl=(219)
fn=(1846) flint_mpz_mul
22 1519130
+7 151913
+1 151913
-8 455739
+9 151913
+2 151913
+1 151913
-3 151913
+2 151913
+1 151913
-3 151913
+2 151913
+1 151913
-3 151913
+2 151913
+1 151913
-3 151913
+5 455739
+15 281284
+2 140648
+3 140648
+1 140648
+2 281296
+2 274208
+13 35464
+9 909
-6 1818
+6 909
-5 909
+5 909
-4 909
+4 1818
+1 909
+58 1671043
-91 22542
+6 22530
-4 11265
+3 11265
+1 56325
+34 29618
+24 59016
-4 29508
+10 59016
+7 59016
fi=(224) /home/reinhard/projects/fracessa/fracessa/cpp/third_party/flint-src/./src/mpn_extras.h
-47 28294
+1 84882
-1 56588
+1 28294
cob=(2)
cfi=(18)
cfn=(1886)
calls=28294 -82 
* 3555240
* 28294
fe=(219)
+56 141470
+1 113176
+2 56588
-3 6070
+1 4856
+2 2428
fi=(224)
-42 3642
fe=(219)
+32 2428
-80 36
+1 30
cob=(2)
cfi=(18)
cfn=(1848)
calls=6 -52 
* 1056
* 870
cob=(2)
cfi=(18)
cfn=(1848)
calls=174 -52 
* 69328
* 540
fi=(224)
+48 4856
cob=(2)
cfi=(18)
cfn=(1938)
calls=1214 0 
* 99548
* 3642
fe=(219)
-7 6372
+3 10495
+1 2099
-1 8396
+2 2099
-2 2099
+3 2099
+7 10495
+1 8396
+1 2099
-2 125
+1 100
+1 25
-2 477488
+1 477488
+1 119372
-5 125
cob=(2)
cfi=(18)
cfn=(1968)
calls=25 0 
* 1025
* 75
-39 1313092
+1 119372
-1 1671208
+2 119372
-2 119372
+3 119372
-3 238744
+4 119372
+1 119372

fn=(1812)
146 5226445
+2 746635
+1 746635
+2 2986540
+2 1643288
+7 220026
+8 52390
+15 18346
+11 1898646
-38 1203236
fi=(191)
+97 601618
-38 246419
-42 662283
+2 1359825
+2 543930
fe=(219)
-9 1679065
+2 648766
+5 316515
cfi=(200)
cfn=(1728) _fmpz_new_mpz
calls=316515 74 
* 7279845
+1 316515
-1 316515
+1 949545
+14 1639725
+1 176032
+3 880160
-3 176032
cob=(2)
cfi=(18)
cfn=(1826)
calls=176032 0 
* 16212745
+3 497675
-3 99535
cob=(2)
cfi=(18)
cfn=(1826)
calls=99535 0 
* 9240058
fi=(191)
+64 108780
+1 54390
-1 54390
+1 54390
-1 54390
-22 108780
-47 161754
fe=(219)
+8 23
fi=(191)
-1 23
fe=(219)
+1 92
fi=(191)
-1 23
cfi=(226)
cfn=(1964)
calls=23 24 
* 1656
fe=(219)
-13 22860
+7 22860
+7 151913
-1 151913
+1 607652
-1 151913
cfn=(1846)
calls=151913 22 
* 17405637
-31 99535
cfi=(200)
cfn=(1726)
calls=99535 +54 
* 3613374
+1 199070
-1 99535
+1 99535
fi=(191)
+58 25658
cfi=(200)
cfn=(1726)
calls=25658 -5 
* 996663
+1 25658
-1 25658
+1 25658
+2 51316
+1 25658
+1 51316
+13 472
cfi=(200)
cfn=(1726)
calls=472 -23 
* 18408
+1 472
-1 472
+1 472
+2 944
+1 472
+1 944
fe=(219)
-50 2691
fi=(191)
-14 2691
fe=(219)
+14 10764
fi=(191)
-14 2691
cfi=(226)
cfn=(1930)
calls=2691 18 
* 174915
-4 103
cfi=(200)
cfn=(1810)
calls=103 -42 
* 3399
* 103
fe=(219)

fl=(190)
fn=(1592) _fmpq_set_si
16 1272799
+1 231418
fi=(191)
160 578545
+2 578545
+2 115709
-18 578545
+2 115709
fe=(190)
36 925672

fn=(1590)
39 347127
+1 347127
cfn=(1592)
calls=115709 -24 
* 4396942

fl=(193)
fn=(1608)
18 599810
+1 1199620
-1 2903135
+4 2903135
fi=(191)
+38 2441345
fe=(193)
-35 487547
+7 1950188
-3 92358
cfi=(200)
cfn=(1726)
calls=92358 216 
* 3403252
+1 92358
+2 184716
-3 92358
+3 92358
-2 184716
cob=(2)
cfi=(18)
cfn=(1836)
calls=92358 -30 
* 3733857
* 19183
fi=(191)
+32 722
cfi=(200)
cfn=(1810)
calls=722 +72 
* 23826
+1 1444
fe=(193)
-38 722
+7 2888

fl=(204)
fn=(1696)
173 973562
+1 973562
-1 486781
+1 1460343
cfn=(1698) _fmpq_mul
calls=486781 -77 
* 249151622

fn=(1698)
97 8293796
+1 592414
-1 1777242
+1 7162271
+7 627610
+3 513280
cfi=(219)
cfn=(1812)
calls=128320 +38 
* 20124322
+1 513280
cfi=(219)
cfn=(1812)
calls=128320 +37 
* 5989528
+60 6516554
-63 915915
cfi=(203)
cfn=(1694)
calls=305305 -89 
* 4685570
-1 610610
+7 362470
+15 81680
+24 122520
fi=(191)
-82 40840
fe=(204)
+82 81680
fi=(191)
-82 122520
fe=(204)
+82 40840
cfi=(217)
cfn=(1790)
calls=40840 18 
* 32332391
+1 245040
cfi=(217)
cfn=(1790)
calls=40840 18 
* 26900342
+2 204200
+1 40840
-1 122520
cfi=(218)
cfn=(1802)
calls=40840 19 
* 8643678
+1 163360
cfi=(218)
cfn=(1802)
calls=40840 19 
* 7989892
+2 163360
cfi=(219)
cfn=(1812)
calls=40840 -11 
* 6108934
+2 163360
cfi=(218)
cfn=(1802)
calls=40840 19 
* 10824499
+1 163360
cfi=(218)
cfn=(1802)
calls=40840 19 
* 5097616
+2 163360
cfi=(219)
cfn=(1812)
calls=40840 -16 
* 4962990
+2 40840
fi=(191)
-94 163360
fe=(204)
+95 40840
fi=(191)
-95 163360
fe=(204)
+96 181235
fi=(191)
-96 724940
fe=(204)
+97 181235
fi=(191)
-97 814762
cfi=(200)
cfn=(1810)
calls=89822 +64 
* 2964126
* 89822
fe=(204)
+30 848577
cfn=(1700) _fmpq_mul_small
calls=282859 -73 
* 44171744
+1 282859
+17 421185
fi=(191)
-49 140395
fe=(204)
+49 280790
fi=(191)
-49 140395
fe=(204)
+49 140395
cfi=(217)
cfn=(1790)
calls=140395 18 
* 64987358
+1 1123160
cfi=(218)
cfn=(1802)
calls=140395 19 
* 36810498
+1 561580
cfi=(219)
cfn=(1812)
calls=140395 +26 
* 18912514
+1 842370
cfi=(218)
cfn=(1802)
calls=140395 19 
* 31941847
+1 561580
cfi=(219)
cfn=(1812)
calls=140395 +24 
* 11035905
+2 140395
fi=(191)
-54 65679
cfi=(200)
cfn=(1810)
calls=65679 +64 
* 2167407
* 78733
cfi=(200)
cfn=(1810)
calls=13054 +64 
* 430782
* 17654
cfi=(200)
cfn=(1810)
calls=4600 +64 
* 151800
* 4600
fe=(204)

fn=(1700)
27 3537080
+4 2614426
+7 306255
+1 612510
+6 415502
+6 736701
+5 166622
+9 101842
fi=(208)
+35 37650
-16 75300
+4 37650
+1 37650
+1 37650
+1 37650
-3 37650
+1 37650
-1 37650
+2 37650
+1 37650
-2 37650
+2 37650
+1 324304
cob=(2)
cfi=(18)
cfn=(1718)
calls=35328 -92 
* 8115743
* 176640
+1 141312
-9 105984
+9 9288
-9 6966
+4 37650
+1 37650
+1 37650
+1 37650
-3 37650
+1 37650
-1 37650
+2 37650
+1 37650
-2 37650
+2 37650
+1 324304
cob=(2)
cfi=(18)
cfn=(1718)
calls=35328 -92 
* 8174863
* 176640
+1 211968
+1 70656
fe=(204)
-15 105984
+2 105984
+1 105984
+1 35328
-1 35328
+1 105984
+1 141312
+3 70656
fi=(208)
+6 13932
+1 4644
fe=(204)
-15 6966
+2 6966
+1 6966
+1 2322
-1 2322
+1 6966
+1 9288
+3 4644
fi=(191)
215 464106
+6 138050
cfi=(200)
cfn=(1726)
calls=69025 -5 
* 3704240
+1 69025
-1 69025
+1 69025
+2 138050
+1 69025
+1 69025
-11 511390
-42 874323
+2 1456860
+2 291372
fe=(204)
-85 2330976
-45 60688
+1 60688
+3 236874
-10 98504
+1 98504
+3 239503
+8 891776
+1 891776
+33 537210
fi=(191)
233 148404
-47 152100
+2 252800
+2 101120
+25 101120
+6 29628
cfi=(200)
cfn=(1726)
calls=14814 -5 
* 577746
+1 14814
-1 14814
+1 14814
+2 29628
+1 14814
+1 14814
fe=(204)
92 118512
fi=(191)
+46 237265
+2 47453
+6 237265
+2 47453
fe=(204)
-56 379624
fi=(191)
239 47004
cfi=(200)
cfn=(1726)
calls=23502 -23 
* 916578
+1 23502
-1 23502
+1 23502
+2 47004
+1 23502
+1 47004
-71 489084
+2 813605
+2 325442
fi=(208)
-77 13271
-16 26542
+4 13271
+1 13271
+2 13271
-3 13271
+1 13271
-1 13271
+2 13271
+1 13271
-2 13271
+2 13271
+1 104624
cob=(2)
cfi=(18)
cfn=(1718)
calls=12885 -92 
* 1048657
* 51540
+1 64425
fe=(204)
-24 38655
+2 38655
-1 51540
+2 64425
fi=(208)
+21 1930
fe=(204)
-24 1158
+2 1158
-1 1544
+2 1930
fi=(208)
+28 32390
-16 64780
+4 32390
+1 32390
+1 32390
+1 32390
-3 32390
+1 32390
-1 32390
+2 32390
+1 32390
-2 32390
+2 32390
+1 218650
cob=(2)
cfi=(18)
cfn=(1718)
calls=25645 -92 
* 5384930
* 102580
+1 128225
fe=(204)
-33 76935
+2 76935
-1 102580
+2 128225
fi=(208)
+30 33725
fe=(204)
-33 20235
+2 20235
-1 26980
+2 33725
+29 69
fi=(191)
+88 138
fe=(204)
-88 414
fi=(191)
+88 69
cfi=(226)
cfn=(1930)
calls=69 18 
* 4485
* 921
cfi=(226)
cfn=(1930)
calls=307 18 
* 19955
* 307
+13 420
cfi=(226)
cfn=(1964)
calls=140 24 
* 10080
* 140
fi=(208)
92 9288
fe=(204)

fl=(199)
fn=(1648)
16 1380
+1 1380
cfi=(200)
cfn=(1650) _fmpz_clear_readonly_mpz
calls=1380 276 
* 114380

fl=(200)
fn=(1810)
134 1162285
+4 1162285
-4 1162285
+1 1162285
-1 1162285
+4 1162285
-4 1162285
+6 1162285
+4 5811425
cob=(2)
cfi=(18)
cfn=(1746)
calls=1162285 0 
* 5811425
* 2324570
+21 2324570
+3 4649140
+6 3486855
+2 4649140

fn=(1726)
216 1098103
+1 2196206
+7 1098103
-7 3294309
+8 252333
-9 1691540
+3 845770
cfn=(1728)
calls=845770 74 
* 20464975
+1 3383080
+5 1691540

fn=(1650)
276 1380
+1 9660
+3 1058
cob=(2)
cfi=(18)
cfn=(1652)
calls=1058 0 
* 101270
-2 690
+4 322

fn=(1728)
74 9298280
+1 3486855
+55 4649140
+1 9298280
-75 1
+48 1
-48 1
cob=(2)
cfi=(18)
cfn=(1730)
calls=1 -56 
* 46
+26 1
+1 1
-2 1
+1 1
+1 1
+3 1
-3 1
+3 1
cfi=(214)
cfn=(1740)
calls=1 +22 
* 366
+3 1
-3 1
-18 1
+24 1
+8 1
-32 1
+32 1
-30 5
+24 1
cob=(2)
cfi=(18)
cfn=(1746)
calls=1 -94 
* 5
+8 3
-8 1
+8 1
+2 1
+2 2
+3 1
+2 4
-5 30
+3 15
+2 236
+2 48
cob=(2)
cfi=(18)
cfn=(1750)
calls=16 0 
* 3474
+6 79
+6 45
-14 15
+2 45
cob=(2)
cfi=(18)
cfn=(1750)
calls=15 0 
* 3398
+12 3
-14 1
+2 3
cob=(2)
cfi=(18)
cfn=(1750)
calls=1 0 
* 242
+6 79
+6 45
-14 45
+14 3
-14 1009
+14 1006
-12 1006
+12 2012
-14 1006
+2 2012
cob=(2)
cfi=(18)
cfn=(1750)
calls=1006 0 
* 229236
+12 2
-12 2
+12 4
-14 2
+2 4
cob=(2)
cfi=(18)
cfn=(1750)
calls=2 0 
* 528
+6 5040
+6 2016
-12 1008
+12 1008
-12 1008
+12 1008
-12 1008
cob=(2)
cfi=(18)
cfn=(1750)
calls=1008 0 
* 229705
+6 5031
+6 999
-12 999
+12 1998
-14 999
+2 1998
cob=(2)
cfi=(18)
cfn=(1750)
calls=999 0 
* 227512
+12 9
-12 9
+12 18
-14 9
+2 18
cob=(2)
cfi=(18)
cfn=(1750)
calls=9 0 
* 2758
+6 5040
+6 4032
-14 2016
+2 3024
cob=(2)
cfi=(18)
cfn=(1750)
calls=1008 0 
* 229556
+6 4032
+2 10
+1 6
cfi=(214)
cfn=(1754)
calls=2 +10 
* 1015
* 6
-18 78
+18 9
-1 45
+1 18
cfi=(214)
cfn=(1754)
calls=9 +10 
* 32602
* 28
-1 5
+1 2
cfi=(214)
cfn=(1754)
calls=1 +10 
* 170
* 4
-1 5
+1 2
cfi=(214)
cfn=(1754)
calls=1 +10 
* 308
* 5

fn=(1786)
242 3598115
+1 719623
+1 719623
+2 2158869
+2 242538
+2 242538
-2 242538
+2 485076
+13 1943028
-7 954170
+2 12
cfn=(1810)
calls=12 134 
* 396
+1 12
+4 48
-11 233854
cfn=(1810)
calls=233854 134 
* 7717182
+1 467708
+10 935416

fl=(207)
fn=(1712)
48 176482
+1 529446
+6 1058892
cfn=(1714) _fmpq_div
calls=176482 -37 
* 172806878

fn=(1714)
18 2470748
+3 176482
-3 529446
+3 1864153
fi=(191)
+48 105633
fe=(207)
-37 105633
fi=(191)
+37 105633
fe=(207)
-37 211266
cfi=(193)
cfn=(1608)
calls=105633 -14 
* 2668891
+1 528165
cfi=(193)
cfn=(1608)
calls=105633 -15 
* 6338175
+2 739431
cfi=(204)
cfn=(1698)
calls=105633 +62 
* 135937784
+2 105633
fi=(191)
+33 422532
fe=(207)
-32 105633
fi=(191)
+32 422532
fe=(207)
-30 211266
cfi=(220)
cfn=(1818)
calls=105633 -22 
* 1595981
* 211266
+5 1941302
-3 136428
cfi=(209)
cfn=(1722)
calls=45476 -25 
* 1309488
+1 136428
cfi=(209)
cfn=(1722)
calls=45476 -26 
* 1009304
* 45476
-20 141698
+3 8400
cfi=(204)
cfn=(1700)
calls=1680 +1 
* 55074
* 207507
cfi=(204)
cfn=(1700)
calls=69169 +1 
* 10996016
+1 70849
fi=(191)
+43 3136
cfi=(200)
cfn=(1810)
calls=3136 +64 
* 103488
* 54075
cfi=(200)
cfn=(1810)
calls=50939 +64 
* 1680987
* 50939
fe=(207)

fl=(209)
fn=(1722)
17 491870
+1 491870
fi=(191)
+42 53853
fe=(209)
-40 107706
fi=(191)
+40 215412
fe=(209)
-38 53853
+8 259933
-3 44521
cfi=(200)
cfn=(1726)
calls=44521 216 
* 504658
+1 44521
-1 44521
+1 44521
fi=(221)
1815 89042
+1 9580
cob=(2)
cfi=(18)
cfn=(1836)
calls=4790 0 
* 192358
+1 44521
fe=(209)
30 178084

fl=(220)
fn=(1818)
18 114109
+1 114109
+3 114109
-1 228218
+2 441776
+1 395144
+3 207214
-1 11658
-2 11658
+2 44320
+1 21004

fl=(203)
fn=(1694)
17 498092
+1 996184
+2 2988552
+1 475700
+2 29287
-3 1611808
+2 65853
-5 65853
+5 131706
cob=(2)
cfi=(18)
cfn=(1842)
calls=65853 -22 
* 1967255
* 131706
+1 65853
-1 65853
+1 65853

totals: 5458156388
